{
  "minecraft:recipes/decorations/crafting_table": {
    "criteria": {
      "unlock_right_away": "2025-11-22 20:35:05 +0800"
    },
    "done": true
  },
  "farm_and_charm:main/root": {
    "criteria": {
      "example_criterion": "2025-11-22 20:35:06 +0800"
    },
    "done": true
  },
  "minecraft:adventure/adventuring_time": {
    "criteria": {
      "minecraft:snowy_plains": "2025-12-03 09:23:42 +0800",
      "minecraft:plains": "2025-11-22 20:35:06 +0800"
    },
    "done": false
  },
  "refurbished_furniture:recipes/misc/constructing/purple_stool": {
    "criteria": {
      "has_planks": "2025-11-22 20:36:56 +0800"
    },
    "done": true
  },
  "refurbished_furniture:recipes/misc/constructing/blue_stool": {
    "criteria": {
      "has_planks": "2025-11-22 20:36:56 +0800"
    },
    "done": true
  },
  "refurbished_furniture:recipes/misc/constructing/brown_stool": {
    "criteria": {
      "has_planks": "2025-11-22 20:36:56 +0800"
    },
    "done": true
  },
  "refurbished_furniture:recipes/misc/constructing/dark_oak_chair": {
    "criteria": {
      "has_dark_oak_planks": "2025-11-22 20:36:56 +0800"
    },
    "done": true
  },
  "refurbished_furniture:recipes/misc/constructing/green_stool": {
    "criteria": {
      "has_planks": "2025-11-22 20:36:56 +0800"
    },
    "done": true
  },
  "refurbished_furniture:recipes/misc/constructing/orange_stool": {
    "criteria": {
      "has_planks": "2025-11-22 20:36:56 +0800"
    },
    "done": true
  },
  "minecraft:recipes/redstone/dark_oak_fence_gate": {
    "criteria": {
      "has_planks": "2025-11-22 20:36:56 +0800"
    },
    "done": true
  },
  "refurbished_furniture:recipes/misc/constructing/yellow_lamp": {
    "criteria": {
      "has_planks": "2025-11-22 20:36:56 +0800"
    },
    "done": true
  },
  "refurbished_furniture:recipes/misc/constructing/dark_oak_toilet": {
    "criteria": {
      "has_dark_oak_planks": "2025-11-22 20:36:56 +0800"
    },
    "done": true
  },
  "minecraft:recipes/redstone/dark_oak_trapdoor": {
    "criteria": {
      "has_planks": "2025-11-22 20:36:56 +0800"
    },
    "done": true
  },
  "refurbished_furniture:recipes/misc/constructing/black_cooler": {
    "criteria": {
      "has_planks": "2025-11-22 20:36:56 +0800"
    },
    "done": true
  },
  "refurbished_furniture:recipes/misc/constructing/lime_lamp": {
    "criteria": {
      "has_planks": "2025-11-22 20:36:56 +0800"
    },
    "done": true
  },
  "refurbished_furniture:recipes/misc/constructing/red_lamp": {
    "criteria": {
      "has_planks": "2025-11-22 20:36:56 +0800"
    },
    "done": true
  },
  "refurbished_furniture:recipes/misc/constructing/orange_lamp": {
    "criteria": {
      "has_planks": "2025-11-22 20:36:56 +0800"
    },
    "done": true
  },
  "refurbished_furniture:recipes/misc/constructing/dark_oak_basin": {
    "criteria": {
      "has_dark_oak_planks": "2025-11-22 20:36:56 +0800"
    },
    "done": true
  },
  "refurbished_furniture:recipes/misc/constructing/dark_oak_lattice_fence_gate": {
    "criteria": {
      "has_dark_oak_planks": "2025-11-22 20:36:56 +0800"
    },
    "done": true
  },
  "refurbished_furniture:recipes/misc/constructing/dark_oak_kitchen_cabinetry": {
    "criteria": {
      "has_dark_oak_planks": "2025-11-22 20:36:56 +0800"
    },
    "done": true
  },
  "refurbished_furniture:recipes/misc/constructing/magenta_cooler": {
    "criteria": {
      "has_planks": "2025-11-22 20:36:56 +0800"
    },
    "done": true
  },
  "refurbished_furniture:recipes/misc/constructing/light_blue_cooler": {
    "criteria": {
      "has_planks": "2025-11-22 20:36:56 +0800"
    },
    "done": true
  },
  "refurbished_furniture:recipes/misc/constructing/dark_oak_storage_cabinet": {
    "criteria": {
      "has_dark_oak_planks": "2025-11-22 20:36:56 +0800"
    },
    "done": true
  },
  "refurbished_furniture:recipes/misc/constructing/white_lamp": {
    "criteria": {
      "has_planks": "2025-11-22 20:36:56 +0800"
    },
    "done": true
  },
  "refurbished_furniture:recipes/misc/constructing/pink_sofa": {
    "criteria": {
      "has_planks": "2025-11-22 20:36:56 +0800"
    },
    "done": true
  },
  "refurbished_furniture:recipes/misc/constructing/dark_oak_crate": {
    "criteria": {
      "has_dark_oak_planks": "2025-11-22 20:36:56 +0800"
    },
    "done": true
  },
  "refurbished_furniture:recipes/misc/constructing/brown_lamp": {
    "criteria": {
      "has_planks": "2025-11-22 20:36:56 +0800"
    },
    "done": true
  },
  "refurbished_furniture:recipes/misc/constructing/yellow_sofa": {
    "criteria": {
      "has_planks": "2025-11-22 20:36:56 +0800"
    },
    "done": true
  },
  "refurbished_furniture:recipes/misc/constructing/orange_sofa": {
    "criteria": {
      "has_planks": "2025-11-22 20:36:56 +0800"
    },
    "done": true
  },
  "minecraft:recipes/redstone/dark_oak_button": {
    "criteria": {
      "has_planks": "2025-11-22 20:36:56 +0800"
    },
    "done": true
  },
  "minecraft:recipes/misc/stick": {
    "criteria": {
      "has_planks": "2025-11-22 20:36:56 +0800"
    },
    "done": true
  },
  "refurbished_furniture:recipes/misc/constructing/lime_sofa": {
    "criteria": {
      "has_planks": "2025-11-22 20:36:56 +0800"
    },
    "done": true
  },
  "refurbished_furniture:recipes/misc/constructing/dark_oak_table": {
    "criteria": {
      "has_dark_oak_planks": "2025-11-22 20:36:56 +0800"
    },
    "done": true
  },
  "refurbished_furniture:recipes/misc/constructing/red_cooler": {
    "criteria": {
      "has_planks": "2025-11-22 20:36:56 +0800"
    },
    "done": true
  },
  "refurbished_furniture:recipes/misc/constructing/dark_oak_kitchen_sink": {
    "criteria": {
      "has_dark_oak_planks": "2025-11-22 20:36:56 +0800"
    },
    "done": true
  },
  "refurbished_furniture:recipes/misc/constructing/dark_oak_drawer": {
    "criteria": {
      "has_dark_oak_planks": "2025-11-22 20:36:56 +0800"
    },
    "done": true
  },
  "refurbished_furniture:recipes/misc/constructing/dark_oak_bath": {
    "criteria": {
      "has_dark_oak_planks": "2025-11-22 20:36:56 +0800"
    },
    "done": true
  },
  "refurbished_furniture:recipes/misc/constructing/magenta_stool": {
    "criteria": {
      "has_planks": "2025-11-22 20:36:56 +0800"
    },
    "done": true
  },
  "refurbished_furniture:recipes/misc/constructing/dark_oak_cutting_board": {
    "criteria": {
      "has_dark_oak_planks": "2025-11-22 20:36:56 +0800"
    },
    "done": true
  },
  "refurbished_furniture:recipes/misc/constructing/green_cooler": {
    "criteria": {
      "has_planks": "2025-11-22 20:36:56 +0800"
    },
    "done": true
  },
  "refurbished_furniture:recipes/misc/workbench": {
    "criteria": {
      "has_planks": "2025-11-22 20:36:56 +0800"
    },
    "done": true
  },
  "refurbished_furniture:recipes/misc/constructing/dark_oak_kitchen_drawer": {
    "criteria": {
      "has_dark_oak_planks": "2025-11-22 20:36:56 +0800"
    },
    "done": true
  },
  "refurbished_furniture:recipes/misc/constructing/brown_sofa": {
    "criteria": {
      "has_planks": "2025-11-22 20:36:56 +0800"
    },
    "done": true
  },
  "refurbished_furniture:recipes/misc/constructing/light_blue_lamp": {
    "criteria": {
      "has_planks": "2025-11-22 20:36:56 +0800"
    },
    "done": true
  },
  "minecraft:recipes/building_blocks/dark_oak_stairs": {
    "criteria": {
      "has_planks": "2025-11-22 20:36:56 +0800"
    },
    "done": true
  },
  "refurbished_furniture:recipes/misc/constructing/blue_sofa": {
    "criteria": {
      "has_planks": "2025-11-22 20:36:56 +0800"
    },
    "done": true
  },
  "refurbished_furniture:recipes/misc/constructing/brown_cooler": {
    "criteria": {
      "has_planks": "2025-11-22 20:36:56 +0800"
    },
    "done": true
  },
  "refurbished_furniture:recipes/misc/constructing/light_blue_stool": {
    "criteria": {
      "has_planks": "2025-11-22 20:36:56 +0800"
    },
    "done": true
  },
  "refurbished_furniture:recipes/misc/constructing/dark_oak_kitchen_storage_cabinet": {
    "criteria": {
      "has_dark_oak_planks": "2025-11-22 20:36:56 +0800"
    },
    "done": true
  },
  "refurbished_furniture:recipes/misc/constructing/dark_oak_mail_box": {
    "criteria": {
      "has_dark_oak_planks": "2025-11-22 20:36:56 +0800"
    },
    "done": true
  },
  "refurbished_furniture:recipes/misc/constructing/purple_cooler": {
    "criteria": {
      "has_planks": "2025-11-22 20:36:56 +0800"
    },
    "done": true
  },
  "refurbished_furniture:recipes/misc/constructing/cyan_cooler": {
    "criteria": {
      "has_planks": "2025-11-22 20:36:56 +0800"
    },
    "done": true
  },
  "refurbished_furniture:recipes/misc/constructing/light_gray_cooler": {
    "criteria": {
      "has_planks": "2025-11-22 20:36:56 +0800"
    },
    "done": true
  },
  "refurbished_furniture:recipes/misc/constructing/white_cooler": {
    "criteria": {
      "has_planks": "2025-11-22 20:36:56 +0800"
    },
    "done": true
  },
  "minecraft:recipes/redstone/dark_oak_pressure_plate": {
    "criteria": {
      "has_planks": "2025-11-22 20:36:56 +0800"
    },
    "done": true
  },
  "refurbished_furniture:recipes/misc/constructing/dark_oak_storage_jar": {
    "criteria": {
      "has_dark_oak_planks": "2025-11-22 20:36:56 +0800"
    },
    "done": true
  },
  "refurbished_furniture:recipes/misc/constructing/red_sofa": {
    "criteria": {
      "has_planks": "2025-11-22 20:36:56 +0800"
    },
    "done": true
  },
  "minecraft:recipes/decorations/dark_oak_fence": {
    "criteria": {
      "has_planks": "2025-11-22 20:36:56 +0800"
    },
    "done": true
  },
  "refurbished_furniture:recipes/misc/constructing/blue_lamp": {
    "criteria": {
      "has_planks": "2025-11-22 20:36:56 +0800"
    },
    "done": true
  },
  "minecraft:recipes/building_blocks/dark_oak_slab": {
    "criteria": {
      "has_planks": "2025-11-22 20:36:56 +0800"
    },
    "done": true
  },
  "refurbished_furniture:recipes/misc/constructing/red_stool": {
    "criteria": {
      "has_planks": "2025-11-22 20:36:56 +0800"
    },
    "done": true
  },
  "minecraft:recipes/redstone/dark_oak_door": {
    "criteria": {
      "has_planks": "2025-11-22 20:36:56 +0800"
    },
    "done": true
  },
  "refurbished_furniture:recipes/misc/constructing/lime_stool": {
    "criteria": {
      "has_planks": "2025-11-22 20:36:56 +0800"
    },
    "done": true
  },
  "refurbished_furniture:recipes/misc/constructing/magenta_lamp": {
    "criteria": {
      "has_planks": "2025-11-22 20:36:56 +0800"
    },
    "done": true
  },
  "refurbished_furniture:recipes/misc/constructing/gray_lamp": {
    "criteria": {
      "has_planks": "2025-11-22 20:36:56 +0800"
    },
    "done": true
  },
  "refurbished_furniture:recipes/misc/constructing/light_blue_sofa": {
    "criteria": {
      "has_planks": "2025-11-22 20:36:56 +0800"
    },
    "done": true
  },
  "refurbished_furniture:recipes/misc/constructing/black_sofa": {
    "criteria": {
      "has_planks": "2025-11-22 20:36:56 +0800"
    },
    "done": true
  },
  "refurbished_furniture:recipes/misc/constructing/light_gray_sofa": {
    "criteria": {
      "has_planks": "2025-11-22 20:36:56 +0800"
    },
    "done": true
  },
  "refurbished_furniture:recipes/misc/constructing/purple_sofa": {
    "criteria": {
      "has_planks": "2025-11-22 20:36:56 +0800"
    },
    "done": true
  },
  "refurbished_furniture:recipes/misc/constructing/dark_oak_lattice_fence": {
    "criteria": {
      "has_dark_oak_planks": "2025-11-22 20:36:56 +0800"
    },
    "done": true
  },
  "refurbished_furniture:recipes/misc/constructing/gray_cooler": {
    "criteria": {
      "has_planks": "2025-11-22 20:36:56 +0800"
    },
    "done": true
  },
  "refurbished_furniture:recipes/misc/constructing/light_gray_stool": {
    "criteria": {
      "has_planks": "2025-11-22 20:36:56 +0800"
    },
    "done": true
  },
  "refurbished_furniture:recipes/misc/constructing/white_stool": {
    "criteria": {
      "has_planks": "2025-11-22 20:36:56 +0800"
    },
    "done": true
  },
  "brewery:main/root": {
    "criteria": {
      "seeds": "2025-11-22 20:36:56 +0800"
    },
    "done": true
  },
  "refurbished_furniture:recipes/misc/constructing/yellow_stool": {
    "criteria": {
      "has_planks": "2025-11-22 20:36:56 +0800"
    },
    "done": true
  },
  "refurbished_furniture:recipes/misc/constructing/black_lamp": {
    "criteria": {
      "has_planks": "2025-11-22 20:36:56 +0800"
    },
    "done": true
  },
  "refurbished_furniture:recipes/misc/constructing/post_box": {
    "criteria": {
      "has_planks": "2025-11-22 20:36:56 +0800"
    },
    "done": true
  },
  "refurbished_furniture:recipes/misc/constructing/pink_lamp": {
    "criteria": {
      "has_planks": "2025-11-22 20:36:56 +0800"
    },
    "done": true
  },
  "refurbished_furniture:recipes/misc/constructing/lime_cooler": {
    "criteria": {
      "has_planks": "2025-11-22 20:36:56 +0800"
    },
    "done": true
  },
  "refurbished_furniture:recipes/misc/constructing/gray_stool": {
    "criteria": {
      "has_planks": "2025-11-22 20:36:56 +0800"
    },
    "done": true
  },
  "refurbished_furniture:recipes/misc/constructing/green_lamp": {
    "criteria": {
      "has_planks": "2025-11-22 20:36:56 +0800"
    },
    "done": true
  },
  "refurbished_furniture:recipes/misc/constructing/magenta_sofa": {
    "criteria": {
      "has_planks": "2025-11-22 20:36:56 +0800"
    },
    "done": true
  },
  "refurbished_furniture:recipes/misc/constructing/pink_cooler": {
    "criteria": {
      "has_planks": "2025-11-22 20:36:56 +0800"
    },
    "done": true
  },
  "refurbished_furniture:recipes/misc/constructing/white_sofa": {
    "criteria": {
      "has_planks": "2025-11-22 20:36:56 +0800"
    },
    "done": true
  },
  "minecraft:recipes/decorations/barrel": {
    "criteria": {
      "has_planks": "2025-11-22 20:36:56 +0800"
    },
    "done": true
  },
  "refurbished_furniture:recipes/misc/constructing/dark_oak_desk": {
    "criteria": {
      "has_dark_oak_planks": "2025-11-22 20:36:56 +0800"
    },
    "done": true
  },
  "refurbished_furniture:recipes/misc/constructing/cyan_sofa": {
    "criteria": {
      "has_planks": "2025-11-22 20:36:56 +0800"
    },
    "done": true
  },
  "refurbished_furniture:recipes/misc/constructing/yellow_cooler": {
    "criteria": {
      "has_planks": "2025-11-22 20:36:56 +0800"
    },
    "done": true
  },
  "refurbished_furniture:recipes/misc/constructing/cyan_stool": {
    "criteria": {
      "has_planks": "2025-11-22 20:36:56 +0800"
    },
    "done": true
  },
  "refurbished_furniture:recipes/misc/constructing/black_stool": {
    "criteria": {
      "has_planks": "2025-11-22 20:36:56 +0800"
    },
    "done": true
  },
  "refurbished_furniture:recipes/misc/constructing/green_sofa": {
    "criteria": {
      "has_planks": "2025-11-22 20:36:56 +0800"
    },
    "done": true
  },
  "refurbished_furniture:recipes/misc/constructing/blue_cooler": {
    "criteria": {
      "has_planks": "2025-11-22 20:36:56 +0800"
    },
    "done": true
  },
  "minecraft:recipes/decorations/dark_oak_sign": {
    "criteria": {
      "has_planks": "2025-11-22 20:36:56 +0800"
    },
    "done": true
  },
  "refurbished_furniture:recipes/misc/constructing/dark_oak_light_ceiling_fan": {
    "criteria": {
      "has_dark_oak_planks": "2025-11-22 20:36:56 +0800"
    },
    "done": true
  },
  "refurbished_furniture:recipes/misc/constructing/orange_cooler": {
    "criteria": {
      "has_planks": "2025-11-22 20:36:56 +0800"
    },
    "done": true
  },
  "refurbished_furniture:recipes/misc/constructing/cyan_lamp": {
    "criteria": {
      "has_planks": "2025-11-22 20:36:56 +0800"
    },
    "done": true
  },
  "refurbished_furniture:recipes/misc/constructing/light_gray_lamp": {
    "criteria": {
      "has_planks": "2025-11-22 20:36:56 +0800"
    },
    "done": true
  },
  "refurbished_furniture:recipes/misc/constructing/gray_sofa": {
    "criteria": {
      "has_planks": "2025-11-22 20:36:56 +0800"
    },
    "done": true
  },
  "refurbished_furniture:recipes/misc/constructing/purple_lamp": {
    "criteria": {
      "has_planks": "2025-11-22 20:36:56 +0800"
    },
    "done": true
  },
  "farm_and_charm:main/find_wild_crops": {
    "criteria": {
      "oat": "2025-11-22 20:36:56 +0800",
      "wild_strawberry": "2025-11-22 20:36:56 +0800",
      "corn": "2025-11-22 20:36:56 +0800",
      "onion": "2025-11-22 20:36:56 +0800",
      "wild_corn": "2025-11-22 20:36:56 +0800",
      "wild_ribwort": "2025-11-22 20:36:56 +0800",
      "strawberry": "2025-11-22 20:36:56 +0800",
      "wild_nettle": "2025-11-22 20:36:56 +0800",
      "barley": "2025-11-22 20:36:56 +0800",
      "tomato": "2025-11-22 20:36:56 +0800",
      "lettuce": "2025-11-22 20:36:56 +0800",
      "wild_lettuce": "2025-11-22 20:36:56 +0800",
      "wild_tomatoes": "2025-11-22 20:36:56 +0800",
      "oat_seeds": "2025-11-22 20:36:56 +0800",
      "tomato_seeds": "2025-11-22 20:36:56 +0800",
      "barley_seeds": "2025-11-22 20:36:56 +0800",
      "strawberry_seeds": "2025-11-22 20:36:56 +0800",
      "lettuce_seeds": "2025-11-22 20:36:56 +0800",
      "kernels": "2025-11-22 20:36:56 +0800",
      "wild_barley": "2025-11-22 20:36:56 +0800",
      "wild_onion": "2025-11-22 20:36:56 +0800",
      "wild_oat": "2025-11-22 20:36:56 +0800"
    },
    "done": true
  },
  "refurbished_furniture:recipes/misc/constructing/pink_stool": {
    "criteria": {
      "has_planks": "2025-11-22 20:36:56 +0800"
    },
    "done": true
  },
  "xercapaint:recipes/item_canvas_long": {
    "criteria": {
      "has_item": "2025-11-22 20:40:26 +0800"
    },
    "done": true
  },
  "xercapaint:recipes/item_canvas_tall": {
    "criteria": {
      "has_item": "2025-11-22 20:40:26 +0800"
    },
    "done": true
  },
  "xercapaint:recipes/item_canvas_large_alt": {
    "criteria": {
      "has_the_recipe": "2025-11-22 20:40:26 +0800"
    },
    "done": true
  },
  "xercapaint:recipes/item_canvas_large_alt_alt": {
    "criteria": {
      "has_the_recipe": "2025-11-22 20:40:26 +0800"
    },
    "done": true
  },
  "xercapaint:recipes/item_canvas_large": {
    "criteria": {
      "has_item": "2025-11-22 20:40:26 +0800"
    },
    "done": true
  },
  "net_music_list:recipes/misc/music_player": {
    "criteria": {
      "has_cd": "2025-11-22 20:41:42 +0800"
    },
    "done": true
  },
  "net_music_list:recipes/misc/music_player1": {
    "criteria": {
      "has_cd": "2025-11-22 20:41:42 +0800"
    },
    "done": true
  },
  "minecraft:husbandry/root": {
    "criteria": {
      "consumed_item": "2025-11-22 20:42:47 +0800"
    },
    "done": true
  },
  "minecraft:recipes/misc/firework_rocket_simple": {
    "criteria": {
      "has_gunpowder": "2025-11-22 20:45:10 +0800"
    },
    "done": true
  },
  "minecraft:recipes/redstone/tnt": {
    "criteria": {
      "has_gunpowder": "2025-11-22 20:45:10 +0800"
    },
    "done": true
  },
  "minecraft:recipes/decorations/snow": {
    "criteria": {
      "has_snowball": "2025-11-22 20:46:42 +0800"
    },
    "done": true
  },
  "minecraft:recipes/building_blocks/snow_block": {
    "criteria": {
      "has_snowball": "2025-11-22 20:46:42 +0800"
    },
    "done": true
  },
  "minecraft:recipes/decorations/chest": {
    "criteria": {
      "has_lots_of_items": "2025-11-22 20:47:47 +0800"
    },
    "done": true
  },
  "webdisplays:screen": {
    "criteria": {
      "has_screen": "2025-11-22 21:58:47 +0800"
    },
    "done": true
  },
  "minecraft:recipes/decorations/ladder": {
    "criteria": {
      "has_stick": "2025-11-22 22:13:52 +0800"
    },
    "done": true
  },
  "refurbished_furniture:recipes/misc/constructing/crimson_lattice_fence": {
    "criteria": {
      "has_stick": "2025-11-22 22:13:52 +0800"
    },
    "done": true
  },
  "refurbished_furniture:recipes/misc/constructing/jungle_lattice_fence": {
    "criteria": {
      "has_stick": "2025-11-22 22:13:52 +0800"
    },
    "done": true
  },
  "refurbished_furniture:recipes/misc/constructing/spruce_lattice_fence_gate": {
    "criteria": {
      "has_stick": "2025-11-22 22:13:52 +0800"
    },
    "done": true
  },
  "minecraft:recipes/tools/wooden_axe": {
    "criteria": {
      "has_stick": "2025-11-22 22:13:52 +0800"
    },
    "done": true
  },
  "refurbished_furniture:recipes/misc/constructing/spruce_lattice_fence": {
    "criteria": {
      "has_stick": "2025-11-22 22:13:52 +0800"
    },
    "done": true
  },
  "refurbished_furniture:recipes/misc/constructing/crimson_lattice_fence_gate": {
    "criteria": {
      "has_stick": "2025-11-22 22:13:52 +0800"
    },
    "done": true
  },
  "xercapaint:recipes/item_easel": {
    "criteria": {
      "has_item": "2025-11-22 22:13:52 +0800"
    },
    "done": true
  },
  "refurbished_furniture:recipes/misc/constructing/oak_lattice_fence_gate": {
    "criteria": {
      "has_stick": "2025-11-22 22:13:52 +0800"
    },
    "done": true
  },
  "refurbished_furniture:recipes/misc/constructing/birch_lattice_fence": {
    "criteria": {
      "has_stick": "2025-11-22 22:13:52 +0800"
    },
    "done": true
  },
  "refurbished_furniture:recipes/misc/constructing/cherry_lattice_fence": {
    "criteria": {
      "has_stick": "2025-11-22 22:13:52 +0800"
    },
    "done": true
  },
  "refurbished_furniture:recipes/misc/constructing/warped_lattice_fence_gate": {
    "criteria": {
      "has_stick": "2025-11-22 22:13:52 +0800"
    },
    "done": true
  },
  "minecraft:recipes/decorations/campfire": {
    "criteria": {
      "has_stick": "2025-11-22 22:13:52 +0800"
    },
    "done": true
  },
  "minecraft:recipes/tools/wooden_hoe": {
    "criteria": {
      "has_stick": "2025-11-22 22:13:52 +0800"
    },
    "done": true
  },
  "refurbished_furniture:recipes/misc/constructing/oak_lattice_fence": {
    "criteria": {
      "has_stick": "2025-11-22 22:13:52 +0800"
    },
    "done": true
  },
  "minecraft:recipes/tools/wooden_pickaxe": {
    "criteria": {
      "has_stick": "2025-11-22 22:13:52 +0800"
    },
    "done": true
  },
  "refurbished_furniture:recipes/misc/constructing/acacia_lattice_fence": {
    "criteria": {
      "has_stick": "2025-11-22 22:13:52 +0800"
    },
    "done": true
  },
  "refurbished_furniture:recipes/misc/constructing/mangrove_lattice_fence": {
    "criteria": {
      "has_stick": "2025-11-22 22:13:52 +0800"
    },
    "done": true
  },
  "refurbished_furniture:recipes/misc/constructing/cherry_lattice_fence_gate": {
    "criteria": {
      "has_stick": "2025-11-22 22:13:52 +0800"
    },
    "done": true
  },
  "minecraft:recipes/tools/wooden_shovel": {
    "criteria": {
      "has_stick": "2025-11-22 22:13:52 +0800"
    },
    "done": true
  },
  "refurbished_furniture:recipes/misc/constructing/acacia_lattice_fence_gate": {
    "criteria": {
      "has_stick": "2025-11-22 22:13:52 +0800"
    },
    "done": true
  },
  "minecraft:recipes/combat/wooden_sword": {
    "criteria": {
      "has_stick": "2025-11-22 22:13:52 +0800"
    },
    "done": true
  },
  "refurbished_furniture:recipes/misc/constructing/warped_lattice_fence": {
    "criteria": {
      "has_stick": "2025-11-22 22:13:52 +0800"
    },
    "done": true
  },
  "refurbished_furniture:recipes/misc/constructing/mangrove_lattice_fence_gate": {
    "criteria": {
      "has_stick": "2025-11-22 22:13:52 +0800"
    },
    "done": true
  },
  "refurbished_furniture:recipes/misc/constructing/birch_lattice_fence_gate": {
    "criteria": {
      "has_stick": "2025-11-22 22:13:52 +0800"
    },
    "done": true
  },
  "refurbished_furniture:recipes/misc/constructing/jungle_lattice_fence_gate": {
    "criteria": {
      "has_stick": "2025-11-22 22:13:52 +0800"
    },
    "done": true
  },
  "minecraft:story/root": {
    "criteria": {
      "crafting_table": "2025-11-22 22:14:01 +0800"
    },
    "done": true
  },
  "minecraft:recipes/misc/charcoal": {
    "criteria": {
      "has_log": "2025-11-22 22:49:29 +0800"
    },
    "done": true
  },
  "minecraft:recipes/building_blocks/oak_planks": {
    "criteria": {
      "has_logs": "2025-11-22 22:49:29 +0800"
    },
    "done": true
  },
  "minecraft:recipes/building_blocks/oak_wood": {
    "criteria": {
      "has_log": "2025-11-22 22:49:29 +0800"
    },
    "done": true
  },
  "minecraft:recipes/decorations/spruce_hanging_sign": {
    "criteria": {
      "has_stripped_logs": "2025-11-22 22:52:16 +0800"
    },
    "done": true
  },
  "minecraft:recipes/building_blocks/stripped_spruce_wood": {
    "criteria": {
      "has_log": "2025-11-22 22:52:16 +0800"
    },
    "done": true
  },
  "minecraft:recipes/building_blocks/spruce_planks": {
    "criteria": {
      "has_logs": "2025-11-22 22:52:16 +0800"
    },
    "done": true
  },
  "refurbished_furniture:recipes/misc/constructing/spruce_table": {
    "criteria": {
      "has_spruce_planks": "2025-11-22 23:03:53 +0800"
    },
    "done": true
  },
  "refurbished_furniture:recipes/misc/constructing/spruce_kitchen_cabinetry": {
    "criteria": {
      "has_spruce_planks": "2025-11-22 23:03:53 +0800"
    },
    "done": true
  },
  "refurbished_furniture:recipes/misc/constructing/spruce_kitchen_sink": {
    "criteria": {
      "has_spruce_planks": "2025-11-22 23:03:53 +0800"
    },
    "done": true
  },
  "minecraft:recipes/decorations/spruce_sign": {
    "criteria": {
      "has_planks": "2025-11-22 23:03:53 +0800"
    },
    "done": true
  },
  "refurbished_furniture:recipes/misc/constructing/spruce_kitchen_drawer": {
    "criteria": {
      "has_spruce_planks": "2025-11-22 23:03:53 +0800"
    },
    "done": true
  },
  "refurbished_furniture:recipes/misc/constructing/spruce_kitchen_storage_cabinet": {
    "criteria": {
      "has_spruce_planks": "2025-11-22 23:03:53 +0800"
    },
    "done": true
  },
  "refurbished_furniture:recipes/misc/constructing/spruce_bath": {
    "criteria": {
      "has_spruce_planks": "2025-11-22 23:03:53 +0800"
    },
    "done": true
  },
  "refurbished_furniture:recipes/misc/constructing/spruce_storage_jar": {
    "criteria": {
      "has_spruce_planks": "2025-11-22 23:03:53 +0800"
    },
    "done": true
  },
  "refurbished_furniture:recipes/misc/constructing/spruce_light_ceiling_fan": {
    "criteria": {
      "has_spruce_planks": "2025-11-22 23:03:53 +0800"
    },
    "done": true
  },
  "minecraft:recipes/decorations/spruce_fence": {
    "criteria": {
      "has_planks": "2025-11-22 23:03:53 +0800"
    },
    "done": true
  },
  "minecraft:recipes/building_blocks/spruce_slab": {
    "criteria": {
      "has_planks": "2025-11-22 23:03:53 +0800"
    },
    "done": true
  },
  "refurbished_furniture:recipes/misc/constructing/spruce_cutting_board": {
    "criteria": {
      "has_spruce_planks": "2025-11-22 23:03:53 +0800"
    },
    "done": true
  },
  "refurbished_furniture:recipes/misc/constructing/spruce_toilet": {
    "criteria": {
      "has_spruce_planks": "2025-11-22 23:03:53 +0800"
    },
    "done": true
  },
  "minecraft:recipes/redstone/spruce_button": {
    "criteria": {
      "has_planks": "2025-11-22 23:03:53 +0800"
    },
    "done": true
  },
  "refurbished_furniture:recipes/misc/constructing/spruce_mail_box": {
    "criteria": {
      "has_spruce_planks": "2025-11-22 23:03:53 +0800"
    },
    "done": true
  },
  "refurbished_furniture:recipes/misc/constructing/spruce_basin": {
    "criteria": {
      "has_spruce_planks": "2025-11-22 23:03:53 +0800"
    },
    "done": true
  },
  "minecraft:recipes/redstone/spruce_pressure_plate": {
    "criteria": {
      "has_planks": "2025-11-22 23:03:53 +0800"
    },
    "done": true
  },
  "refurbished_furniture:recipes/misc/constructing/spruce_crate": {
    "criteria": {
      "has_spruce_planks": "2025-11-22 23:03:53 +0800"
    },
    "done": true
  },
  "minecraft:recipes/redstone/spruce_trapdoor": {
    "criteria": {
      "has_planks": "2025-11-22 23:03:53 +0800"
    },
    "done": true
  },
  "minecraft:recipes/redstone/spruce_door": {
    "criteria": {
      "has_planks": "2025-11-22 23:03:53 +0800"
    },
    "done": true
  },
  "minecraft:recipes/redstone/spruce_fence_gate": {
    "criteria": {
      "has_planks": "2025-11-22 23:03:53 +0800"
    },
    "done": true
  },
  "refurbished_furniture:recipes/misc/constructing/spruce_desk": {
    "criteria": {
      "has_spruce_planks": "2025-11-22 23:03:53 +0800"
    },
    "done": true
  },
  "refurbished_furniture:recipes/misc/constructing/spruce_storage_cabinet": {
    "criteria": {
      "has_spruce_planks": "2025-11-22 23:03:53 +0800"
    },
    "done": true
  },
  "refurbished_furniture:recipes/misc/constructing/spruce_chair": {
    "criteria": {
      "has_spruce_planks": "2025-11-22 23:03:53 +0800"
    },
    "done": true
  },
  "minecraft:recipes/building_blocks/spruce_stairs": {
    "criteria": {
      "has_planks": "2025-11-22 23:03:53 +0800"
    },
    "done": true
  },
  "refurbished_furniture:recipes/misc/constructing/spruce_drawer": {
    "criteria": {
      "has_spruce_planks": "2025-11-22 23:03:53 +0800"
    },
    "done": true
  },
  "minecraft:recipes/decorations/composter": {
    "criteria": {
      "has_wood_slab": "2025-11-22 23:13:04 +0800"
    },
    "done": true
  },
  "minecraft:recipes/decorations/lime_stained_glass_pane_from_glass_pane": {
    "criteria": {
      "has_glass_pane": "2025-11-22 23:15:24 +0800"
    },
    "done": true
  },
  "minecraft:recipes/decorations/purple_stained_glass_pane_from_glass_pane": {
    "criteria": {
      "has_glass_pane": "2025-11-22 23:15:24 +0800"
    },
    "done": true
  },
  "minecraft:recipes/decorations/blue_stained_glass_pane_from_glass_pane": {
    "criteria": {
      "has_glass_pane": "2025-11-22 23:15:24 +0800"
    },
    "done": true
  },
  "minecraft:recipes/decorations/light_gray_stained_glass_pane_from_glass_pane": {
    "criteria": {
      "has_glass_pane": "2025-11-22 23:15:24 +0800"
    },
    "done": true
  },
  "minecraft:recipes/decorations/orange_stained_glass_pane_from_glass_pane": {
    "criteria": {
      "has_glass_pane": "2025-11-22 23:15:24 +0800"
    },
    "done": true
  },
  "minecraft:recipes/decorations/light_blue_stained_glass_pane_from_glass_pane": {
    "criteria": {
      "has_glass_pane": "2025-11-22 23:15:24 +0800"
    },
    "done": true
  },
  "minecraft:recipes/decorations/green_stained_glass_pane_from_glass_pane": {
    "criteria": {
      "has_glass_pane": "2025-11-22 23:15:24 +0800"
    },
    "done": true
  },
  "webdisplays:root": {
    "criteria": {
      "has_glass_pane": "2025-11-22 23:15:24 +0800"
    },
    "done": true
  },
  "minecraft:recipes/decorations/pink_stained_glass_pane_from_glass_pane": {
    "criteria": {
      "has_glass_pane": "2025-11-22 23:15:24 +0800"
    },
    "done": true
  },
  "minecraft:recipes/decorations/white_stained_glass_pane_from_glass_pane": {
    "criteria": {
      "has_glass_pane": "2025-11-22 23:15:24 +0800"
    },
    "done": true
  },
  "minecraft:recipes/decorations/gray_stained_glass_pane_from_glass_pane": {
    "criteria": {
      "has_glass_pane": "2025-11-22 23:15:24 +0800"
    },
    "done": true
  },
  "minecraft:recipes/decorations/black_stained_glass_pane_from_glass_pane": {
    "criteria": {
      "has_glass_pane": "2025-11-22 23:15:24 +0800"
    },
    "done": true
  },
  "minecraft:recipes/decorations/yellow_stained_glass_pane_from_glass_pane": {
    "criteria": {
      "has_glass_pane": "2025-11-22 23:15:24 +0800"
    },
    "done": true
  },
  "minecraft:recipes/decorations/brown_stained_glass_pane_from_glass_pane": {
    "criteria": {
      "has_glass_pane": "2025-11-22 23:15:24 +0800"
    },
    "done": true
  },
  "minecraft:recipes/decorations/red_stained_glass_pane_from_glass_pane": {
    "criteria": {
      "has_glass_pane": "2025-11-22 23:15:24 +0800"
    },
    "done": true
  },
  "minecraft:recipes/decorations/magenta_stained_glass_pane_from_glass_pane": {
    "criteria": {
      "has_glass_pane": "2025-11-22 23:15:24 +0800"
    },
    "done": true
  },
  "minecraft:recipes/decorations/cyan_stained_glass_pane_from_glass_pane": {
    "criteria": {
      "has_glass_pane": "2025-11-22 23:15:24 +0800"
    },
    "done": true
  },
  "brewery:main/get_whiskey_hadarilabel": {
    "criteria": {
      "whiskey_carrasconlabel": "2025-11-22 23:18:08 +0800"
    },
    "done": true
  },
  "brewery:main/get_whiskey_teras_malt": {
    "criteria": {
      "whiskey_jamesons_malt": "2025-11-22 23:18:13 +0800"
    },
    "done": true
  },
  "brewery:main/get_whiskey_ak": {
    "criteria": {
      "whiskey_ak": "2025-11-22 23:18:19 +0800"
    },
    "done": true
  },
  "brewery:main/get_whiskey_cristelwalker": {
    "criteria": {
      "whiskey_cristelwalker": "2025-11-22 23:18:22 +0800"
    },
    "done": true
  },
  "minecraft:recipes/decorations/glow_item_frame": {
    "criteria": {
      "has_item_frame": "2025-11-22 23:19:43 +0800"
    },
    "done": true
  },
  "brewery:main/get_beer_barley": {
    "criteria": {
      "beer_barley": "2025-11-22 23:20:08 +0800"
    },
    "done": true
  },
  "brewery:main/netherite_brewmaster": {
    "criteria": {
      "brewing_station": "2025-11-22 23:21:00 +0800"
    },
    "done": true
  },
  "brewery:main/get_whiskey_maggoallan": {
    "criteria": {
      "whiskey_maggoallan": "2025-11-22 23:21:22 +0800"
    },
    "done": true
  },
  "brewery:main/get_beer_haley": {
    "criteria": {
      "beer_haley": "2025-11-22 23:21:36 +0800"
    },
    "done": true
  },
  "webdisplays:link_peripheral": {
    "criteria": {
      "link_peripheral": "2025-11-22 23:24:41 +0800"
    },
    "done": true
  },
  "webdisplays:upgrade": {
    "criteria": {
      "upgrade_screen": "2025-11-22 23:25:33 +0800"
    },
    "done": true
  },
  "brewery:main/get_whiskey_jojannik": {
    "criteria": {
      "whiskey_jojannik": "2025-11-22 23:30:33 +0800"
    },
    "done": true
  },
  "brewery:main/get_beer_nettle": {
    "criteria": {
      "beer_nettle": "2025-11-22 23:30:39 +0800"
    },
    "done": true
  },
  "brewery:main/get_beer_wheat": {
    "criteria": {
      "beer_wheat": "2025-11-22 23:30:40 +0800"
    },
    "done": true
  },
  "brewery:main/get_beer_hops": {
    "criteria": {
      "beer_hops": "2025-11-22 23:30:43 +0800"
    },
    "done": true
  },
  "brewery:main/eat_everything": {
    "criteria": {
      "dumplings": "2025-12-03 10:40:36 +0800",
      "pretzel": "2025-11-22 23:35:17 +0800",
      "fried_chicken": "2025-11-23 01:19:25 +0800"
    },
    "done": false
  },
  "refurbished_furniture:recipes/decorations/oak_dark_ceiling_fan": {
    "criteria": {
      "has_ceiling_fan": "2025-11-22 23:37:17 +0800"
    },
    "done": true
  },
  "refurbished_furniture:recipes/misc/constructing/oak_dark_ceiling_fan": {
    "criteria": {
      "has_oak_light_ceiling_fan": "2025-11-22 23:37:17 +0800"
    },
    "done": true
  },
  "refurbished_furniture:recipes/misc/constructing/dark_microwave": {
    "criteria": {
      "has_light_microwave": "2025-11-22 23:37:56 +0800"
    },
    "done": true
  },
  "refurbished_furniture:recipes/decorations/dark_microwave": {
    "criteria": {
      "has_microwave": "2025-11-22 23:37:56 +0800"
    },
    "done": true
  },
  "minecraft:recipes/misc/coal": {
    "criteria": {
      "has_coal_block": "2025-11-22 23:38:42 +0800"
    },
    "done": true
  },
  "minecraft:end/elytra": {
    "criteria": {
      "elytra": "2025-11-22 23:57:33 +0800"
    },
    "done": true
  },
  "farm_and_charm:recipes/carrot_bag": {
    "criteria": {
      "has_carrot": "2025-11-22 23:58:44 +0800"
    },
    "done": true
  },
  "minecraft:recipes/transportation/carrot_on_a_stick": {
    "criteria": {
      "has_carrot": "2025-11-22 23:58:44 +0800"
    },
    "done": true
  },
  "minecraft:adventure/root": {
    "criteria": {
      "killed_something": "2025-11-22 23:58:44 +0800"
    },
    "done": true
  },
  "minecraft:recipes/transportation/spruce_chest_boat": {
    "criteria": {
      "has_boat": "2025-11-22 23:59:51 +0800"
    },
    "done": true
  },
  "minecraft:recipes/transportation/jungle_chest_boat": {
    "criteria": {
      "has_boat": "2025-11-22 23:59:51 +0800"
    },
    "done": true
  },
  "minecraft:recipes/transportation/acacia_chest_boat": {
    "criteria": {
      "has_boat": "2025-11-22 23:59:51 +0800"
    },
    "done": true
  },
  "minecraft:recipes/transportation/mangrove_chest_boat": {
    "criteria": {
      "has_boat": "2025-11-22 23:59:51 +0800"
    },
    "done": true
  },
  "minecraft:recipes/transportation/oak_chest_boat": {
    "criteria": {
      "has_boat": "2025-11-22 23:59:51 +0800"
    },
    "done": true
  },
  "minecraft:recipes/transportation/cherry_chest_boat": {
    "criteria": {
      "has_boat": "2025-11-22 23:59:51 +0800"
    },
    "done": true
  },
  "minecraft:recipes/transportation/birch_chest_boat": {
    "criteria": {
      "has_boat": "2025-11-22 23:59:51 +0800"
    },
    "done": true
  },
  "minecraft:recipes/transportation/dark_oak_chest_boat": {
    "criteria": {
      "has_boat": "2025-11-22 23:59:51 +0800"
    },
    "done": true
  },
  "minecraft:recipes/transportation/bamboo_chest_raft": {
    "criteria": {
      "has_boat": "2025-11-22 23:59:51 +0800"
    },
    "done": true
  },
  "minecraft:recipes/redstone/dispenser": {
    "criteria": {
      "has_bow": "2025-11-23 00:01:33 +0800"
    },
    "done": true
  },
  "minecraft:recipes/food/cake": {
    "criteria": {
      "has_egg": "2025-11-23 00:04:01 +0800"
    },
    "done": true
  },
  "brewery:main/get_beer_oat": {
    "criteria": {
      "beer_oat": "2025-11-23 00:46:16 +0800"
    },
    "done": true
  },
  "brewery:main/get_whiskey_lilitusinglemalt": {
    "criteria": {
      "whiskey_lilitusinglemalt": "2025-11-23 00:46:20 +0800"
    },
    "done": true
  },
  "brewery:main/get_whiskey_highland_hearth": {
    "criteria": {
      "whiskey_highland_hearth": "2025-11-23 00:46:43 +0800"
    },
    "done": true
  },
  "brewery:main/get_whiskey_smokey_reverie": {
    "criteria": {
      "whiskey_smokey_reverie": "2025-11-23 00:46:46 +0800"
    },
    "done": true
  },
  "refurbished_furniture:recipes/decorations/birch_dark_ceiling_fan": {
    "criteria": {
      "has_ceiling_fan": "2025-11-23 01:08:33 +0800"
    },
    "done": true
  },
  "refurbished_furniture:recipes/misc/constructing/birch_dark_ceiling_fan": {
    "criteria": {
      "has_birch_light_ceiling_fan": "2025-11-23 01:08:33 +0800"
    },
    "done": true
  },
  "farm_and_charm:main/place_water_sprinkler": {
    "criteria": {
      "water_sprinkler": "2025-11-23 01:15:40 +0800"
    },
    "done": true
  },
  "farm_and_charm:main/place_feeding_trough": {
    "criteria": {
      "place_feeding_trough": "2025-11-23 01:15:58 +0800"
    },
    "done": true
  },
  "refurbished_furniture:recipes/misc/constructing/lime_toilet": {
    "criteria": {
      "has_toilets": "2025-11-23 01:24:36 +0800"
    },
    "done": true
  },
  "refurbished_furniture:recipes/misc/constructing/pink_toilet": {
    "criteria": {
      "has_toilets": "2025-11-23 01:24:36 +0800"
    },
    "done": true
  },
  "refurbished_furniture:recipes/misc/constructing/white_toilet": {
    "criteria": {
      "has_toilets": "2025-11-23 01:24:36 +0800"
    },
    "done": true
  },
  "refurbished_furniture:recipes/misc/constructing/red_toilet": {
    "criteria": {
      "has_toilets": "2025-11-23 01:24:36 +0800"
    },
    "done": true
  },
  "refurbished_furniture:recipes/decorations/blue_toilet": {
    "criteria": {
      "has_ceiling_fan": "2025-11-23 01:24:36 +0800"
    },
    "done": true
  },
  "refurbished_furniture:recipes/misc/constructing/gray_toilet": {
    "criteria": {
      "has_toilets": "2025-11-23 01:24:36 +0800"
    },
    "done": true
  },
  "refurbished_furniture:recipes/decorations/orange_toilet": {
    "criteria": {
      "has_ceiling_fan": "2025-11-23 01:24:36 +0800"
    },
    "done": true
  },
  "refurbished_furniture:recipes/misc/constructing/light_blue_toilet": {
    "criteria": {
      "has_toilets": "2025-11-23 01:24:36 +0800"
    },
    "done": true
  },
  "refurbished_furniture:recipes/decorations/purple_toilet": {
    "criteria": {
      "has_ceiling_fan": "2025-11-23 01:24:36 +0800"
    },
    "done": true
  },
  "refurbished_furniture:recipes/misc/constructing/yellow_toilet": {
    "criteria": {
      "has_toilets": "2025-11-23 01:24:36 +0800"
    },
    "done": true
  },
  "refurbished_furniture:recipes/decorations/black_toilet": {
    "criteria": {
      "has_ceiling_fan": "2025-11-23 01:24:36 +0800"
    },
    "done": true
  },
  "refurbished_furniture:recipes/misc/constructing/blue_toilet": {
    "criteria": {
      "has_toilets": "2025-11-23 01:24:36 +0800"
    },
    "done": true
  },
  "refurbished_furniture:recipes/misc/constructing/magenta_toilet": {
    "criteria": {
      "has_toilets": "2025-11-23 01:24:36 +0800"
    },
    "done": true
  },
  "refurbished_furniture:recipes/decorations/light_blue_toilet": {
    "criteria": {
      "has_ceiling_fan": "2025-11-23 01:24:36 +0800"
    },
    "done": true
  },
  "refurbished_furniture:recipes/decorations/light_gray_toilet": {
    "criteria": {
      "has_ceiling_fan": "2025-11-23 01:24:36 +0800"
    },
    "done": true
  },
  "refurbished_furniture:recipes/misc/constructing/black_toilet": {
    "criteria": {
      "has_toilets": "2025-11-23 01:24:36 +0800"
    },
    "done": true
  },
  "refurbished_furniture:recipes/misc/constructing/brown_toilet": {
    "criteria": {
      "has_toilets": "2025-11-23 01:24:36 +0800"
    },
    "done": true
  },
  "refurbished_furniture:recipes/decorations/cyan_toilet": {
    "criteria": {
      "has_ceiling_fan": "2025-11-23 01:24:36 +0800"
    },
    "done": true
  },
  "refurbished_furniture:recipes/misc/constructing/green_toilet": {
    "criteria": {
      "has_toilets": "2025-11-23 01:24:36 +0800"
    },
    "done": true
  },
  "refurbished_furniture:recipes/misc/constructing/orange_toilet": {
    "criteria": {
      "has_toilets": "2025-11-23 01:24:36 +0800"
    },
    "done": true
  },
  "refurbished_furniture:recipes/misc/constructing/light_gray_toilet": {
    "criteria": {
      "has_toilets": "2025-11-23 01:24:36 +0800"
    },
    "done": true
  },
  "refurbished_furniture:recipes/decorations/red_toilet": {
    "criteria": {
      "has_ceiling_fan": "2025-11-23 01:24:36 +0800"
    },
    "done": true
  },
  "refurbished_furniture:recipes/decorations/white_toilet": {
    "criteria": {
      "has_ceiling_fan": "2025-11-23 01:24:36 +0800"
    },
    "done": true
  },
  "refurbished_furniture:recipes/decorations/green_toilet": {
    "criteria": {
      "has_ceiling_fan": "2025-11-23 01:24:36 +0800"
    },
    "done": true
  },
  "refurbished_furniture:recipes/decorations/brown_toilet": {
    "criteria": {
      "has_ceiling_fan": "2025-11-23 01:24:36 +0800"
    },
    "done": true
  },
  "refurbished_furniture:recipes/misc/constructing/purple_toilet": {
    "criteria": {
      "has_toilets": "2025-11-23 01:24:36 +0800"
    },
    "done": true
  },
  "refurbished_furniture:recipes/misc/constructing/cyan_toilet": {
    "criteria": {
      "has_toilets": "2025-11-23 01:24:36 +0800"
    },
    "done": true
  },
  "refurbished_furniture:recipes/decorations/pink_toilet": {
    "criteria": {
      "has_ceiling_fan": "2025-11-23 01:24:36 +0800"
    },
    "done": true
  },
  "refurbished_furniture:recipes/decorations/yellow_toilet": {
    "criteria": {
      "has_ceiling_fan": "2025-11-23 01:24:36 +0800"
    },
    "done": true
  },
  "refurbished_furniture:recipes/decorations/gray_toilet": {
    "criteria": {
      "has_ceiling_fan": "2025-11-23 01:24:36 +0800"
    },
    "done": true
  },
  "refurbished_furniture:recipes/decorations/magenta_toilet": {
    "criteria": {
      "has_ceiling_fan": "2025-11-23 01:24:36 +0800"
    },
    "done": true
  },
  "refurbished_furniture:recipes/decorations/lime_toilet": {
    "criteria": {
      "has_ceiling_fan": "2025-11-23 01:24:36 +0800"
    },
    "done": true
  },
  "minecraft:recipes/redstone/redstone": {
    "criteria": {
      "has_redstone_block": "2025-11-23 01:26:21 +0800"
    },
    "done": true
  },
  "school:school_mod": {
    "criteria": {
      "school_mod_0": "2025-12-03 08:21:19 +0800"
    },
    "done": true
  },
  "yuushya:recipes/pictor": {
    "criteria": {
      "has_iron_ingot": "2025-12-03 08:21:19 +0800"
    },
    "done": true
  },
  "candlelight:main/root": {
    "criteria": {
      "seeds": "2025-12-03 08:21:19 +0800"
    },
    "done": true
  },
  "school:wake_up": {
    "criteria": {
      "wake_up_0": "2025-12-03 08:29:37 +0800"
    },
    "done": true
  },
  "school:time_changed": {
    "criteria": {
      "time_changed_0": "2025-12-03 08:30:28 +0800"
    },
    "done": true
  },
  "minecraft:recipes/building_blocks/spruce_wood": {
    "criteria": {
      "has_log": "2025-12-03 08:32:42 +0800"
    },
    "done": true
  },
  "refurbished_furniture:recipes/misc/constructing/spruce_hedge": {
    "criteria": {
      "has_spruce_leaves": "2025-12-03 08:33:07 +0800"
    },
    "done": true
  },
  "minecraft:story/lava_bucket": {
    "criteria": {
      "lava_bucket": "2025-12-03 08:42:54 +0800"
    },
    "done": true
  },
  "refurbished_furniture:recipes/misc/constructing/oak_light_ceiling_fan": {
    "criteria": {
      "has_glowstone_dust": "2025-12-03 08:53:31 +0800"
    },
    "done": true
  },
  "refurbished_furniture:recipes/misc/constructing/crimson_light_ceiling_fan": {
    "criteria": {
      "has_glowstone_dust": "2025-12-03 08:53:31 +0800"
    },
    "done": true
  },
  "refurbished_furniture:recipes/misc/constructing/acacia_light_ceiling_fan": {
    "criteria": {
      "has_glowstone_dust": "2025-12-03 08:53:31 +0800"
    },
    "done": true
  },
  "refurbished_furniture:recipes/misc/constructing/warped_light_ceiling_fan": {
    "criteria": {
      "has_glowstone_dust": "2025-12-03 08:53:31 +0800"
    },
    "done": true
  },
  "refurbished_furniture:recipes/misc/constructing/jungle_light_ceiling_fan": {
    "criteria": {
      "has_glowstone_dust": "2025-12-03 08:53:31 +0800"
    },
    "done": true
  },
  "refurbished_furniture:recipes/misc/constructing/mangrove_light_ceiling_fan": {
    "criteria": {
      "has_glowstone_dust": "2025-12-03 08:53:31 +0800"
    },
    "done": true
  },
  "minecraft:recipes/building_blocks/glowstone": {
    "criteria": {
      "has_glowstone_dust": "2025-12-03 08:53:31 +0800"
    },
    "done": true
  },
  "minecraft:recipes/combat/spectral_arrow": {
    "criteria": {
      "has_glowstone_dust": "2025-12-03 08:53:31 +0800"
    },
    "done": true
  },
  "refurbished_furniture:recipes/misc/constructing/cherry_light_ceiling_fan": {
    "criteria": {
      "has_glowstone_dust": "2025-12-03 08:53:31 +0800"
    },
    "done": true
  },
  "refurbished_furniture:recipes/misc/constructing/birch_light_ceiling_fan": {
    "criteria": {
      "has_glowstone_dust": "2025-12-03 08:53:31 +0800"
    },
    "done": true
  },
  "refurbished_furniture:recipes/misc/constructing/light_ceiling_light": {
    "criteria": {
      "has_glowstone_dust": "2025-12-03 08:53:31 +0800"
    },
    "done": true
  },
  "minecraft:recipes/redstone/redstone_lamp": {
    "criteria": {
      "has_glowstone": "2025-12-03 08:55:16 +0800"
    },
    "done": true
  },
  "candlelight:recipes/chocolate_box": {
    "criteria": {
      "has_chest": "2025-12-03 08:59:54 +0800"
    },
    "done": true
  },
  "refurbished_furniture:recipes/misc/constructing/crimson_kitchen_drawer": {
    "criteria": {
      "has_white_dye": "2025-12-03 09:00:21 +0800"
    },
    "done": true
  },
  "candlelight:recipes/plate": {
    "criteria": {
      "has_white_dye": "2025-12-03 09:00:21 +0800"
    },
    "done": true
  },
  "refurbished_furniture:recipes/misc/constructing/oak_kitchen_sink": {
    "criteria": {
      "has_white_dye": "2025-12-03 09:00:21 +0800"
    },
    "done": true
  },
  "refurbished_furniture:recipes/misc/constructing/oak_kitchen_drawer": {
    "criteria": {
      "has_white_dye": "2025-12-03 09:00:21 +0800"
    },
    "done": true
  },
  "refurbished_furniture:recipes/misc/constructing/warped_kitchen_sink": {
    "criteria": {
      "has_white_dye": "2025-12-03 09:00:21 +0800"
    },
    "done": true
  },
  "refurbished_furniture:recipes/misc/constructing/mangrove_kitchen_cabinetry": {
    "criteria": {
      "has_white_dye": "2025-12-03 09:00:21 +0800"
    },
    "done": true
  },
  "refurbished_furniture:recipes/misc/constructing/white_grill": {
    "criteria": {
      "has_white_dye": "2025-12-03 09:00:21 +0800"
    },
    "done": true
  },
  "refurbished_furniture:recipes/misc/constructing/white_kitchen_drawer": {
    "criteria": {
      "has_white_dye": "2025-12-03 09:00:21 +0800"
    },
    "done": true
  },
  "refurbished_furniture:recipes/misc/constructing/birch_kitchen_sink": {
    "criteria": {
      "has_white_dye": "2025-12-03 09:00:21 +0800"
    },
    "done": true
  },
  "refurbished_furniture:recipes/misc/constructing/white_kitchen_storage_cabinet": {
    "criteria": {
      "has_white_dye": "2025-12-03 09:00:21 +0800"
    },
    "done": true
  },
  "refurbished_furniture:recipes/misc/constructing/white_kitchen_sink": {
    "criteria": {
      "has_white_dye": "2025-12-03 09:00:21 +0800"
    },
    "done": true
  },
  "minecraft:recipes/decorations/white_candle": {
    "criteria": {
      "has_white_dye": "2025-12-03 09:00:21 +0800"
    },
    "done": true
  },
  "refurbished_furniture:recipes/misc/constructing/birch_kitchen_drawer": {
    "criteria": {
      "has_white_dye": "2025-12-03 09:00:21 +0800"
    },
    "done": true
  },
  "refurbished_furniture:recipes/decorations/white_kitchen_cabinetry_from_dyeing": {
    "criteria": {
      "has_dye": "2025-12-03 09:00:21 +0800"
    },
    "done": true
  },
  "refurbished_furniture:recipes/misc/constructing/crimson_kitchen_cabinetry": {
    "criteria": {
      "has_white_dye": "2025-12-03 09:00:21 +0800"
    },
    "done": true
  },
  "minecraft:recipes/building_blocks/dye_white_bed": {
    "criteria": {
      "has_needed_dye": "2025-12-03 09:00:21 +0800"
    },
    "done": true
  },
  "refurbished_furniture:recipes/misc/constructing/mangrove_kitchen_sink": {
    "criteria": {
      "has_white_dye": "2025-12-03 09:00:21 +0800"
    },
    "done": true
  },
  "refurbished_furniture:recipes/misc/constructing/jungle_kitchen_drawer": {
    "criteria": {
      "has_white_dye": "2025-12-03 09:00:21 +0800"
    },
    "done": true
  },
  "refurbished_furniture:recipes/misc/constructing/jungle_kitchen_cabinetry": {
    "criteria": {
      "has_white_dye": "2025-12-03 09:00:21 +0800"
    },
    "done": true
  },
  "refurbished_furniture:recipes/misc/constructing/mangrove_kitchen_storage_cabinet": {
    "criteria": {
      "has_white_dye": "2025-12-03 09:00:21 +0800"
    },
    "done": true
  },
  "refurbished_furniture:recipes/misc/constructing/crimson_kitchen_sink": {
    "criteria": {
      "has_white_dye": "2025-12-03 09:00:21 +0800"
    },
    "done": true
  },
  "minecraft:recipes/misc/lime_dye": {
    "criteria": {
      "has_white_dye": "2025-12-03 09:00:21 +0800"
    },
    "done": true
  },
  "refurbished_furniture:recipes/misc/constructing/cherry_kitchen_cabinetry": {
    "criteria": {
      "has_white_dye": "2025-12-03 09:00:21 +0800"
    },
    "done": true
  },
  "refurbished_furniture:recipes/decorations/white_cooler_from_dyeing": {
    "criteria": {
      "has_dye": "2025-12-03 09:00:21 +0800"
    },
    "done": true
  },
  "refurbished_furniture:recipes/misc/constructing/white_basin": {
    "criteria": {
      "has_white_dye": "2025-12-03 09:00:21 +0800"
    },
    "done": true
  },
  "minecraft:recipes/misc/light_blue_dye_from_blue_white_dye": {
    "criteria": {
      "has_white_dye": "2025-12-03 09:00:21 +0800"
    },
    "done": true
  },
  "refurbished_furniture:recipes/decorations/white_stool_from_dyeing": {
    "criteria": {
      "has_dye": "2025-12-03 09:00:21 +0800"
    },
    "done": true
  },
  "refurbished_furniture:recipes/misc/constructing/mangrove_kitchen_drawer": {
    "criteria": {
      "has_white_dye": "2025-12-03 09:00:21 +0800"
    },
    "done": true
  },
  "refurbished_furniture:recipes/misc/constructing/acacia_kitchen_cabinetry": {
    "criteria": {
      "has_white_dye": "2025-12-03 09:00:21 +0800"
    },
    "done": true
  },
  "minecraft:recipes/misc/light_gray_dye_from_gray_white_dye": {
    "criteria": {
      "has_white_dye": "2025-12-03 09:00:21 +0800"
    },
    "done": true
  },
  "minecraft:recipes/building_blocks/dye_white_carpet": {
    "criteria": {
      "has_needed_dye": "2025-12-03 09:00:21 +0800"
    },
    "done": true
  },
  "refurbished_furniture:recipes/decorations/white_lamp_from_dyeing": {
    "criteria": {
      "has_dye": "2025-12-03 09:00:21 +0800"
    },
    "done": true
  },
  "refurbished_furniture:recipes/misc/constructing/birch_kitchen_storage_cabinet": {
    "criteria": {
      "has_white_dye": "2025-12-03 09:00:21 +0800"
    },
    "done": true
  },
  "refurbished_furniture:recipes/misc/constructing/white_trampoline": {
    "criteria": {
      "has_white_dye": "2025-12-03 09:00:21 +0800"
    },
    "done": true
  },
  "refurbished_furniture:recipes/misc/constructing/oak_kitchen_storage_cabinet": {
    "criteria": {
      "has_white_dye": "2025-12-03 09:00:21 +0800"
    },
    "done": true
  },
  "refurbished_furniture:recipes/decorations/white_grill_from_dyeing": {
    "criteria": {
      "has_dye": "2025-12-03 09:00:21 +0800"
    },
    "done": true
  },
  "refurbished_furniture:recipes/misc/constructing/birch_kitchen_cabinetry": {
    "criteria": {
      "has_white_dye": "2025-12-03 09:00:21 +0800"
    },
    "done": true
  },
  "refurbished_furniture:recipes/misc/constructing/oak_kitchen_cabinetry": {
    "criteria": {
      "has_white_dye": "2025-12-03 09:00:21 +0800"
    },
    "done": true
  },
  "refurbished_furniture:recipes/misc/constructing/acacia_kitchen_drawer": {
    "criteria": {
      "has_white_dye": "2025-12-03 09:00:21 +0800"
    },
    "done": true
  },
  "refurbished_furniture:recipes/misc/constructing/acacia_kitchen_sink": {
    "criteria": {
      "has_white_dye": "2025-12-03 09:00:21 +0800"
    },
    "done": true
  },
  "refurbished_furniture:recipes/decorations/white_kitchen_storage_cabinet_from_dyeing": {
    "criteria": {
      "has_dye": "2025-12-03 09:00:21 +0800"
    },
    "done": true
  },
  "refurbished_furniture:recipes/decorations/white_sofa_from_dyeing": {
    "criteria": {
      "has_dye": "2025-12-03 09:00:21 +0800"
    },
    "done": true
  },
  "refurbished_furniture:recipes/misc/constructing/acacia_kitchen_storage_cabinet": {
    "criteria": {
      "has_white_dye": "2025-12-03 09:00:21 +0800"
    },
    "done": true
  },
  "minecraft:recipes/building_blocks/dye_white_wool": {
    "criteria": {
      "has_needed_dye": "2025-12-03 09:00:21 +0800"
    },
    "done": true
  },
  "refurbished_furniture:recipes/decorations/white_kitchen_drawer_from_dyeing": {
    "criteria": {
      "has_dye": "2025-12-03 09:00:21 +0800"
    },
    "done": true
  },
  "refurbished_furniture:recipes/misc/constructing/warped_kitchen_storage_cabinet": {
    "criteria": {
      "has_white_dye": "2025-12-03 09:00:21 +0800"
    },
    "done": true
  },
  "minecraft:recipes/misc/pink_dye_from_red_white_dye": {
    "criteria": {
      "has_white_dye": "2025-12-03 09:00:21 +0800"
    },
    "done": true
  },
  "refurbished_furniture:recipes/misc/constructing/cherry_kitchen_drawer": {
    "criteria": {
      "has_white_dye": "2025-12-03 09:00:21 +0800"
    },
    "done": true
  },
  "refurbished_furniture:recipes/decorations/white_kitchen_sink_from_dyeing": {
    "criteria": {
      "has_dye": "2025-12-03 09:00:21 +0800"
    },
    "done": true
  },
  "minecraft:recipes/misc/gray_dye": {
    "criteria": {
      "has_white_dye": "2025-12-03 09:00:21 +0800"
    },
    "done": true
  },
  "minecraft:recipes/misc/light_gray_dye_from_black_white_dye": {
    "criteria": {
      "has_white_dye": "2025-12-03 09:00:21 +0800"
    },
    "done": true
  },
  "refurbished_furniture:recipes/misc/constructing/cherry_kitchen_sink": {
    "criteria": {
      "has_white_dye": "2025-12-03 09:00:21 +0800"
    },
    "done": true
  },
  "refurbished_furniture:recipes/misc/constructing/jungle_kitchen_storage_cabinet": {
    "criteria": {
      "has_white_dye": "2025-12-03 09:00:21 +0800"
    },
    "done": true
  },
  "refurbished_furniture:recipes/misc/constructing/jungle_kitchen_sink": {
    "criteria": {
      "has_white_dye": "2025-12-03 09:00:21 +0800"
    },
    "done": true
  },
  "refurbished_furniture:recipes/misc/constructing/warped_kitchen_drawer": {
    "criteria": {
      "has_white_dye": "2025-12-03 09:00:21 +0800"
    },
    "done": true
  },
  "minecraft:recipes/misc/magenta_dye_from_blue_red_white_dye": {
    "criteria": {
      "has_white_dye": "2025-12-03 09:00:21 +0800"
    },
    "done": true
  },
  "refurbished_furniture:recipes/misc/constructing/crimson_kitchen_storage_cabinet": {
    "criteria": {
      "has_white_dye": "2025-12-03 09:00:21 +0800"
    },
    "done": true
  },
  "refurbished_furniture:recipes/decorations/white_trampoline_from_dyeing": {
    "criteria": {
      "has_dye": "2025-12-03 09:00:21 +0800"
    },
    "done": true
  },
  "refurbished_furniture:recipes/misc/constructing/cherry_kitchen_storage_cabinet": {
    "criteria": {
      "has_white_dye": "2025-12-03 09:00:21 +0800"
    },
    "done": true
  },
  "refurbished_furniture:recipes/misc/constructing/white_kitchen_cabinetry": {
    "criteria": {
      "has_white_dye": "2025-12-03 09:00:21 +0800"
    },
    "done": true
  },
  "refurbished_furniture:recipes/misc/constructing/warped_kitchen_cabinetry": {
    "criteria": {
      "has_white_dye": "2025-12-03 09:00:21 +0800"
    },
    "done": true
  },
  "refurbished_furniture:recipes/misc/constructing/white_bath": {
    "criteria": {
      "has_white_dye": "2025-12-03 09:00:21 +0800"
    },
    "done": true
  },
  "refurbished_furniture:recipes/decorations/yellow_kitchen_sink_from_dyeing": {
    "criteria": {
      "has_dye": "2025-12-03 09:00:22 +0800"
    },
    "done": true
  },
  "refurbished_furniture:recipes/decorations/yellow_kitchen_storage_cabinet_from_dyeing": {
    "criteria": {
      "has_dye": "2025-12-03 09:00:22 +0800"
    },
    "done": true
  },
  "refurbished_furniture:recipes/misc/constructing/yellow_kitchen_drawer": {
    "criteria": {
      "has_yellow_dye": "2025-12-03 09:00:22 +0800"
    },
    "done": true
  },
  "minecraft:recipes/decorations/yellow_candle": {
    "criteria": {
      "has_yellow_dye": "2025-12-03 09:00:22 +0800"
    },
    "done": true
  },
  "refurbished_furniture:recipes/decorations/yellow_kitchen_cabinetry_from_dyeing": {
    "criteria": {
      "has_dye": "2025-12-03 09:00:22 +0800"
    },
    "done": true
  },
  "refurbished_furniture:recipes/decorations/yellow_grill_from_dyeing": {
    "criteria": {
      "has_dye": "2025-12-03 09:00:22 +0800"
    },
    "done": true
  },
  "refurbished_furniture:recipes/misc/constructing/yellow_kitchen_cabinetry": {
    "criteria": {
      "has_yellow_dye": "2025-12-03 09:00:22 +0800"
    },
    "done": true
  },
  "minecraft:recipes/building_blocks/dye_yellow_wool": {
    "criteria": {
      "has_needed_dye": "2025-12-03 09:00:22 +0800"
    },
    "done": true
  },
  "refurbished_furniture:recipes/decorations/yellow_cooler_from_dyeing": {
    "criteria": {
      "has_dye": "2025-12-03 09:00:22 +0800"
    },
    "done": true
  },
  "refurbished_furniture:recipes/misc/constructing/yellow_basin": {
    "criteria": {
      "has_yellow_dye": "2025-12-03 09:00:22 +0800"
    },
    "done": true
  },
  "refurbished_furniture:recipes/misc/constructing/yellow_bath": {
    "criteria": {
      "has_yellow_dye": "2025-12-03 09:00:22 +0800"
    },
    "done": true
  },
  "refurbished_furniture:recipes/decorations/yellow_trampoline_from_dyeing": {
    "criteria": {
      "has_dye": "2025-12-03 09:00:22 +0800"
    },
    "done": true
  },
  "refurbished_furniture:recipes/decorations/yellow_sofa_from_dyeing": {
    "criteria": {
      "has_dye": "2025-12-03 09:00:22 +0800"
    },
    "done": true
  },
  "minecraft:recipes/misc/orange_dye_from_red_yellow": {
    "criteria": {
      "has_yellow_dye": "2025-12-03 09:00:22 +0800"
    },
    "done": true
  },
  "refurbished_furniture:recipes/decorations/yellow_lamp_from_dyeing": {
    "criteria": {
      "has_dye": "2025-12-03 09:00:22 +0800"
    },
    "done": true
  },
  "refurbished_furniture:recipes/misc/constructing/yellow_kitchen_sink": {
    "criteria": {
      "has_yellow_dye": "2025-12-03 09:00:22 +0800"
    },
    "done": true
  },
  "refurbished_furniture:recipes/decorations/yellow_stool_from_dyeing": {
    "criteria": {
      "has_dye": "2025-12-03 09:00:22 +0800"
    },
    "done": true
  },
  "minecraft:recipes/building_blocks/dye_yellow_carpet": {
    "criteria": {
      "has_needed_dye": "2025-12-03 09:00:22 +0800"
    },
    "done": true
  },
  "refurbished_furniture:recipes/misc/constructing/yellow_grill": {
    "criteria": {
      "has_yellow_dye": "2025-12-03 09:00:22 +0800"
    },
    "done": true
  },
  "minecraft:recipes/building_blocks/dye_yellow_bed": {
    "criteria": {
      "has_needed_dye": "2025-12-03 09:00:22 +0800"
    },
    "done": true
  },
  "refurbished_furniture:recipes/misc/constructing/yellow_trampoline": {
    "criteria": {
      "has_yellow_dye": "2025-12-03 09:00:22 +0800"
    },
    "done": true
  },
  "refurbished_furniture:recipes/decorations/yellow_kitchen_drawer_from_dyeing": {
    "criteria": {
      "has_dye": "2025-12-03 09:00:22 +0800"
    },
    "done": true
  },
  "refurbished_furniture:recipes/misc/constructing/yellow_kitchen_storage_cabinet": {
    "criteria": {
      "has_yellow_dye": "2025-12-03 09:00:22 +0800"
    },
    "done": true
  },
  "minecraft:recipes/decorations/painting": {
    "criteria": {
      "has_wool": "2025-12-03 09:01:28 +0800"
    },
    "done": true
  },
  "minecraft:recipes/decorations/red_carpet": {
    "criteria": {
      "has_red_wool": "2025-12-03 09:01:28 +0800"
    },
    "done": true
  },
  "minecraft:recipes/decorations/red_banner": {
    "criteria": {
      "has_red_wool": "2025-12-03 09:01:28 +0800"
    },
    "done": true
  },
  "candlelight:recipes/hearth": {
    "criteria": {
      "has_red_wool": "2025-12-03 09:01:28 +0800"
    },
    "done": true
  },
  "minecraft:recipes/decorations/red_bed": {
    "criteria": {
      "has_red_wool": "2025-12-03 09:01:28 +0800"
    },
    "done": true
  },
  "minecraft:recipes/decorations/yellow_bed": {
    "criteria": {
      "has_yellow_wool": "2025-12-03 09:03:14 +0800"
    },
    "done": true
  },
  "minecraft:recipes/decorations/yellow_banner": {
    "criteria": {
      "has_yellow_wool": "2025-12-03 09:03:14 +0800"
    },
    "done": true
  },
  "minecraft:recipes/decorations/yellow_carpet": {
    "criteria": {
      "has_yellow_wool": "2025-12-03 09:03:14 +0800"
    },
    "done": true
  },
  "minecraft:recipes/decorations/lime_bed": {
    "criteria": {
      "has_lime_wool": "2025-12-03 09:03:16 +0800"
    },
    "done": true
  },
  "minecraft:recipes/decorations/lime_carpet": {
    "criteria": {
      "has_lime_wool": "2025-12-03 09:03:16 +0800"
    },
    "done": true
  },
  "minecraft:recipes/decorations/lime_banner": {
    "criteria": {
      "has_lime_wool": "2025-12-03 09:03:16 +0800"
    },
    "done": true
  },
  "refurbished_furniture:recipes/misc/constructing/red_kitchen_cabinetry": {
    "criteria": {
      "has_red_dye": "2025-12-03 09:07:07 +0800"
    },
    "done": true
  },
  "refurbished_furniture:recipes/decorations/red_kitchen_sink_from_dyeing": {
    "criteria": {
      "has_dye": "2025-12-03 09:07:07 +0800"
    },
    "done": true
  },
  "refurbished_furniture:recipes/misc/constructing/red_kitchen_sink": {
    "criteria": {
      "has_red_dye": "2025-12-03 09:07:07 +0800"
    },
    "done": true
  },
  "minecraft:recipes/misc/magenta_dye_from_blue_red_pink": {
    "criteria": {
      "has_red_dye": "2025-12-03 09:07:07 +0800"
    },
    "done": true
  },
  "refurbished_furniture:recipes/decorations/red_kitchen_storage_cabinet_from_dyeing": {
    "criteria": {
      "has_dye": "2025-12-03 09:07:07 +0800"
    },
    "done": true
  },
  "refurbished_furniture:recipes/misc/constructing/red_grill": {
    "criteria": {
      "has_red_dye": "2025-12-03 09:07:07 +0800"
    },
    "done": true
  },
  "refurbished_furniture:recipes/decorations/red_cooler_from_dyeing": {
    "criteria": {
      "has_dye": "2025-12-03 09:07:07 +0800"
    },
    "done": true
  },
  "refurbished_furniture:recipes/decorations/red_trampoline_from_dyeing": {
    "criteria": {
      "has_dye": "2025-12-03 09:07:07 +0800"
    },
    "done": true
  },
  "refurbished_furniture:recipes/misc/constructing/red_bath": {
    "criteria": {
      "has_red_dye": "2025-12-03 09:07:07 +0800"
    },
    "done": true
  },
  "minecraft:recipes/building_blocks/dye_red_carpet": {
    "criteria": {
      "has_needed_dye": "2025-12-03 09:07:07 +0800"
    },
    "done": true
  },
  "refurbished_furniture:recipes/decorations/red_lamp_from_dyeing": {
    "criteria": {
      "has_dye": "2025-12-03 09:07:07 +0800"
    },
    "done": true
  },
  "refurbished_furniture:recipes/misc/constructing/red_trampoline": {
    "criteria": {
      "has_red_dye": "2025-12-03 09:07:07 +0800"
    },
    "done": true
  },
  "refurbished_furniture:recipes/decorations/red_stool_from_dyeing": {
    "criteria": {
      "has_dye": "2025-12-03 09:07:07 +0800"
    },
    "done": true
  },
  "minecraft:recipes/building_blocks/dye_red_bed": {
    "criteria": {
      "has_needed_dye": "2025-12-03 09:07:07 +0800"
    },
    "done": true
  },
  "minecraft:recipes/building_blocks/dye_red_wool": {
    "criteria": {
      "has_needed_dye": "2025-12-03 09:07:07 +0800"
    },
    "done": true
  },
  "minecraft:recipes/misc/purple_dye": {
    "criteria": {
      "has_red_dye": "2025-12-03 09:07:07 +0800"
    },
    "done": true
  },
  "minecraft:recipes/decorations/red_candle": {
    "criteria": {
      "has_red_dye": "2025-12-03 09:07:07 +0800"
    },
    "done": true
  },
  "refurbished_furniture:recipes/decorations/red_grill_from_dyeing": {
    "criteria": {
      "has_dye": "2025-12-03 09:07:07 +0800"
    },
    "done": true
  },
  "refurbished_furniture:recipes/decorations/red_sofa_from_dyeing": {
    "criteria": {
      "has_dye": "2025-12-03 09:07:07 +0800"
    },
    "done": true
  },
  "refurbished_furniture:recipes/misc/constructing/red_basin": {
    "criteria": {
      "has_red_dye": "2025-12-03 09:07:07 +0800"
    },
    "done": true
  },
  "refurbished_furniture:recipes/misc/constructing/red_kitchen_storage_cabinet": {
    "criteria": {
      "has_red_dye": "2025-12-03 09:07:07 +0800"
    },
    "done": true
  },
  "refurbished_furniture:recipes/decorations/red_kitchen_drawer_from_dyeing": {
    "criteria": {
      "has_dye": "2025-12-03 09:07:07 +0800"
    },
    "done": true
  },
  "refurbished_furniture:recipes/decorations/red_kitchen_cabinetry_from_dyeing": {
    "criteria": {
      "has_dye": "2025-12-03 09:07:07 +0800"
    },
    "done": true
  },
  "refurbished_furniture:recipes/misc/constructing/red_kitchen_drawer": {
    "criteria": {
      "has_red_dye": "2025-12-03 09:07:07 +0800"
    },
    "done": true
  },
  "candlelight:recipes/quartz_stove": {
    "criteria": {
      "has_quartz": "2025-12-03 09:07:26 +0800"
    },
    "done": true
  },
  "candlelight:recipes/quartz_counter": {
    "criteria": {
      "has_quartz": "2025-12-03 09:07:26 +0800"
    },
    "done": true
  },
  "candlelight:recipes/quartz_kitchen_sink": {
    "criteria": {
      "has_quartz": "2025-12-03 09:07:26 +0800"
    },
    "done": true
  },
  "minecraft:recipes/building_blocks/diorite": {
    "criteria": {
      "has_quartz": "2025-12-03 09:07:26 +0800"
    },
    "done": true
  },
  "minecraft:recipes/building_blocks/granite": {
    "criteria": {
      "has_quartz": "2025-12-03 09:07:26 +0800"
    },
    "done": true
  },
  "minecraft:recipes/building_blocks/quartz_block": {
    "criteria": {
      "has_quartz": "2025-12-03 09:07:26 +0800"
    },
    "done": true
  },
  "minecraft:recipes/redstone/daylight_detector": {
    "criteria": {
      "has_quartz": "2025-12-03 09:07:26 +0800"
    },
    "done": true
  },
  "minecraft:recipes/redstone/observer": {
    "criteria": {
      "has_quartz": "2025-12-03 09:07:26 +0800"
    },
    "done": true
  },
  "minecraft:recipes/redstone/comparator": {
    "criteria": {
      "has_quartz": "2025-12-03 09:07:26 +0800"
    },
    "done": true
  },
  "minecraft:recipes/misc/eye_armor_trim_smithing_template_smithing_trim": {
    "criteria": {
      "has_smithing_trim_template": "2025-12-03 09:08:30 +0800"
    },
    "done": true
  },
  "minecraft:recipes/misc/eye_armor_trim_smithing_template": {
    "criteria": {
      "has_eye_armor_trim_smithing_template": "2025-12-03 09:08:30 +0800"
    },
    "done": true
  },
  "minecraft:recipes/misc/vex_armor_trim_smithing_template_smithing_trim": {
    "criteria": {
      "has_smithing_trim_template": "2025-12-03 09:08:38 +0800"
    },
    "done": true
  },
  "minecraft:recipes/misc/vex_armor_trim_smithing_template": {
    "criteria": {
      "has_vex_armor_trim_smithing_template": "2025-12-03 09:08:38 +0800"
    },
    "done": true
  },
  "minecraft:recipes/misc/sentry_armor_trim_smithing_template": {
    "criteria": {
      "has_sentry_armor_trim_smithing_template": "2025-12-03 09:08:39 +0800"
    },
    "done": true
  },
  "minecraft:recipes/misc/sentry_armor_trim_smithing_template_smithing_trim": {
    "criteria": {
      "has_smithing_trim_template": "2025-12-03 09:08:39 +0800"
    },
    "done": true
  },
  "minecraft:adventure/trim_with_any_armor_pattern": {
    "criteria": {
      "armor_trimmed_minecraft:eye_armor_trim_smithing_template_smithing_trim": "2025-12-03 09:08:56 +0800"
    },
    "done": true
  },
  "minecraft:adventure/trim_with_all_exclusive_armor_patterns": {
    "criteria": {
      "armor_trimmed_minecraft:vex_armor_trim_smithing_template_smithing_trim": "2025-12-03 09:09:09 +0800"
    },
    "done": false
  },
  "net_music_list:recipes/misc/ender_music_player": {
    "criteria": {
      "has_player": "2025-12-03 09:30:15 +0800"
    },
    "done": true
  },
  "minecraft:recipes/building_blocks/light_gray_concrete_powder": {
    "criteria": {
      "has_sand": "2025-12-03 10:32:47 +0800"
    },
    "done": true
  },
  "minecraft:recipes/building_blocks/pink_concrete_powder": {
    "criteria": {
      "has_sand": "2025-12-03 10:32:47 +0800"
    },
    "done": true
  },
  "minecraft:recipes/building_blocks/red_concrete_powder": {
    "criteria": {
      "has_sand": "2025-12-03 10:32:47 +0800"
    },
    "done": true
  },
  "minecraft:recipes/building_blocks/brown_concrete_powder": {
    "criteria": {
      "has_sand": "2025-12-03 10:32:47 +0800"
    },
    "done": true
  },
  "minecraft:recipes/building_blocks/light_blue_concrete_powder": {
    "criteria": {
      "has_sand": "2025-12-03 10:32:47 +0800"
    },
    "done": true
  },
  "minecraft:recipes/building_blocks/glass": {
    "criteria": {
      "has_smelts_to_glass": "2025-12-03 10:32:47 +0800"
    },
    "done": true
  },
  "minecraft:recipes/building_blocks/green_concrete_powder": {
    "criteria": {
      "has_sand": "2025-12-03 10:32:47 +0800"
    },
    "done": true
  },
  "minecraft:recipes/building_blocks/blue_concrete_powder": {
    "criteria": {
      "has_sand": "2025-12-03 10:32:47 +0800"
    },
    "done": true
  },
  "minecraft:recipes/building_blocks/white_concrete_powder": {
    "criteria": {
      "has_sand": "2025-12-03 10:32:47 +0800"
    },
    "done": true
  },
  "minecraft:recipes/building_blocks/lime_concrete_powder": {
    "criteria": {
      "has_sand": "2025-12-03 10:32:47 +0800"
    },
    "done": true
  },
  "minecraft:recipes/building_blocks/orange_concrete_powder": {
    "criteria": {
      "has_sand": "2025-12-03 10:32:47 +0800"
    },
    "done": true
  },
  "minecraft:recipes/building_blocks/magenta_concrete_powder": {
    "criteria": {
      "has_sand": "2025-12-03 10:32:47 +0800"
    },
    "done": true
  },
  "minecraft:recipes/building_blocks/yellow_concrete_powder": {
    "criteria": {
      "has_sand": "2025-12-03 10:32:47 +0800"
    },
    "done": true
  },
  "minecraft:recipes/building_blocks/sandstone": {
    "criteria": {
      "has_sand": "2025-12-03 10:32:47 +0800"
    },
    "done": true
  },
  "minecraft:recipes/building_blocks/gray_concrete_powder": {
    "criteria": {
      "has_sand": "2025-12-03 10:32:47 +0800"
    },
    "done": true
  },
  "minecraft:recipes/building_blocks/black_concrete_powder": {
    "criteria": {
      "has_sand": "2025-12-03 10:32:47 +0800"
    },
    "done": true
  },
  "minecraft:recipes/building_blocks/purple_concrete_powder": {
    "criteria": {
      "has_sand": "2025-12-03 10:32:47 +0800"
    },
    "done": true
  },
  "minecraft:recipes/building_blocks/cyan_concrete_powder": {
    "criteria": {
      "has_sand": "2025-12-03 10:32:47 +0800"
    },
    "done": true
  },
  "refurbished_furniture:recipes/misc/light_electricity_generator": {
    "criteria": {
      "has_redstone": "2025-12-03 10:38:31 +0800"
    },
    "done": true
  },
  "refurbished_furniture:recipes/misc/constructing/light_fridge": {
    "criteria": {
      "has_redstone": "2025-12-03 10:38:31 +0800"
    },
    "done": true
  },
  "refurbished_furniture:recipes/misc/dark_electricity_generator": {
    "criteria": {
      "has_redstone": "2025-12-03 10:38:31 +0800"
    },
    "done": true
  },
  "refurbished_furniture:recipes/misc/television_remote": {
    "criteria": {
      "has_redstone": "2025-12-03 10:38:31 +0800"
    },
    "done": true
  },
  "minecraft:recipes/redstone/redstone_torch": {
    "criteria": {
      "has_redstone": "2025-12-03 10:38:31 +0800"
    },
    "done": true
  },
  "refurbished_furniture:recipes/misc/constructing/computer": {
    "criteria": {
      "has_redstone": "2025-12-03 10:38:31 +0800"
    },
    "done": true
  },
  "minecraft:recipes/tools/clock": {
    "criteria": {
      "has_redstone": "2025-12-03 10:38:31 +0800"
    },
    "done": true
  },
  "refurbished_furniture:recipes/misc/constructing/light_toaster": {
    "criteria": {
      "has_redstone": "2025-12-03 10:38:31 +0800"
    },
    "done": true
  },
  "refurbished_furniture:recipes/misc/constructing/light_microwave": {
    "criteria": {
      "has_redstone": "2025-12-03 10:38:31 +0800"
    },
    "done": true
  },
  "refurbished_furniture:recipes/misc/constructing/light_stove": {
    "criteria": {
      "has_redstone": "2025-12-03 10:38:31 +0800"
    },
    "done": true
  },
  "minecraft:recipes/redstone/note_block": {
    "criteria": {
      "has_redstone": "2025-12-03 10:38:31 +0800"
    },
    "done": true
  },
  "minecraft:recipes/redstone/target": {
    "criteria": {
      "has_redstone": "2025-12-03 10:38:31 +0800"
    },
    "done": true
  },
  "refurbished_furniture:recipes/misc/constructing/doorbell": {
    "criteria": {
      "has_redstone": "2025-12-03 10:38:31 +0800"
    },
    "done": true
  },
  "refurbished_furniture:recipes/misc/constructing/light_lightswitch": {
    "criteria": {
      "has_redstone": "2025-12-03 10:38:31 +0800"
    },
    "done": true
  },
  "minecraft:recipes/tools/compass": {
    "criteria": {
      "has_redstone": "2025-12-03 10:38:31 +0800"
    },
    "done": true
  },
  "refurbished_furniture:recipes/misc/constructing/television": {
    "criteria": {
      "has_redstone": "2025-12-03 10:38:31 +0800"
    },
    "done": true
  },
  "minecraft:recipes/redstone/dropper": {
    "criteria": {
      "has_redstone": "2025-12-03 10:38:31 +0800"
    },
    "done": true
  },
  "refurbished_furniture:recipes/misc/constructing/light_range_hood": {
    "criteria": {
      "has_redstone": "2025-12-03 10:38:31 +0800"
    },
    "done": true
  },
  "minecraft:recipes/redstone/redstone_block": {
    "criteria": {
      "has_redstone": "2025-12-03 10:38:31 +0800"
    },
    "done": true
  },
  "refurbished_furniture:recipes/misc/constructing/recycle_bin": {
    "criteria": {
      "has_redstone": "2025-12-03 10:38:31 +0800"
    },
    "done": true
  },
  "minecraft:recipes/redstone/piston": {
    "criteria": {
      "has_redstone": "2025-12-03 10:38:31 +0800"
    },
    "done": true
  },
  "brewery:main/get_saturated": {
    "criteria": {
      "satiation": "2025-12-03 10:40:36 +0800"
    },
    "done": true
  },
  "candlelight:main/use_pan_on_tool_rack": {
    "criteria": {
      "use_tool_rack": "2025-12-05 23:44:36 +0800"
    },
    "done": true
  },
  "minecraft:recipes/building_blocks/birch_planks": {
    "criteria": {
      "has_logs": "2025-12-05 23:46:11 +0800"
    },
    "done": true
  },
  "candlelight:main/cook_everything_pan": {
    "criteria": {
      "candlelight:cooked_beef": "2025-12-05 23:49:38 +0800",
      "candlelight:beef_wellington": "2025-12-06 00:04:41 +0800"
    },
    "done": false
  },
  "candlelight:main/cook_everything": {
    "criteria": {
      "candlelight:cooked_beef": "2025-12-05 23:49:38 +0800",
      "candlelight:tomato_mozzarella_salad": "2025-12-06 00:05:55 +0800",
      "candlelight:lasagne": "2025-12-06 00:04:37 +0800",
      "candlelight:lettuce_tomato": "2025-12-06 00:04:53 +0800",
      "candlelight:beef_wellington": "2025-12-06 00:04:41 +0800",
      "candlelight:pork_ribs": "2025-12-06 00:06:05 +0800"
    },
    "done": false
  },
  "candlelight:main/place_cooking_pot": {
    "criteria": {
      "cooking_pot": "2025-12-05 23:49:43 +0800"
    },
    "done": true
  },
  "candlelight:recipes/spruce_shelf": {
    "criteria": {
      "has_spruce_planks": "2025-12-05 23:50:35 +0800"
    },
    "done": true
  },
  "candlelight:recipes/spruce_cabinet": {
    "criteria": {
      "has_spruce_planks": "2025-12-05 23:50:35 +0800"
    },
    "done": true
  },
  "candlelight:recipes/spruce_table": {
    "criteria": {
      "has_spruce_planks": "2025-12-05 23:50:35 +0800"
    },
    "done": true
  },
  "candlelight:recipes/spruce_chair": {
    "criteria": {
      "has_spruce_planks": "2025-12-05 23:50:35 +0800"
    },
    "done": true
  },
  "candlelight:recipes/spruce_drawer": {
    "criteria": {
      "has_spruce_planks": "2025-12-05 23:50:35 +0800"
    },
    "done": true
  },
  "candlelight:recipes/chocolate": {
    "criteria": {
      "has_milk_bucket": "2025-12-05 23:58:31 +0800"
    },
    "done": true
  },
  "candlelight:recipes/mozzarella_from_water_bucket": {
    "criteria": {
      "has_the_recipe": "2025-12-05 23:58:31 +0800"
    },
    "done": true
  },
  "candlelight:recipes/mozzarella_from_milk_bucket": {
    "criteria": {
      "has_milk_bucket": "2025-12-05 23:58:31 +0800"
    },
    "done": true
  },
  "candlelight:recipes/butter": {
    "criteria": {
      "has_milk_bucket": "2025-12-05 23:58:31 +0800"
    },
    "done": true
  },
  "refurbished_furniture:recipes/food/cheese": {
    "criteria": {
      "has_milk": "2025-12-05 23:58:31 +0800"
    },
    "done": true
  },
  "candlelight:recipes/mozzarella": {
    "criteria": {
      "has_the_recipe": "2025-12-05 23:58:31 +0800"
    },
    "done": true
  },
  "candlelight:recipes/dark_oak_drawer": {
    "criteria": {
      "has_dark_oak_planks": "2025-12-06 00:01:05 +0800"
    },
    "done": true
  },
  "candlelight:recipes/dark_oak_chair": {
    "criteria": {
      "has_dark_oak_planks": "2025-12-06 00:01:05 +0800"
    },
    "done": true
  },
  "candlelight:recipes/dark_oak_cabinet": {
    "criteria": {
      "has_dark_oak_planks": "2025-12-06 00:01:05 +0800"
    },
    "done": true
  },
  "candlelight:recipes/dark_oak_table": {
    "criteria": {
      "has_dark_oak_planks": "2025-12-06 00:01:05 +0800"
    },
    "done": true
  },
  "candlelight:recipes/dark_oak_shelf": {
    "criteria": {
      "has_dark_oak_planks": "2025-12-06 00:01:05 +0800"
    },
    "done": true
  },
  "candlelight:main/place_typewriter": {
    "criteria": {
      "typewriter_iron": "2025-12-06 00:04:22 +0800"
    },
    "done": true
  },
  "candlelight:main/cook_everything_pot": {
    "criteria": {
      "candlelight:lasagne": "2025-12-06 00:04:37 +0800",
      "candlelight:pork_ribs": "2025-12-06 00:06:05 +0800"
    },
    "done": false
  },
  "candlelight:main/cook_lasagna": {
    "criteria": {
      "lasagne": "2025-12-06 00:04:38 +0800"
    },
    "done": true
  },
  "candlelight:main/cook_beef_wellington": {
    "criteria": {
      "beef_wellington": "2025-12-06 00:04:43 +0800"
    },
    "done": true
  },
  "candlelight:main/cook_everything_vegetable": {
    "criteria": {
      "candlelight:tomato_mozzarella_salad": "2025-12-06 00:05:55 +0800",
      "candlelight:lettuce_tomato": "2025-12-06 00:04:53 +0800"
    },
    "done": false
  },
  "candlelight:main/cook_tomato_mozzarella_salad": {
    "criteria": {
      "tomato_mozzarella_salad": "2025-12-06 00:05:59 +0800"
    },
    "done": true
  },
  "candlelight:main/place_tablesign": {
    "criteria": {
      "table_sign": "2025-12-06 00:07:49 +0800"
    },
    "done": true
  },
  "refurbished_furniture:recipes/decorations/dark_fridge": {
    "criteria": {
      "has_fridge": "2025-12-06 00:09:02 +0800"
    },
    "done": true
  },
  "refurbished_furniture:recipes/misc/constructing/dark_fridge": {
    "criteria": {
      "has_light_fridge": "2025-12-06 00:09:02 +0800"
    },
    "done": true
  },
  "farm_and_charm:main/place_chicken_nest": {
    "criteria": {
      "chicken_nest": "2025-12-06 00:10:01 +0800"
    },
    "done": true
  },
  "farm_and_charm:main/place_chicken_coop": {
    "criteria": {
      "chicken_coop": "2025-12-06 00:10:38 +0800"
    },
    "done": true
  },
  "farm_and_charm:recipes/lettuce": {
    "criteria": {
      "has_tomato_seeds": "2025-12-06 00:49:06 +0800"
    },
    "done": true
  },
  "candlelight:recipes/tomato_crate": {
    "criteria": {
      "has_tomato": "2025-12-06 00:49:22 +0800"
    },
    "done": true
  },
  "farm_and_charm:recipes/tomato_bag": {
    "criteria": {
      "has_tomato": "2025-12-06 00:49:16 +0800"
    },
    "done": true
  },
  "candlelight:main/find_wild_crops": {
    "criteria": {
      "tomato": "2025-12-06 00:49:22 +0800"
    },
    "done": true
  },
  "DataVersion": 3465
}