{"stats":{"minecraft:custom":{"minecraft:time_since_rest":342465,"minecraft:sprint_one_cm":197213,"minecraft:damage_taken":2080,"minecraft:walk_one_cm":570310,"minecraft:mob_kills":1,"minecraft:drop":22,"minecraft:inspect_hopper":7,"minecraft:damage_dealt":200,"minecraft:fly_one_cm":4823393,"minecraft:open_chest":5,"minecraft:crouch_one_cm":9491,"minecraft:play_time":1148812,"minecraft:open_shulker_box":22,"minecraft:deaths":4,"minecraft:sneak_time":26328,"minecraft:jump":2380,"minecraft:leave_game":10,"minecraft:time_since_death":342436,"minecraft:sleep_in_bed":1,"minecraft:climb_one_cm":4497,"minecraft:total_world_time":1148812,"minecraft:fall_one_cm":24917,"minecraft:inspect_dispenser":18},"minecraft:used":{"webdisplays:linker":27,"minecraft:redstone_torch":15,"supplementaries:cog_block":3,"minecraft:oak_trapdoor":1,"minecraft:sticky_piston":3,"minecraft:lever":2,"minecraft:dark_oak_stairs":27,"webdisplays:rctrl":5,"theatricalextralights:moving_vl2c":2,"theatrical:truss":2150,"webdisplays:keyboard":2,"minecraft:polished_andesite":1,"minecraft:spruce_slab":16,"minecraft:stone_button":5,"minecraft:iron_block":89,"minecraft:slime_block":23,"minecraft:barrier":6,"minecraft:cyan_bed":2,"minecraft:redstone":10,"minecraft:ladder":45,"webdisplays:server":1,"minecraft:chest":2,"minecraft:spruce_planks":205,"minecraft:sandstone":3,"minecraft:dark_oak_slab":22,"minecraft:redstone_block":1,"supplementaries:speaker_block":263,"theatricalextralights:moving_vl6":1,"minecraft:repeater":2,"minecraft:dirt":54,"minecraft:sand":66,"minecraft:light_blue_concrete_powder":27,"minecraft:iron_trapdoor":4,"minecraft:stripped_oak_wood":1,"theatrical:redstone_interface":12,"theatricalextralights:strobe":97,"minecraft:chain":102,"minecraft:end_rod":38,"minecraft:brown_terracotta":170,"theatrical:moving_light":34,"minecraft:dark_oak_planks":163,"minecraft:white_concrete":34,"minecraft:sea_lantern":855,"webdisplays:screencfg":6,"minecraft:gray_wool":833,"netmusic:computer":1,"theatrical:basic_lighting_desk":5,"minecraft:smooth_stone":79,"webdisplays:screen":481,"minecraft:stripped_spruce_log":106,"netmusic:music_player":7,"netmusic:cd_burner":5,"minecraft:oak_fence":92},"minecraft:picked_up":{"supplementaries:speaker_block":1,"theatricalextralights:moving_vl6":1,"net_music_list:music_list":3,"minecraft:sand":898,"minecraft:stripped_spruce_log":1,"netmusic:music_cd":34,"minecraft:redstone":4,"minecraft:light_blue_concrete_powder":126,"minecraft:firework_rocket":152,"minecraft:lever":2,"minecraft:iron_block":1,"minecraft:redstone_torch":7},"minecraft:dropped":{"minecraft:iron_block":1,"minecraft:stripped_spruce_log":1,"supplementaries:speaker_block":1,"theatricalextralights:laser":1,"minecraft:sand":897,"minecraft:light_blue_concrete_powder":188},"minecraft:killed":{"minecraft:wandering_trader":1}},"DataVersion":3465}