{"stats":{"minecraft:used":{"yuushya:utility_pole":264,"school:dvbts":5,"yuushya:package_1":11,"theatricalextralights:x8par_warm":1,"yuushya:freezer_":11,"yuushya:traffic_sign_8":3,"yuushya:empty_goods_shelf_double":12,"minecraft:iron_bars":38,"yuushya:fire_hydrant":12,"minecraft:flint_and_steel":1,"yuushya:rusty_ventilator":2,"minecraft:smooth_quartz_slab":126,"minecraft:red_concrete":1,"refurbished_furniture:light_fridge":4,"minecraft:oak_sign":19,"theatricalextralights:washlight":64,"school:slidingwindows_green":6,"yuushya:ceiling_cctv_camera":15,"minecraft:spruce_planks":159,"yuushya:big_package":4,"yuushya:guitar":2,"minecraft:chest":11,"yuushya:audio_a_acacia_blindwall":20,"minecraft:tinted_glass":20,"minecraft:stone":389,"refurbished_furniture:orange_sofa":6,"yuushya:fire_extinguisher":17,"yuushya:ceiling_fan":2,"theatricalextralights:laser":8,"theatricalextralights:moving_vl6":15,"theatricalextralights:a2x2par64_white":3,"yuushya:luorescent_lamp":52,"school:ac_large_out":35,"yuushya:road_marking_arrow_forward":12,"minecraft:dirt":150,"theatricalextralights:beam_7r":17,"yuushya:modern_lamp_2":1,"yuushya:ventilator":5,"theatricalextralights:truss_3lights":4,"school:slidingwindows_blue":6,"yuushya:road_light":39,"yuushya:audio_large":1,"yuushya:horizontal_utility_pole":50,"yuushya:raw_oak_vertical_drawer":29,"minecraft:stone_stairs":194,"school:activeopticalaccessdevices":10,"yuushya:audio":1,"school:outdoorspeakers":1,"theatricalextralights:strobe":1,"minecraft:stripped_spruce_log":59,"netmusic:music_player":1,"minecraft:polished_diorite":198,"yuushya:gray_windows_corner_0":2,"minecraft:dark_oak_planks":103,"minecraft:glass":168,"yuushya:oak_windows_0":2,"yuushya:gray_windows_corner_1":14,"minecraft:sea_lantern":246,"yuushya:gas_stove_block":13,"minecraft:bricks":131,"yuushya:tall_safe":2,"yuushya:phone":1,"minecraft:grass_block":17,"yuushya:deployed_utility_service_drop":128,"yuushya:floor_fan_":1,"minecraft:lantern":10,"minecraft:polished_andesite_stairs":11,"yuushya:boom_box":1,"yuushya:telephone_0":3,"school:seewo_bsod":18,"minecraft:quartz_block":1,"minecraft:dark_oak_slab":361,"minecraft:smooth_quartz":636,"yuushya:stone_pier":51,"yuushya:traffic_sign_0":3,"minecraft:diorite_wall":12,"yuushya:utility_pole_cross":30,"minecraft:stone_bricks":1,"yuushya:refrigerator":2,"yuushya:gray_windows_1":73,"yuushya:ventilator_outer_part":10,"net_music_list:music_list":3,"school:greendoubleglasswindows":1,"theatrical:pipe":17,"yuushya:bottles":2,"minecraft:iron_trapdoor":5,"yuushya:air_conditioner":1,"school:cornerwindows_hengsu_3":2,"school:laboratory_sugar":3,"school:ironbars":959,"yuushya:road_marking_7":13,"yuushya:form_trans_item":191,"yuushya:pipe_corner_top_right":6,"webdisplays:screencfg":3,"theatrical:basic_lighting_desk":13,"refurbished_furniture:oak_table":363,"webdisplays:linker":4,"yuushya:traffic_sign_14":3,"minecraft:dark_oak_stairs":41,"minecraft:water_bucket":42,"yuushya:tall_work_light":4,"yuushya:power_house":6,"minecraft:end_rod":34,"theatrical:truss":1058,"minecraft:spruce_door":2,"yuushya:tactile_paving_spot":10,"yuushya:phone_egg_cobblestone":33,"yuushya:light_gray_worn_concrete":1220,"yuushya:old_tv":3,"minecraft:polished_andesite":655,"school:schooltables":9,"minecraft:oak_planks":197,"yuushya:traffic_sign_12":9,"minecraft:polished_diorite_slab":2,"yuushya:raw_acacia_vertical_drawer":46,"yuushya:traffic_sign_17":4,"theatrical:moving_wash":1,"minecraft:redstone_block":2,"yuushya:iron_hollow_stairs_1":22,"yuushya:traffic_lights_1":16,"yuushya:traffic_lights_3":1,"yuushya:sign_8":3,"minecraft:smooth_quartz_stairs":297,"school:smallwindowsblue":1,"school:pcmc":1,"school:old_pc_gslc":9,"yuushya:road_marking_0":466,"yuushya:air_conditioning_condenser":1,"minecraft:rail":24,"yuushya:fluorescent_lamp":12,"yuushya:orange_tile_lower":20,"minecraft:oak_slab":16,"theatricalextralights:mac_vip":4,"school:satellitetelevision":6,"minecraft:yellow_concrete":1,"minecraft:gray_concrete":588,"theatricalextralights:rgb_bar":2,"school:broadcastcrew":1,"minecraft:dark_oak_door":8,"yuushya:audio_large_a_acacia_blindwall":13,"school:slidingwindows_green_1":2,"minecraft:oak_log":83,"school:restaurantexhausthood":2,"minecraft:sticky_piston":1,"yuushya:tall_iron_fence_stairs_sym":19,"yuushya:tactile_paving":36,"minecraft:piston":6,"theatricalextralights:a2x2par64_blue":2,"minecraft:lever":10,"yuushya:road_marking_arrow_right":6,"yuushya:rusty_power_house":10,"yuushya:cctv_camera":38,"yuushya:goods_shelf_soft_drink":9,"minecraft:daylight_detector":5,"minecraft:command_block":4,"minecraft:gray_stained_glass_pane":455,"theatricalextralights:par1000_white":1,"yuushya:road_marking_5":11,"yuushya:power_distributor":30,"yuushya:bicycle_gray_wool":1,"minecraft:brown_stained_glass":118,"yuushya:wire":1574,"minecraft:string":1,"minecraft:oak_button":2,"minecraft:stone_button":4,"yuushya:road_marking_1":190,"yuushya:drain":20,"yuushya:street_light":28,"minecraft:polished_granite":84,"refurbished_furniture:spruce_table":3,"minecraft:iron_door":5,"yuushya:traffic_lights_0":16,"minecraft:polished_andesite_slab":375,"school:window_old_down":1,"yuushya:road_marking_arrow_left":10,"yuushya:mounted_utility_service_drop":8,"yuushya:tall_iron_fence_middle_support":67,"minecraft:brown_stained_glass_pane":25,"yuushya:goods_shelf_paste":11,"yuushya:jack":14,"yuushya:villa_0":1,"yuushya:hanzi_banner_1":1,"yuushya:incandescent_lamp":2,"theatrical:redstone_interface":16,"minecraft:chain":3,"minecraft:glass_pane":115,"minecraft:smooth_stone_slab":199,"yuushya:package_0":7,"minecraft:white_concrete":896,"minecraft:gray_wool":359,"school:alcohol_lamp":17,"webdisplays:screen":291,"minecraft:smooth_stone":236,"school:old_pc_on":1,"refurbished_furniture:oak_chair":10},"minecraft:crafted":{"yuushya:audio_large_a_acacia_blindwall":1,"yuushya:audio_a_acacia_blindwall":1,"yuushya:phone_egg_cobblestone":1},"minecraft:picked_up":{"yuushya:grille_1":1,"yuushya:jungle_tall_door":6,"yuushya:phone":1,"yuushya:form_trans_item":1,"yuushya:stone_pier":1,"minecraft:light":64,"yuushya:wire":1,"minecraft:string":1,"yuushya:traffic_lights_3":1,"yuushya:sign_8":1,"yuushya:traffic_sign_8":1,"yuushya:road_marking_arrow_forward":1,"minecraft:coal_block":62,"minecraft:stick":1,"net_music_list:music_list":3,"yuushya:fire_hydrant":1,"yuushya:hakurei_reimu":1,"minecraft:gray_stained_glass_pane":1,"yuushya:traffic_lights_2":1,"yuushya:gray_windows_corner_1":1,"yuushya:traffic_sign_12":1,"minecraft:barrier":1,"minecraft:water_bucket":1,"theatrical:configuration_card":1,"yuushya:road_marking_arrow_backward":1,"minecraft:dirt":58,"xercapaint:item_canvas":2,"yuushya:white_windows_0":1,"yuushya:acacia_tall_door":2,"minecraft:apple":4,"yuushya:oak_windows_0":1,"yuushya:gray_windows_corner_0":1,"yuushya:traffic_sign_17":1,"yuushya:oak_tall_door":6,"school:alcohol_lamp":2,"yuushya:villa_0":1,"yuushya:traffic_lights_0":1,"school:laboratory_sugar":1,"school:spring_festival_couplets":1,"yuushya:composite_building":1,"netmusic:music_cd":1,"yuushya:road_marking_arrow_left":1,"yuushya:traffic_sign_14":1,"yuushya:hanzi_banner_1":2,"xercapaint:item_canvas_long":1,"yuushya:iron_tall_door":4,"yuushya:mounted_utility_service_drop":1,"yuushya:traffic_lights_4":1,"minecraft:polished_diorite":1,"school:outdoorspeakers":1,"minecraft:bone_meal":1},"minecraft:custom":{"minecraft:open_shulker_box":6,"minecraft:leave_game":15,"minecraft:time_since_death":538063,"minecraft:climb_one_cm":176,"minecraft:sprint_one_cm":36214,"minecraft:walk_one_cm":3480360,"minecraft:drop":28,"minecraft:play_time":3104542,"minecraft:deaths":4,"minecraft:sneak_time":17905,"minecraft:walk_under_water_one_cm":1345,"minecraft:jump":3175,"minecraft:walk_on_water_one_cm":502,"minecraft:total_world_time":3104542,"minecraft:interact_with_stonecutter":4,"minecraft:time_since_rest":538763,"minecraft:damage_taken":180,"minecraft:fly_one_cm":14537299,"minecraft:open_chest":37,"minecraft:crouch_one_cm":2220,"minecraft:inspect_dispenser":46},"minecraft:dropped":{"minecraft:water_bucket":1,"yuushya:fire_hydrant":1,"minecraft:gray_stained_glass_pane":1,"net_music_list:music_list":1,"yuushya:road_marking_arrow_backward":1,"yuushya:stone_pier":1,"yuushya:traffic_lights_3":1,"yuushya:wire":1,"minecraft:stick":1,"minecraft:dirt":1,"yuushya:traffic_sign_17":1,"yuushya:composite_building":1,"yuushya:traffic_lights_4":1,"yuushya:gray_windows_corner_1":1,"yuushya:hanzi_banner_1":1,"yuushya:form_trans_item":1,"yuushya:sign_8":1,"minecraft:string":1,"yuushya:villa_0":1,"yuushya:traffic_sign_8":1,"theatricalextralights:moving_vl6":1,"yuushya:gray_windows_corner_0":1,"yuushya:traffic_sign_14":1,"yuushya:mounted_utility_service_drop":1,"yuushya:traffic_sign_12":1,"yuushya:road_marking_arrow_forward":1,"yuushya:road_marking_arrow_left":1,"yuushya:traffic_lights_2":1}},"DataVersion":3465}