{"stats":{"minecraft:picked_up":{"yuushya:grille_1":1,"refurbished_furniture:wrench":1,"yuushya:form_trans_item":1,"yuushya:phone":1,"yuushya:large_water_bottle":1,"yuushya:stone_pier":1,"yuushya:goods_shelf_snack":1,"minecraft:light":64,"yuushya:jungle_tall_door":6,"yuushya:wire":1,"minecraft:string":1,"yuushya:traffic_lights_3":1,"yuushya:goods_shelf_jam":1,"yuushya:sign_8":1,"yuushya:gray_windows_door_slide":3,"yuushya:road_marking_arrow_forward":1,"yuushya:traffic_sign_8":1,"minecraft:coal_block":62,"minecraft:dark_oak_door":1,"minecraft:stick":1,"net_music_list:music_list":3,"yuushya:fire_hydrant":1,"yuushya:hakurei_reimu":1,"minecraft:gray_stained_glass_pane":1,"yuushya:traffic_lights_2":1,"yuushya:gray_windows_corner_1":1,"yuushya:traffic_sign_12":1,"yuushya:goods_shelf_potatochip":1,"minecraft:barrier":1,"refurbished_furniture:oak_light_ceiling_fan":1,"minecraft:water_bucket":1,"theatrical:configuration_card":1,"yuushya:road_marking_arrow_backward":1,"minecraft:dirt":58,"xercapaint:item_canvas":2,"yuushya:white_windows_0":1,"yuushya:acacia_tall_door":2,"minecraft:apple":4,"yuushya:oak_windows_0":1,"yuushya:gray_windows_corner_0":1,"yuushya:traffic_sign_17":1,"refurbished_furniture:dark_lightswitch":4,"school:alcohol_lamp":2,"yuushya:oak_tall_door":6,"yuushya:villa_0":1,"yuushya:traffic_lights_0":1,"school:laboratory_sugar":1,"yuushya:composite_building":1,"school:spring_festival_couplets":1,"netmusic:music_cd":1,"yuushya:road_marking_arrow_left":1,"yuushya:traffic_sign_14":1,"yuushya:hanzi_banner_1":2,"xercapaint:item_canvas_long":1,"yuushya:iron_tall_door":4,"yuushya:traffic_lights_4":1,"yuushya:mounted_utility_service_drop":1,"minecraft:polished_diorite":1,"school:outdoorspeakers":1,"minecraft:bone_meal":1},"minecraft:dropped":{"minecraft:water_bucket":1,"yuushya:fire_hydrant":1,"minecraft:gray_stained_glass_pane":1,"net_music_list:music_list":1,"yuushya:road_marking_arrow_backward":1,"yuushya:stone_pier":1,"yuushya:traffic_lights_3":1,"yuushya:wire":1,"minecraft:stick":1,"minecraft:dirt":1,"yuushya:traffic_sign_17":1,"yuushya:composite_building":1,"yuushya:traffic_lights_4":1,"yuushya:large_water_bottle":1,"yuushya:hanzi_banner_1":1,"yuushya:gray_windows_corner_1":1,"yuushya:form_trans_item":1,"yuushya:sign_8":1,"minecraft:string":1,"yuushya:villa_0":1,"yuushya:traffic_sign_8":1,"theatricalextralights:moving_vl6":1,"yuushya:gray_windows_corner_0":1,"yuushya:traffic_sign_14":1,"yuushya:mounted_utility_service_drop":1,"yuushya:traffic_sign_12":1,"yuushya:road_marking_arrow_forward":1,"minecraft:filled_map":4,"yuushya:road_marking_arrow_left":1,"yuushya:goods_shelf_potatochip":1,"school:ironbars":1,"yuushya:goods_shelf_jam":1,"yuushya:goods_shelf_snack":1,"yuushya:traffic_lights_2":1},"minecraft:used":{"yuushya:utility_pole":264,"school:dvbts":7,"yuushya:package_1":11,"theatricalextralights:x8par_warm":1,"yuushya:freezer_":14,"yuushya:traffic_sign_8":3,"yuushya:empty_goods_shelf_double":12,"minecraft:iron_bars":38,"yuushya:fire_hydrant":12,"minecraft:flint_and_steel":1,"yuushya:rusty_ventilator":2,"school:slidingwindows_green":6,"minecraft:smooth_quartz_slab":126,"minecraft:spruce_planks":159,"minecraft:red_concrete":1,"yuushya:big_package":4,"minecraft:oak_sign":23,"theatricalextralights:washlight":64,"yuushya:guitar":2,"yuushya:ceiling_cctv_camera":15,"yuushya:audio_a_acacia_blindwall":20,"minecraft:tinted_glass":20,"minecraft:chest":20,"minecraft:stone":407,"refurbished_furniture:light_fridge":4,"refurbished_furniture:orange_sofa":6,"yuushya:scroll_door_1":10,"yuushya:fire_extinguisher":17,"yuushya:pipe_vertical":15,"yuushya:goods_shelf_jam":4,"yuushya:gray_windows_door_slide":6,"yuushya:ceiling_fan":2,"school:acina":3,"theatricalextralights:laser":8,"theatricalextralights:moving_vl6":15,"school:ac_large_out":35,"theatricalextralights:a2x2par64_white":3,"yuushya:luorescent_lamp":70,"yuushya:modern_lamp_2":1,"yuushya:road_marking_arrow_forward":12,"minecraft:dirt":150,"theatricalextralights:beam_7r":17,"yuushya:hanger_rod":13,"theatricalextralights:truss_3lights":4,"yuushya:ventilator":5,"yuushya:mounted_tv":1,"candlelight:oak_cabinet":27,"school:slidingwindows_blue":19,"refurbished_furniture:white_sofa":4,"yuushya:road_light":39,"yuushya:audio_large":1,"yuushya:horizontal_utility_pole":50,"yuushya:raw_oak_vertical_drawer":29,"minecraft:stone_stairs":194,"school:activeopticalaccessdevices":10,"yuushya:audio":1,"school:outdoorspeakers":1,"theatricalextralights:strobe":1,"minecraft:stripped_spruce_log":59,"netmusic:music_player":1,"minecraft:polished_diorite":198,"minecraft:dark_oak_planks":103,"yuushya:oak_windows_0":2,"minecraft:glass":168,"yuushya:gray_windows_corner_0":2,"yuushya:soot_pipe":21,"yuushya:gray_windows_corner_1":14,"minecraft:sea_lantern":246,"yuushya:gas_stove_block":13,"minecraft:bricks":131,"yuushya:soot_pipe_exhaust":5,"yuushya:tall_safe":2,"yuushya:phone":1,"minecraft:grass_block":17,"yuushya:deployed_utility_service_drop":128,"yuushya:floor_fan_":1,"minecraft:lantern":10,"minecraft:quartz_block":1,"yuushya:boom_box":1,"minecraft:polished_andesite_stairs":11,"yuushya:telephone_0":3,"yuushya:goods_shelf_potatochip":3,"school:seewo_bsod":18,"school:nocrttv":1,"minecraft:dark_oak_slab":361,"school:deskwithdesktopcomputer":3,"minecraft:smooth_quartz":636,"yuushya:stone_pier":51,"refurbished_furniture:dark_lightswitch":55,"yuushya:traffic_sign_0":3,"minecraft:diorite_wall":12,"yuushya:utility_pole_cross":30,"minecraft:stone_bricks":1,"yuushya:refrigerator":2,"yuushya:gray_windows_1":128,"yuushya:vending_machine_gray_v":5,"yuushya:ventilator_outer_part":10,"net_music_list:music_list":3,"school:greendoubleglasswindows":1,"theatrical:pipe":17,"minecraft:iron_trapdoor":5,"yuushya:bottles":2,"yuushya:air_conditioner":1,"school:cornerwindows_hengsu_3":2,"school:laboratory_sugar":3,"school:ironbars":972,"yuushya:road_marking_7":13,"yuushya:pipe_corner_bottom_right":1,"school:dtmbdvbt":3,"yuushya:form_trans_item":252,"yuushya:pipe_corner_top_right":29,"yuushya:white_cat":2,"webdisplays:screencfg":3,"theatrical:basic_lighting_desk":13,"refurbished_furniture:oak_table":394,"school:top_lamp":1,"webdisplays:linker":4,"yuushya:traffic_sign_14":3,"yuushya:soot_pipe_bottom":2,"minecraft:dark_oak_stairs":41,"minecraft:water_bucket":42,"yuushya:tall_work_light":4,"yuushya:power_house":6,"minecraft:end_rod":34,"minecraft:spruce_door":2,"theatrical:truss":1058,"yuushya:mounted_mirror":1,"yuushya:tactile_paving_spot":10,"yuushya:phone_egg_cobblestone":33,"yuushya:light_gray_worn_concrete":2068,"yuushya:old_tv":3,"minecraft:polished_andesite":655,"school:schooltables":18,"school:notv":1,"minecraft:oak_planks":198,"yuushya:traffic_sign_12":9,"minecraft:polished_diorite_slab":2,"yuushya:raw_acacia_vertical_drawer":46,"yuushya:traffic_sign_17":4,"theatrical:moving_wash":1,"minecraft:redstone_block":2,"yuushya:iron_hollow_stairs_1":38,"yuushya:traffic_lights_1":16,"yuushya:traffic_lights_3":1,"yuushya:goods_shelf_wine":3,"yuushya:sign_8":3,"minecraft:smooth_quartz_stairs":297,"school:old_pc_gslc":9,"school:pcmc":1,"school:smallwindowsblue":1,"yuushya:road_marking_0":466,"yuushya:air_conditioning_condenser":12,"minecraft:rail":24,"yuushya:inner_bed_2":4,"yuushya:fluorescent_lamp":12,"yuushya:orange_tile_lower":20,"minecraft:oak_slab":16,"theatricalextralights:mac_vip":4,"school:satellitetelevision":6,"refurbished_furniture:oak_light_ceiling_fan":8,"minecraft:yellow_concrete":1,"minecraft:gray_concrete":588,"school:broadcastcrew":1,"theatricalextralights:rgb_bar":2,"yuushya:toilet":6,"yuushya:tall_iron_fence_stairs_sym":19,"minecraft:dark_oak_door":21,"minecraft:oak_log":83,"yuushya:audio_large_a_acacia_blindwall":13,"school:restaurantexhausthood":2,"minecraft:sticky_piston":1,"school:slidingwindows_green_1":2,"yuushya:tactile_paving":36,"minecraft:piston":6,"theatricalextralights:a2x2par64_blue":2,"minecraft:lever":10,"yuushya:rusty_power_house":17,"yuushya:goods_shelf_soft_drink":21,"yuushya:road_marking_arrow_right":6,"minecraft:command_block":4,"minecraft:daylight_detector":5,"refurbished_furniture:light_ceiling_light":41,"yuushya:soot_pipe_horizontal":9,"theatricalextralights:par1000_white":1,"minecraft:gray_stained_glass_pane":455,"yuushya:cctv_camera":38,"yuushya:road_marking_5":11,"yuushya:power_distributor":36,"yuushya:bicycle_gray_wool":1,"yuushya:mounted_pipe_vertical":7,"minecraft:brown_stained_glass":118,"yuushya:wire":1682,"minecraft:string":1,"minecraft:oak_button":2,"yuushya:road_marking_1":190,"minecraft:stone_button":4,"yuushya:bed_frame_3":3,"yuushya:drain":26,"refurbished_furniture:light_gray_kitchen_sink":1,"yuushya:street_light":45,"school:extralargeslidingwindows_green":3,"minecraft:polished_granite":84,"refurbished_furniture:spruce_table":3,"minecraft:iron_door":5,"yuushya:traffic_lights_0":16,"school:window_old_down":1,"minecraft:polished_andesite_slab":375,"yuushya:road_marking_arrow_left":10,"yuushya:mounted_utility_service_drop":8,"yuushya:goods_shelf_small_soft_drink":3,"yuushya:tall_iron_fence_middle_support":67,"minecraft:brown_stained_glass_pane":25,"yuushya:goods_shelf_milk":4,"yuushya:pipe_hub":9,"yuushya:goods_shelf_paste":18,"yuushya:jack":30,"yuushya:villa_0":1,"yuushya:hanzi_banner_1":1,"refurbished_furniture:oak_kitchen_sink":2,"yuushya:incandescent_lamp":2,"yuushya:ceiling_hanger_rod_anchor":8,"school:acin_b":3,"school:ubuntu":1,"theatrical:redstone_interface":16,"minecraft:chain":3,"minecraft:glass_pane":115,"minecraft:smooth_stone_slab":199,"yuushya:package_0":7,"minecraft:white_concrete":896,"minecraft:gray_wool":359,"webdisplays:screen":291,"school:alcohol_lamp":17,"minecraft:smooth_stone":236,"yuushya:goods_shelf_snack":1,"school:old_pc_on":1,"refurbished_furniture:oak_chair":14},"minecraft:custom":{"minecraft:open_shulker_box":6,"minecraft:leave_game":17,"minecraft:time_since_death":785128,"minecraft:climb_one_cm":176,"minecraft:sprint_one_cm":36757,"minecraft:walk_one_cm":4651766,"minecraft:drop":37,"minecraft:play_time":3351607,"minecraft:deaths":4,"minecraft:sneak_time":20767,"minecraft:walk_under_water_one_cm":1345,"minecraft:jump":3773,"minecraft:walk_on_water_one_cm":502,"minecraft:total_world_time":3351607,"minecraft:interact_with_stonecutter":4,"minecraft:time_since_rest":785828,"minecraft:damage_taken":180,"minecraft:fly_one_cm":16576401,"minecraft:open_chest":54,"minecraft:crouch_one_cm":2724,"minecraft:inspect_dispenser":46},"minecraft:crafted":{"yuushya:audio_large_a_acacia_blindwall":1,"yuushya:audio_a_acacia_blindwall":1,"yuushya:phone_egg_cobblestone":1}},"DataVersion":3465}