{"stats":{"minecraft:dropped":{"theatrical:moving_light":2,"netmusic:music_cd":2,"minecraft:quartz_block":5,"minecraft:smooth_quartz":1},"minecraft:picked_up":{"school:alcohol_lamp":1,"minecraft:quartz_block":16,"minecraft:stone_bricks":2,"netmusic:music_cd":2,"theatrical:moving_light":1,"school:classroomdoors":2,"minecraft:dirt":6},"minecraft:custom":{"minecraft:time_since_rest":25147,"minecraft:play_time":25147,"minecraft:sprint_one_cm":517,"minecraft:walk_one_cm":56655,"minecraft:sneak_time":37,"minecraft:walk_under_water_one_cm":69,"minecraft:drop":10,"minecraft:jump":213,"minecraft:time_since_death":25147,"minecraft:walk_on_water_one_cm":1319,"minecraft:total_world_time":25147,"minecraft:fly_one_cm":153056},"minecraft:used":{"minecraft:stone_bricks":18,"school:classroomdoors":2,"minecraft:grass_block":17,"minecraft:quartz_block":48,"theatrical:moving_light":4,"minecraft:smooth_quartz":1,"school:alcohol_lamp":2}},"DataVersion":3465}