{
  "refurbished_furniture:recipes/misc/constructing/birch_basin": {
    "criteria": {
      "has_quartz_block": "2025-12-03 03:46:04 +0800"
    },
    "done": true
  },
  "refurbished_furniture:recipes/misc/constructing/acacia_toilet": {
    "criteria": {
      "has_quartz_block": "2025-12-03 03:46:04 +0800"
    },
    "done": true
  },
  "minecraft:recipes/building_blocks/smooth_quartz_slab_from_smooth_quartz_stonecutting": {
    "criteria": {
      "has_smooth_quartz": "2025-12-03 03:57:03 +0800"
    },
    "done": true
  },
  "refurbished_furniture:recipes/misc/constructing/oak_toilet": {
    "criteria": {
      "has_quartz_block": "2025-12-03 03:46:04 +0800"
    },
    "done": true
  },
  "minecraft:recipes/building_blocks/smooth_quartz_slab": {
    "criteria": {
      "has_smooth_quartz": "2025-12-03 03:57:03 +0800"
    },
    "done": true
  },
  "refurbished_furniture:recipes/misc/constructing/mangrove_bath": {
    "criteria": {
      "has_quartz_block": "2025-12-03 03:46:04 +0800"
    },
    "done": true
  },
  "minecraft:recipes/decorations/stone_brick_wall": {
    "criteria": {
      "has_stone_bricks": "2025-12-03 03:46:04 +0800"
    },
    "done": true
  },
  "refurbished_furniture:recipes/misc/constructing/oak_kitchen_sink": {
    "criteria": {
      "has_quartz_block": "2025-12-03 03:46:04 +0800"
    },
    "done": true
  },
  "refurbished_furniture:recipes/misc/constructing/jungle_bath": {
    "criteria": {
      "has_quartz_block": "2025-12-03 03:46:04 +0800"
    },
    "done": true
  },
  "refurbished_furniture:recipes/misc/constructing/plate": {
    "criteria": {
      "has_quartz_block": "2025-12-03 03:46:04 +0800"
    },
    "done": true
  },
  "minecraft:recipes/building_blocks/quartz_slab": {
    "criteria": {
      "has_quartz_block": "2025-12-03 03:46:04 +0800"
    },
    "done": true
  },
  "refurbished_furniture:recipes/misc/constructing/spruce_kitchen_sink": {
    "criteria": {
      "has_quartz_block": "2025-12-03 03:46:04 +0800"
    },
    "done": true
  },
  "refurbished_furniture:recipes/misc/constructing/dark_oak_toilet": {
    "criteria": {
      "has_quartz_block": "2025-12-03 03:46:04 +0800"
    },
    "done": true
  },
  "refurbished_furniture:recipes/misc/constructing/cherry_bath": {
    "criteria": {
      "has_quartz_block": "2025-12-03 03:46:04 +0800"
    },
    "done": true
  },
  "refurbished_furniture:recipes/misc/constructing/acacia_bath": {
    "criteria": {
      "has_quartz_block": "2025-12-03 03:46:04 +0800"
    },
    "done": true
  },
  "minecraft:recipes/building_blocks/quartz_bricks": {
    "criteria": {
      "has_quartz_block": "2025-12-03 03:46:04 +0800"
    },
    "done": true
  },
  "refurbished_furniture:recipes/misc/constructing/warped_kitchen_sink": {
    "criteria": {
      "has_quartz_block": "2025-12-03 03:46:04 +0800"
    },
    "done": true
  },
  "refurbished_furniture:recipes/misc/constructing/dark_oak_basin": {
    "criteria": {
      "has_quartz_block": "2025-12-03 03:46:04 +0800"
    },
    "done": true
  },
  "minecraft:recipes/building_blocks/cracked_stone_bricks": {
    "criteria": {
      "has_stone_bricks": "2025-12-03 03:46:04 +0800"
    },
    "done": true
  },
  "net_music_list:recipes/misc/music_player": {
    "criteria": {
      "has_cd": "2025-12-03 03:49:06 +0800"
    },
    "done": true
  },
  "refurbished_furniture:recipes/misc/constructing/crimson_toilet": {
    "criteria": {
      "has_quartz_block": "2025-12-03 03:46:04 +0800"
    },
    "done": true
  },
  "minecraft:recipes/building_blocks/stone_brick_stairs_from_stone_bricks_stonecutting": {
    "criteria": {
      "has_stone_bricks": "2025-12-03 03:46:04 +0800"
    },
    "done": true
  },
  "refurbished_furniture:recipes/misc/constructing/cherry_basin": {
    "criteria": {
      "has_quartz_block": "2025-12-03 03:46:04 +0800"
    },
    "done": true
  },
  "refurbished_furniture:recipes/misc/constructing/birch_kitchen_sink": {
    "criteria": {
      "has_quartz_block": "2025-12-03 03:46:04 +0800"
    },
    "done": true
  },
  "minecraft:recipes/building_blocks/stone_brick_stairs": {
    "criteria": {
      "has_stone_bricks": "2025-12-03 03:46:04 +0800"
    },
    "done": true
  },
  "candlelight:recipes/stone_bricks_stove": {
    "criteria": {
      "has_stone_bricks": "2025-12-03 03:46:04 +0800"
    },
    "done": true
  },
  "refurbished_furniture:recipes/misc/constructing/oak_bath": {
    "criteria": {
      "has_quartz_block": "2025-12-03 03:46:04 +0800"
    },
    "done": true
  },
  "minecraft:recipes/building_blocks/chiseled_stone_bricks": {
    "criteria": {
      "has_tag": "2025-12-03 03:46:04 +0800"
    },
    "done": true
  },
  "minecraft:recipes/decorations/crafting_table": {
    "criteria": {
      "unlock_right_away": "2025-12-03 03:39:02 +0800"
    },
    "done": true
  },
  "minecraft:recipes/transportation/cherry_boat": {
    "criteria": {
      "in_water": "2025-12-03 03:46:50 +0800"
    },
    "done": true
  },
  "refurbished_furniture:recipes/misc/constructing/mangrove_basin": {
    "criteria": {
      "has_quartz_block": "2025-12-03 03:46:04 +0800"
    },
    "done": true
  },
  "refurbished_furniture:recipes/misc/constructing/birch_bath": {
    "criteria": {
      "has_quartz_block": "2025-12-03 03:46:04 +0800"
    },
    "done": true
  },
  "minecraft:recipes/building_blocks/quartz_pillar_from_quartz_block_stonecutting": {
    "criteria": {
      "has_quartz_block": "2025-12-03 03:46:04 +0800"
    },
    "done": true
  },
  "refurbished_furniture:recipes/misc/constructing/spruce_bath": {
    "criteria": {
      "has_quartz_block": "2025-12-03 03:46:04 +0800"
    },
    "done": true
  },
  "refurbished_furniture:recipes/misc/constructing/dark_oak_kitchen_sink": {
    "criteria": {
      "has_quartz_block": "2025-12-03 03:46:04 +0800"
    },
    "done": true
  },
  "refurbished_furniture:recipes/misc/constructing/oak_basin": {
    "criteria": {
      "has_quartz_block": "2025-12-03 03:46:04 +0800"
    },
    "done": true
  },
  "refurbished_furniture:recipes/misc/constructing/dark_oak_bath": {
    "criteria": {
      "has_quartz_block": "2025-12-03 03:46:04 +0800"
    },
    "done": true
  },
  "refurbished_furniture:recipes/misc/constructing/birch_toilet": {
    "criteria": {
      "has_quartz_block": "2025-12-03 03:46:04 +0800"
    },
    "done": true
  },
  "minecraft:recipes/transportation/bamboo_raft": {
    "criteria": {
      "in_water": "2025-12-03 03:46:50 +0800"
    },
    "done": true
  },
  "refurbished_furniture:recipes/misc/constructing/crimson_basin": {
    "criteria": {
      "has_quartz_block": "2025-12-03 03:46:04 +0800"
    },
    "done": true
  },
  "refurbished_furniture:recipes/misc/constructing/crimson_bath": {
    "criteria": {
      "has_quartz_block": "2025-12-03 03:46:04 +0800"
    },
    "done": true
  },
  "farm_and_charm:main/root": {
    "criteria": {
      "example_criterion": "2025-12-03 03:39:03 +0800"
    },
    "done": true
  },
  "minecraft:recipes/building_blocks/quartz_pillar": {
    "criteria": {
      "has_quartz_block": "2025-12-03 03:46:04 +0800"
    },
    "done": true
  },
  "minecraft:recipes/transportation/spruce_boat": {
    "criteria": {
      "in_water": "2025-12-03 03:46:50 +0800"
    },
    "done": true
  },
  "minecraft:recipes/building_blocks/quartz_stairs_from_quartz_block_stonecutting": {
    "criteria": {
      "has_quartz_block": "2025-12-03 03:46:04 +0800"
    },
    "done": true
  },
  "refurbished_furniture:recipes/misc/constructing/mangrove_kitchen_sink": {
    "criteria": {
      "has_quartz_block": "2025-12-03 03:46:04 +0800"
    },
    "done": true
  },
  "school:school_mod": {
    "criteria": {
      "school_mod_0": "2025-12-03 03:39:02 +0800"
    },
    "done": true
  },
  "minecraft:recipes/transportation/birch_boat": {
    "criteria": {
      "in_water": "2025-12-03 03:46:50 +0800"
    },
    "done": true
  },
  "refurbished_furniture:recipes/misc/constructing/warped_basin": {
    "criteria": {
      "has_quartz_block": "2025-12-03 03:46:04 +0800"
    },
    "done": true
  },
  "minecraft:recipes/transportation/oak_boat": {
    "criteria": {
      "in_water": "2025-12-03 03:46:50 +0800"
    },
    "done": true
  },
  "minecraft:recipes/decorations/stone_brick_wall_from_stone_bricks_stonecutting": {
    "criteria": {
      "has_stone_bricks": "2025-12-03 03:46:04 +0800"
    },
    "done": true
  },
  "refurbished_furniture:recipes/misc/constructing/mangrove_toilet": {
    "criteria": {
      "has_quartz_block": "2025-12-03 03:46:04 +0800"
    },
    "done": true
  },
  "minecraft:recipes/building_blocks/smooth_quartz_stairs_from_smooth_quartz_stonecutting": {
    "criteria": {
      "has_smooth_quartz": "2025-12-03 03:57:03 +0800"
    },
    "done": true
  },
  "refurbished_furniture:recipes/misc/constructing/spruce_toilet": {
    "criteria": {
      "has_quartz_block": "2025-12-03 03:46:04 +0800"
    },
    "done": true
  },
  "minecraft:recipes/transportation/mangrove_boat": {
    "criteria": {
      "in_water": "2025-12-03 03:46:50 +0800"
    },
    "done": true
  },
  "refurbished_furniture:recipes/misc/constructing/crimson_kitchen_sink": {
    "criteria": {
      "has_quartz_block": "2025-12-03 03:46:04 +0800"
    },
    "done": true
  },
  "minecraft:recipes/building_blocks/quartz_stairs": {
    "criteria": {
      "has_quartz_block": "2025-12-03 03:46:04 +0800"
    },
    "done": true
  },
  "refurbished_furniture:recipes/misc/constructing/warped_bath": {
    "criteria": {
      "has_quartz_block": "2025-12-03 03:46:04 +0800"
    },
    "done": true
  },
  "refurbished_furniture:recipes/misc/constructing/acacia_basin": {
    "criteria": {
      "has_quartz_block": "2025-12-03 03:46:04 +0800"
    },
    "done": true
  },
  "minecraft:recipes/building_blocks/smooth_quartz": {
    "criteria": {
      "has_quartz_block": "2025-12-03 03:46:04 +0800"
    },
    "done": true
  },
  "refurbished_furniture:recipes/misc/constructing/spruce_basin": {
    "criteria": {
      "has_quartz_block": "2025-12-03 03:46:04 +0800"
    },
    "done": true
  },
  "refurbished_furniture:recipes/misc/constructing/jungle_basin": {
    "criteria": {
      "has_quartz_block": "2025-12-03 03:46:04 +0800"
    },
    "done": true
  },
  "minecraft:recipes/building_blocks/chiseled_quartz_block": {
    "criteria": {
      "has_quartz_block": "2025-12-03 03:46:04 +0800"
    },
    "done": true
  },
  "minecraft:recipes/building_blocks/quartz_bricks_from_quartz_block_stonecutting": {
    "criteria": {
      "has_quartz_block": "2025-12-03 03:46:04 +0800"
    },
    "done": true
  },
  "minecraft:recipes/building_blocks/stone_brick_slab_from_stone_bricks_stonecutting": {
    "criteria": {
      "has_stone_bricks": "2025-12-03 03:46:04 +0800"
    },
    "done": true
  },
  "minecraft:recipes/building_blocks/stone_brick_slab": {
    "criteria": {
      "has_stone_bricks": "2025-12-03 03:46:04 +0800"
    },
    "done": true
  },
  "candlelight:recipes/stone_bricks_kitchen_sink": {
    "criteria": {
      "has_stone_bricks": "2025-12-03 03:46:04 +0800"
    },
    "done": true
  },
  "minecraft:recipes/building_blocks/chiseled_stone_bricks_from_stone_bricks_stonecutting": {
    "criteria": {
      "has_stone_bricks": "2025-12-03 03:46:04 +0800"
    },
    "done": true
  },
  "refurbished_furniture:recipes/misc/constructing/acacia_kitchen_sink": {
    "criteria": {
      "has_quartz_block": "2025-12-03 03:46:04 +0800"
    },
    "done": true
  },
  "brewery:main/root": {
    "criteria": {
      "seeds": "2025-12-03 03:41:16 +0800"
    },
    "done": true
  },
  "school:angry_chemistry_teacher": {
    "criteria": {
      "angry_chemistry_teacher_0": "2025-12-03 03:45:50 +0800"
    },
    "done": true
  },
  "minecraft:recipes/transportation/acacia_boat": {
    "criteria": {
      "in_water": "2025-12-03 03:46:50 +0800"
    },
    "done": true
  },
  "refurbished_furniture:recipes/misc/constructing/cherry_toilet": {
    "criteria": {
      "has_quartz_block": "2025-12-03 03:46:04 +0800"
    },
    "done": true
  },
  "minecraft:recipes/building_blocks/chiseled_quartz_block_from_quartz_block_stonecutting": {
    "criteria": {
      "has_quartz_block": "2025-12-03 03:46:04 +0800"
    },
    "done": true
  },
  "net_music_list:recipes/misc/music_player1": {
    "criteria": {
      "has_cd": "2025-12-03 03:49:06 +0800"
    },
    "done": true
  },
  "minecraft:recipes/building_blocks/quartz_slab_from_stonecutting": {
    "criteria": {
      "has_quartz_block": "2025-12-03 03:46:04 +0800"
    },
    "done": true
  },
  "minecraft:adventure/adventuring_time": {
    "criteria": {
      "minecraft:plains": "2025-12-03 03:39:03 +0800"
    },
    "done": false
  },
  "yuushya:recipes/pictor": {
    "criteria": {
      "has_iron_ingot": "2025-12-03 03:41:16 +0800"
    },
    "done": true
  },
  "refurbished_furniture:recipes/misc/constructing/cherry_kitchen_sink": {
    "criteria": {
      "has_quartz_block": "2025-12-03 03:46:04 +0800"
    },
    "done": true
  },
  "refurbished_furniture:recipes/misc/constructing/jungle_kitchen_sink": {
    "criteria": {
      "has_quartz_block": "2025-12-03 03:46:04 +0800"
    },
    "done": true
  },
  "refurbished_furniture:recipes/misc/constructing/jungle_toilet": {
    "criteria": {
      "has_quartz_block": "2025-12-03 03:46:04 +0800"
    },
    "done": true
  },
  "candlelight:recipes/stone_bricks_counter": {
    "criteria": {
      "has_stone_bricks": "2025-12-03 03:46:04 +0800"
    },
    "done": true
  },
  "candlelight:main/root": {
    "criteria": {
      "seeds": "2025-12-03 03:41:16 +0800"
    },
    "done": true
  },
  "minecraft:recipes/building_blocks/smooth_quartz_stairs": {
    "criteria": {
      "has_smooth_quartz": "2025-12-03 03:57:03 +0800"
    },
    "done": true
  },
  "farm_and_charm:main/find_wild_crops": {
    "criteria": {
      "oat": "2025-12-03 03:41:16 +0800",
      "wild_strawberry": "2025-12-03 03:41:16 +0800",
      "corn": "2025-12-03 03:41:16 +0800",
      "onion": "2025-12-03 03:41:16 +0800",
      "wild_corn": "2025-12-03 03:41:16 +0800",
      "wild_ribwort": "2025-12-03 03:41:16 +0800",
      "strawberry": "2025-12-03 03:41:16 +0800",
      "wild_nettle": "2025-12-03 03:41:16 +0800",
      "barley": "2025-12-03 03:41:16 +0800",
      "tomato": "2025-12-03 03:41:16 +0800",
      "lettuce": "2025-12-03 03:41:16 +0800",
      "wild_lettuce": "2025-12-03 03:41:16 +0800",
      "wild_tomatoes": "2025-12-03 03:41:16 +0800",
      "oat_seeds": "2025-12-03 03:41:16 +0800",
      "tomato_seeds": "2025-12-03 03:41:16 +0800",
      "barley_seeds": "2025-12-03 03:41:16 +0800",
      "strawberry_seeds": "2025-12-03 03:41:16 +0800",
      "lettuce_seeds": "2025-12-03 03:41:16 +0800",
      "kernels": "2025-12-03 03:41:16 +0800",
      "wild_barley": "2025-12-03 03:41:16 +0800",
      "wild_onion": "2025-12-03 03:41:16 +0800",
      "wild_oat": "2025-12-03 03:41:16 +0800"
    },
    "done": true
  },
  "minecraft:recipes/transportation/jungle_boat": {
    "criteria": {
      "in_water": "2025-12-03 03:46:50 +0800"
    },
    "done": true
  },
  "minecraft:recipes/transportation/dark_oak_boat": {
    "criteria": {
      "in_water": "2025-12-03 03:46:50 +0800"
    },
    "done": true
  },
  "refurbished_furniture:recipes/misc/constructing/warped_toilet": {
    "criteria": {
      "has_quartz_block": "2025-12-03 03:46:04 +0800"
    },
    "done": true
  },
  "DataVersion": 3465
}