{"stats":{"minecraft:used":{"supplementaries:slingshot":5,"minecraft:dark_oak_planks":87,"minecraft:trident":5,"xercapaint:item_canvas":6,"minecraft:crafting_table":2,"webdisplays:keyboard":1,"supplementaries:slidy_block":2,"minecraft:oak_button":2,"minecraft:ladder":5,"minecraft:stone_button":1,"xercapaint:item_easel":9,"supplementaries:cannon":5,"xercapaint:item_canvas_large":12,"minecraft:snowball":135,"supplementaries:soap":1,"webdisplays:screen":90,"supplementaries:speaker_block":2},"minecraft:custom":{"minecraft:time_since_rest":121065,"minecraft:open_chest":1,"minecraft:crouch_one_cm":2354,"minecraft:sprint_one_cm":35997,"minecraft:play_time":121065,"minecraft:walk_one_cm":126186,"minecraft:sneak_time":1435,"minecraft:drop":3,"minecraft:jump":356,"minecraft:leave_game":5,"minecraft:time_since_death":121065,"minecraft:climb_one_cm":388,"minecraft:total_world_time":121065,"minecraft:interact_with_crafting_table":3,"minecraft:fly_one_cm":375610,"minecraft:inspect_dispenser":4},"minecraft:picked_up":{"minecraft:dolphin_spawn_egg":1,"xercapaint:item_canvas_long":1,"minecraft:ladder":4,"xercapaint:item_canvas_tall":1,"xercapaint:item_canvas_large":7,"minecraft:stone_button":1,"minecraft:gunpowder":192,"minecraft:trident":2,"netmusic:music_cd":3,"xercapaint:item_canvas":6},"minecraft:dropped":{"supplementaries:soap":1,"netmusic:music_cd":1,"supplementaries:slidy_block":1}},"DataVersion":3465}