{"stats":{"minecraft:used":{"minecraft:item_frame":1,"minecraft:elytra":1,"minecraft:ender_eye":331,"minecraft:firework_rocket":609,"minecraft:experience_bottle":305,"minecraft:birch_door":1},"minecraft:custom":{"minecraft:jump":246,"minecraft:open_chest":1,"minecraft:time_since_rest":119983,"minecraft:crouch_one_cm":601,"minecraft:leave_game":7,"minecraft:play_time":119983,"minecraft:sprint_one_cm":27153,"minecraft:time_since_death":119983,"minecraft:walk_one_cm":148574,"minecraft:sneak_time":1913,"minecraft:total_world_time":119983,"minecraft:fly_one_cm":754616,"minecraft:aviate_one_cm":744209},"minecraft:picked_up":{"minecraft:ender_eye":257,"netmusic:music_cd":5}},"DataVersion":3465}