{"stats":{"minecraft:custom":{"minecraft:open_chest":1,"minecraft:time_since_rest":323839,"minecraft:crouch_one_cm":5409,"minecraft:sprint_one_cm":1954,"minecraft:play_time":323839,"minecraft:walk_one_cm":133319,"minecraft:sneak_time":13867,"minecraft:mob_kills":1,"minecraft:drop":2,"minecraft:jump":201,"minecraft:damage_dealt":200,"minecraft:leave_game":4,"minecraft:time_since_death":323839,"minecraft:total_world_time":323839,"minecraft:fly_one_cm":2326521,"minecraft:inspect_dispenser":2},"minecraft:used":{"theatricalextralights:moving_vl6":1,"webdisplays:linker":5,"minecraft:dark_oak_planks":158,"minecraft:oak_fence":71,"minecraft:dark_oak_stairs":27,"webdisplays:rctrl":4,"minecraft:dirt":54,"theatricalextralights:moving_vl2c":2,"theatrical:truss":2146,"minecraft:spruce_slab":16,"minecraft:chain":102,"theatrical:moving_light":34,"minecraft:spruce_planks":205,"minecraft:white_concrete":34,"webdisplays:screencfg":3,"minecraft:gray_wool":815,"theatricalextralights:strobe":97,"webdisplays:screen":452,"supplementaries:speaker_block":254,"theatrical:basic_lighting_desk":2,"minecraft:stripped_spruce_log":106,"minecraft:brown_terracotta":170},"minecraft:picked_up":{"supplementaries:speaker_block":1,"minecraft:firework_rocket":150,"theatricalextralights:moving_vl6":1,"minecraft:stripped_spruce_log":1,"netmusic:music_cd":1},"minecraft:dropped":{"minecraft:stripped_spruce_log":1,"supplementaries:speaker_block":1},"minecraft:killed":{"minecraft:wandering_trader":1}},"DataVersion":3465}