{"stats":{"minecraft:picked_up":{"netmusic:music_cd":5},"minecraft:custom":{"minecraft:jump":38,"minecraft:time_since_rest":42028,"minecraft:crouch_one_cm":266,"minecraft:sprint_one_cm":13840,"minecraft:play_time":42028,"minecraft:time_since_death":42028,"minecraft:walk_one_cm":23825,"minecraft:sneak_time":1241,"minecraft:total_world_time":42028,"minecraft:fly_one_cm":327704},"minecraft:used":{"brewery:whiskey_lilitusinglemalt":1,"minecraft:dark_oak_planks":2,"minecraft:glow_item_frame":1,"webdisplays:rctrl":1,"webdisplays:keyboard":1,"webdisplays:screen":2,"netmusic:music_player":1}},"DataVersion":3465}