{"stats":{"minecraft:dropped":{"school:chair":1,"school:strip_chandelier":2,"yuushya:traffic_sign_16":1,"minecraft:quartz_block":1,"school:tabletennistable":2,"minecraft:stone_bricks":2,"minecraft:iron_bars":1},"minecraft:mined":{"school:tabletennistable":1},"minecraft:picked_up":{"school:chair":1,"school:strip_chandelier":2,"school:desk":1,"yuushya:jungle_tall_door":6,"xercapaint:item_canvas":5,"school:fluorescentlamps":1,"minecraft:oak_sign":2,"minecraft:stone_bricks":1,"brewery:whiskey_highland_hearth":1,"school:tabletennistable":2,"xercapaint:item_easel":1,"yuushya:oak_tall_door":2,"yuushya:villa_0":1,"yuushya:butterfly":1,"yuushya:head_bucket":1,"xercapaint:item_palette":1,"school:top_lamp":1,"minecraft:quartz_block":1,"minecraft:iron_bars":1},"minecraft:custom":{"minecraft:interact_with_stonecutter":2,"minecraft:leave_game":4,"minecraft:time_since_death":49873,"minecraft:time_since_rest":49917,"minecraft:sprint_one_cm":265143,"minecraft:damage_taken":10630,"minecraft:walk_one_cm":646950,"minecraft:drop":10,"minecraft:fly_one_cm":1008076,"minecraft:crouch_one_cm":1684,"minecraft:play_time":207555,"minecraft:deaths":19,"minecraft:sneak_time":1625,"minecraft:jump":898,"minecraft:total_world_time":207555,"minecraft:fall_one_cm":101649,"minecraft:inspect_dispenser":3},"minecraft:used":{"school:ac_out":4,"minecraft:quartz_bricks":1,"minecraft:water_bucket":4,"school:podium":3,"minecraft:iron_bars":78,"xercapaint:item_canvas":4,"yuushya:electric_motorcycle":26,"minecraft:redstone":82,"yuushya:car_yellow_part_b":1,"minecraft:oak_sign":8,"xercapaint:item_easel":1,"yuushya:traffic_sign_16":7,"yuushya:recycle_bin_1":3,"yuushya:fire_extinguisher":4,"yuushya:blackboard":3,"yuushya:car_yellow_part_a":2,"school:tabletennistable":6,"school:desk":41,"school:acina":15,"school:blacktallwallcorner":5,"yuushya:car_white_part_a":20,"yuushya:car_blue_part_a":3,"yuushya:octagon_pavilion":1,"school:ac_large_out":1,"minecraft:anvil":25,"yuushya:park_stool":1,"yuushya:dining_truck":2,"minecraft:oak_slab":9,"school:chair":65,"yuushya:white_windows_door":5,"minecraft:blue_ice":4,"yuushya:bicycle":1,"yuushya:public_toilet_sign_woman":15,"minecraft:lever":2,"school:seewo":1,"school:tall_wall":100,"school:smallwindows_1":14,"yuushya:white_windows_0":2,"minecraft:sticky_piston":19,"minecraft:glass":2,"minecraft:netherite_block":231,"yuushya:classical_white_door_top":4,"minecraft:packed_ice":4,"yuushya:sakura_tree":2,"minecraft:lava_bucket":2,"minecraft:bookshelf":12,"school:greytallwall":35,"yuushya:power_distributor":2,"minecraft:grass_block":482,"yuushya:bicycle_cyan_wool":45,"minecraft:quartz_block":934,"school:seewo_bsod":2,"school:black_board":2,"yuushya:car_blue_part_b":3,"yuushya:park_stool_light_gray_concrete":4,"school:deskwithdesktopcomputer":14,"minecraft:smooth_quartz":217,"yuushya:car_white_part_b":11,"yuushya:truck_head_white":2,"minecraft:stone_bricks":855,"minecraft:item_frame":6,"minecraft:redstone_lamp":14,"school:strip_chandelier":3,"school:tall_wall_corner":2,"minecraft:glass_pane":19,"minecraft:repeating_command_block":1,"minecraft:ice":4,"school:fluorescentlamps":13,"brewery:whiskey_highland_hearth":6,"minecraft:splash_potion":250,"refurbished_furniture:oak_table":13},"minecraft:crafted":{"yuushya:bicycle_cyan_wool":1,"yuushya:park_stool_light_gray_concrete":1}},"DataVersion":3465}