{"stats":{"minecraft:picked_up":{"minecraft:stick":2,"refurbished_furniture:wrench":1,"minecraft:quartz_pillar":1},"minecraft:dropped":{"minecraft:quartz_pillar":1,"minecraft:stick":2},"minecraft:used":{"school:itmusthavebeen_optifinetodoit":2,"minecraft:black_concrete":66,"minecraft:dirt":28,"minecraft:terracotta":1,"theatrical:truss":1079,"minecraft:quartz_pillar":464,"refurbished_furniture:cheese_toastie":1,"minecraft:grass_block":2,"minecraft:spruce_planks":595,"minecraft:polished_granite":1,"minecraft:white_concrete":156,"brewery:whiskey_carrasconlabel":1,"webdisplays:screen":732,"minecraft:stripped_spruce_log":387},"minecraft:custom":{"minecraft:time_since_rest":478995,"minecraft:crouch_one_cm":155,"minecraft:sprint_one_cm":101247,"minecraft:play_time":478995,"minecraft:walk_one_cm":561656,"minecraft:sneak_time":781,"minecraft:drop":3,"minecraft:jump":592,"minecraft:leave_game":6,"minecraft:time_since_death":478995,"minecraft:total_world_time":478995,"minecraft:fly_one_cm":3124577}},"DataVersion":3465}