{"stats":{"minecraft:dropped":{"yuushya:traffic_sign_16":1,"school:tabletennistable":2,"minecraft:stone_bricks":2},"minecraft:mined":{"school:tabletennistable":1},"minecraft:picked_up":{"yuushya:oak_tall_door":2,"yuushya:villa_0":1,"yuushya:butterfly":1,"yuushya:head_bucket":1,"yuushya:jungle_tall_door":6,"xercapaint:item_palette":1,"xercapaint:item_canvas":5,"minecraft:oak_sign":2,"minecraft:stone_bricks":1,"brewery:whiskey_highland_hearth":1,"school:tabletennistable":2,"xercapaint:item_easel":1},"minecraft:custom":{"minecraft:time_since_rest":14512,"minecraft:sprint_one_cm":234879,"minecraft:damage_taken":10630,"minecraft:walk_one_cm":514260,"minecraft:drop":5,"minecraft:fly_one_cm":934909,"minecraft:crouch_one_cm":1684,"minecraft:play_time":172150,"minecraft:deaths":19,"minecraft:sneak_time":1550,"minecraft:jump":650,"minecraft:interact_with_stonecutter":2,"minecraft:leave_game":3,"minecraft:time_since_death":14468,"minecraft:total_world_time":172150,"minecraft:inspect_dispenser":3,"minecraft:fall_one_cm":101649},"minecraft:used":{"school:tall_wall":100,"minecraft:packed_ice":4,"minecraft:quartz_bricks":1,"minecraft:sticky_piston":19,"minecraft:glass":2,"yuushya:white_windows_0":2,"minecraft:netherite_block":231,"yuushya:classical_white_door_top":4,"yuushya:sakura_tree":2,"minecraft:iron_bars":61,"minecraft:lava_bucket":2,"xercapaint:item_canvas":4,"school:greytallwall":35,"yuushya:power_distributor":2,"yuushya:electric_motorcycle":26,"minecraft:grass_block":378,"yuushya:bicycle_cyan_wool":45,"minecraft:redstone":82,"minecraft:quartz_block":477,"minecraft:oak_sign":8,"yuushya:car_yellow_part_b":1,"school:seewo_bsod":2,"xercapaint:item_easel":1,"yuushya:traffic_sign_16":7,"school:black_board":2,"yuushya:car_blue_part_b":3,"minecraft:smooth_quartz":217,"yuushya:park_stool_light_gray_concrete":4,"yuushya:car_yellow_part_a":2,"yuushya:car_white_part_b":11,"school:deskwithdesktopcomputer":14,"yuushya:blackboard":3,"yuushya:fire_extinguisher":4,"school:tabletennistable":6,"yuushya:truck_head_white":2,"minecraft:stone_bricks":855,"school:blacktallwallcorner":5,"minecraft:item_frame":6,"yuushya:octagon_pavilion":1,"yuushya:car_white_part_a":20,"yuushya:car_blue_part_a":3,"minecraft:redstone_lamp":14,"minecraft:anvil":25,"yuushya:park_stool":1,"yuushya:dining_truck":2,"minecraft:oak_slab":9,"school:tall_wall_corner":2,"yuushya:white_windows_door":5,"minecraft:blue_ice":4,"minecraft:ice":4,"minecraft:glass_pane":19,"minecraft:repeating_command_block":1,"brewery:whiskey_highland_hearth":6,"yuushya:bicycle":1,"yuushya:public_toilet_sign_woman":15,"minecraft:splash_potion":250,"refurbished_furniture:oak_table":1,"minecraft:water_bucket":4},"minecraft:crafted":{"yuushya:bicycle_cyan_wool":1,"yuushya:park_stool_light_gray_concrete":1}},"DataVersion":3465}