{
  "minecraft:recipes/decorations/crafting_table": {
    "criteria": {
      "unlock_right_away": "2025-11-22 15:18:37 +0800"
    },
    "done": true
  },
  "farm_and_charm:main/root": {
    "criteria": {
      "example_criterion": "2025-11-22 15:18:38 +0800"
    },
    "done": true
  },
  "minecraft:adventure/adventuring_time": {
    "criteria": {
      "minecraft:plains": "2025-11-22 15:18:38 +0800"
    },
    "done": false
  },
  "brewery:main/root": {
    "criteria": {
      "seeds": "2025-11-22 16:01:38 +0800"
    },
    "done": true
  },
  "farm_and_charm:main/find_wild_crops": {
    "criteria": {
      "oat": "2025-11-22 16:01:38 +0800",
      "wild_strawberry": "2025-11-22 16:01:38 +0800",
      "corn": "2025-11-22 16:01:38 +0800",
      "onion": "2025-11-22 16:01:38 +0800",
      "wild_corn": "2025-11-22 16:01:38 +0800",
      "wild_ribwort": "2025-11-22 16:01:38 +0800",
      "strawberry": "2025-11-22 16:01:38 +0800",
      "wild_nettle": "2025-11-22 16:01:38 +0800",
      "barley": "2025-11-22 16:01:38 +0800",
      "tomato": "2025-11-22 16:01:38 +0800",
      "lettuce": "2025-11-22 16:01:38 +0800",
      "wild_lettuce": "2025-11-22 16:01:38 +0800",
      "wild_tomatoes": "2025-11-22 16:01:38 +0800",
      "oat_seeds": "2025-11-22 16:01:38 +0800",
      "tomato_seeds": "2025-11-22 16:01:38 +0800",
      "barley_seeds": "2025-11-22 16:01:38 +0800",
      "strawberry_seeds": "2025-11-22 16:01:38 +0800",
      "lettuce_seeds": "2025-11-22 16:01:38 +0800",
      "kernels": "2025-11-22 16:01:38 +0800",
      "wild_barley": "2025-11-22 16:01:38 +0800",
      "wild_onion": "2025-11-22 16:01:38 +0800",
      "wild_oat": "2025-11-22 16:01:38 +0800"
    },
    "done": true
  },
  "minecraft:end/elytra": {
    "criteria": {
      "elytra": "2025-11-22 16:02:06 +0800"
    },
    "done": true
  },
  "minecraft:recipes/decorations/end_crystal": {
    "criteria": {
      "has_ender_eye": "2025-11-22 16:27:59 +0800"
    },
    "done": true
  },
  "minecraft:recipes/decorations/ender_chest": {
    "criteria": {
      "has_ender_eye": "2025-11-22 16:27:59 +0800"
    },
    "done": true
  },
  "DataVersion": 3465
}