{"stats":{"minecraft:custom":{"minecraft:jump":158,"minecraft:time_since_rest":80988,"minecraft:crouch_one_cm":474,"minecraft:leave_game":5,"minecraft:play_time":80988,"minecraft:sprint_one_cm":14000,"minecraft:time_since_death":80988,"minecraft:walk_one_cm":87530,"minecraft:sneak_time":1593,"minecraft:total_world_time":80988,"minecraft:fly_one_cm":611890,"minecraft:aviate_one_cm":521843},"minecraft:picked_up":{"minecraft:ender_eye":257},"minecraft:used":{"minecraft:elytra":1,"minecraft:ender_eye":331,"minecraft:firework_rocket":458}},"DataVersion":3465}