{"stats":{"minecraft:dropped":{"refurbished_furniture:light_toaster":3,"minecraft:repeating_command_block":1,"webdisplays:laserpointer":3,"minecraft:orange_dye":1,"xercapaint:item_canvas":2,"webdisplays:linker":1,"webdisplays:server":1,"minecraft:cobblestone_stairs":2,"minecraft:dirt":6,"refurbished_furniture:wrench":1,"farm_and_charm:farmers_bread":384,"minecraft:stone_button":1,"minecraft:yellow_dye":1,"minecraft:snowball":1,"minecraft:writable_book":1,"brewery:whiskey_lilitusinglemalt":1,"minecraft:sand":64,"minecraft:stripped_oak_wood":1,"minecraft:black_concrete":2,"minecraft:dark_oak_planks":19,"minecraft:white_wool":1,"minecraft:gray_dye":1,"net_music_list:manual":1,"minecraft:lever":7,"webdisplays:screen":4,"brewery:half_chicken":1201,"xercapaint:item_easel":2,"minecraft:pink_dye":1,"school:itmusthavebeen_optifinetodoit":2,"minecraft:lime_dye":1,"xercapaint:item_canvas_large":9,"brewery:brewery_banner":1,"theatrical:truss":65,"brewery:beer_wheat":4,"minecraft:gunpowder":1,"minecraft:quartz_block":3,"minecraft:lingering_potion":1,"minecraft:hopper":1,"minecraft:chest":1,"refurbished_furniture:knife":1,"minecraft:spruce_slab":1,"minecraft:white_dye":1,"refurbished_furniture:television_remote":4,"minecraft:written_book":4,"minecraft:splash_potion":6,"refurbished_furniture:orange_sofa":1,"minecraft:egg":1,"minecraft:firework_rocket":263,"webdisplays:minepad":1,"minecraft:oak_slab":3,"minecraft:stripped_spruce_log":1,"webdisplays:ownerthief":1,"minecraft:black_dye":1,"netmusic:music_cd":21,"brewery:breathalyzer":2,"net_music_list:music_list":18,"minecraft:smooth_quartz_stairs":1,"webdisplays:upgrade_gps":2,"minecraft:bookshelf":1,"minecraft:cyan_dye":1,"brewery:pork_knuckle":893,"minecraft:barrier":2,"minecraft:spectral_arrow":1,"xercapaint:item_canvas_long":5,"minecraft:chiseled_bookshelf":1,"minecraft:purple_dye":1,"minecraft:grass_block":12,"minecraft:coal_block":320,"minecraft:stick":1,"minecraft:polished_andesite":2,"brewery:beer_haley":1,"minecraft:gray_wool":3,"minecraft:blue_dye":2,"minecraft:green_dye":1,"netmusic:cd_burner":2,"minecraft:white_concrete":6,"minecraft:fire_charge":1,"minecraft:brown_terracotta":1,"minecraft:oak_stairs":4,"webdisplays:craftcomp_peripheral":2,"yuushya:large_water_bottle":2,"minecraft:red_dye":1,"minecraft:paper":65,"xercapaint:item_palette":2,"yuushya:villa_0":1,"yuushya:modern_lamp_1":1,"minecraft:redstone":65,"minecraft:polished_diorite":1,"minecraft:moss_carpet":1,"minecraft:brown_dye":1,"webdisplays:craftcomp_batpack":2,"netmusic:music_player":1,"minecraft:smooth_stone_slab":1,"farm_and_charm:dog_food":192,"minecraft:stripped_oak_log":3,"brewery:fried_chicken":897,"yuushya:cctv_camera":1,"minecraft:damaged_anvil":1,"minecraft:dirt_path":1,"brewery:sausage":2,"minecraft:flint_and_steel":2,"refurbished_furniture:light_electricity_generator":1,"minecraft:light_blue_dye":2,"candlelight:cooking_pan":2,"minecraft:spruce_planks":2,"minecraft:netherite_block":64,"minecraft:cake":1,"minecraft:pink_shulker_box":9,"refurbished_furniture:meatlovers_pizza_slice":1,"yuushya:frying_pan":1,"refurbished_furniture:white_sofa":1,"brewery:dumplings":1,"refurbished_furniture:spatula":1,"minecraft:light_gray_dye":1,"minecraft:bow":1,"minecraft:magenta_dye":1,"xercapaint:item_canvas_tall":1,"theatrical:basic_lighting_desk":1},"minecraft:mined":{"minecraft:stripped_spruce_log":1,"farm_and_charm:tool_rack":1},"minecraft:killed":{"minecraft:iron_golem":1,"minecraft:wandering_trader":6,"minecraft:villager":8},"minecraft:picked_up":{"minecraft:redstone_block":1,"minecraft:oak_stairs":5,"webdisplays:server":1,"yuushya:sleeping_ragdoll":1,"minecraft:pink_shulker_box":20,"netmusic:music_player":1,"webdisplays:upgrade_gps":1,"minecraft:tnt_minecart":1,"minecraft:smooth_stone":8,"minecraft:spruce_planks":2,"minecraft:red_dye":2,"minecraft:written_book":1,"minecraft:enchanted_golden_apple":37,"minecraft:coal_block":686,"webdisplays:screen":2,"farm_and_charm:pitchfork":1,"minecraft:torch":4,"net_music_list:music_list":23,"brewery:half_chicken":945,"minecraft:black_dye":1,"minecraft:quartz_block":2,"refurbished_furniture:light_toaster":1,"minecraft:command_block":6,"school:itmusthavebeen_optifinetodoit":4,"minecraft:blue_dye":2,"theatrical:basic_lighting_desk":3,"minecraft:barrier":1,"farm_and_charm:farmers_bread":447,"minecraft:magenta_dye":1,"refurbished_furniture:spatula":2,"minecraft:light_gray_dye":1,"net_music_list:manual":1,"minecraft:dirt":93,"farm_and_charm:tool_rack":1,"minecraft:light_blue_dye":2,"minecraft:oak_planks":2,"brewery:beer_hops":3,"brewery:pork_knuckle":696,"webdisplays:craftcomp_batpack":1,"refurbished_furniture:recycle_bin":175,"minecraft:sand":109,"refurbished_furniture:knife":1,"minecraft:stripped_spruce_log":2,"minecraft:grass_block":5,"minecraft:diamond_block":17,"minecraft:mossy_cobblestone":4,"minecraft:netherite_block":64,"minecraft:polished_andesite":1,"xercapaint:item_canvas_long":3,"minecraft:black_concrete":20,"minecraft:lever":8,"minecraft:writable_book":2,"theatrical:redstone_interface":1,"minecraft:white_concrete":2,"webdisplays:ownerthief":1,"minecraft:cyan_dye":1,"minecraft:firework_star":1,"minecraft:splash_potion":1,"minecraft:ladder":1,"brewery:sausage":1,"brewery:fried_chicken":513,"minecraft:elytra":1,"farm_and_charm:dog_food":320,"minecraft:moss_carpet":1,"brewery:whiskey_cristelwalker":4,"minecraft:chest":3,"xercapaint:item_easel":1,"minecraft:orange_dye":1,"theatricalextralights:strobe":1,"brewery:whiskey_jojannik":5,"minecraft:gray_dye":1,"minecraft:fire_charge":26,"minecraft:white_dye":1,"minecraft:stone_button":1,"minecraft:trident":1,"minecraft:redstone":136,"minecraft:brown_dye":1,"minecraft:dark_oak_planks":51,"theatricalextralights:followspot":1,"brewery:whiskey_lilitusinglemalt":4,"theatricalextralights:sharplus":1,"netmusic:cd_burner":1,"minecraft:white_wool":1,"minecraft:stripped_oak_log":3,"brewery:beer_nettle":5,"brewery:beer_haley":2,"minecraft:purple_dye":1,"minecraft:chiseled_bookshelf":1,"minecraft:yellow_dye":1,"candlelight:cooking_pan":4,"webdisplays:craftcomp_peripheral":1,"minecraft:gunpowder":1,"minecraft:cobblestone_stairs":2,"brewery:beer_wheat":21,"minecraft:paper":65,"xercapaint:item_canvas":1,"brewery:breathalyzer":1,"minecraft:green_dye":1,"minecraft:scaffolding":15,"minecraft:oak_slab":1,"xercapaint:item_canvas_large":12,"netmusic:music_cd":351,"xercapaint:item_palette":1,"minecraft:firework_rocket":8,"minecraft:lime_dye":1,"webdisplays:linker":1,"webdisplays:laserpointer":2,"theatrical:truss":69,"minecraft:birch_sign":1,"refurbished_furniture:bread_slice":12,"minecraft:oak_button":1,"minecraft:damaged_anvil":1,"minecraft:black_wool":1,"minecraft:hopper":2,"refurbished_furniture:television_remote":4,"minecraft:pink_dye":1},"minecraft:custom":{"minecraft:interact_with_crafting_table":8,"minecraft:open_shulker_box":23,"minecraft:eat_cake_slice":14,"minecraft:leave_game":61,"minecraft:time_since_death":246984,"minecraft:sprint_one_cm":1590278,"minecraft:drop":1360,"minecraft:talked_to_villager":14,"minecraft:play_time":8571802,"minecraft:deaths":43,"minecraft:jump":16636,"minecraft:walk_on_water_one_cm":5199,"minecraft:sleep_in_bed":2,"minecraft:damage_dealt":80,"minecraft:crouch_one_cm":17030,"minecraft:inspect_dispenser":36,"minecraft:mob_kills":16,"minecraft:interact_with_anvil":4,"minecraft:inspect_hopper":21,"minecraft:damage_dealt_resisted":252,"minecraft:climb_one_cm":12316,"minecraft:walk_one_cm":4079305,"minecraft:sneak_time":19127,"minecraft:walk_under_water_one_cm":456,"minecraft:boat_one_cm":4725,"minecraft:total_world_time":8571802,"minecraft:time_since_rest":247032,"minecraft:damage_taken":5175,"minecraft:fly_one_cm":9819028,"minecraft:open_chest":136,"minecraft:aviate_one_cm":120150,"minecraft:fall_one_cm":41273},"minecraft:used":{"refurbished_furniture:jungle_chair":7,"minecraft:writable_book":25,"theatricalextralights:moving_vl2c":3,"minecraft:ladder":3,"minecraft:elytra":1,"xercapaint:item_easel":6,"minecraft:black_carpet":2,"minecraft:chest":50,"school:tabletennistable":2,"school:ubuntu_seewo":6,"brewery:fried_chicken":114,"minecraft:soul_sand":4,"farm_and_charm:sausage_with_oat_patty":8,"brewery:sausage":50,"school:fitnesstreadmill":1,"refurbished_furniture:pink_lamp":2,"minecraft:snowball":287,"minecraft:stripped_spruce_log":9,"refurbished_furniture:dark_oak_light_ceiling_fan":3,"minecraft:glass":1,"theatricalextralights:followspot":37,"minecraft:grass_block":1142,"minecraft:quartz_block":280,"webdisplays:server":30,"theatricalextralights:atomictilt":32,"yuushya:generator":2,"yuushya:tissue":2,"minecraft:stone_bricks":32,"minecraft:repeater":12,"minecraft:bedrock":9,"brewery:beer_haley":10,"net_music_list:music_list":17,"yuushya:monitor_with_tablet":3,"minecraft:redstone_lamp":6,"theatrical:pipe":16,"minecraft:bow":5,"minecraft:written_book":37,"yuushya:mounted_tv_online":8,"minecraft:egg":25,"netmusic:computer":2,"school:mobile_red_flags":2,"theatrical:basic_lighting_desk":36,"brewery:beer_elemental_spawn_egg":23,"webdisplays:ownerthief":1,"minecraft:damaged_anvil":22,"theatrical:truss":837,"refurbished_furniture:jungle_desk":11,"minecraft:oak_planks":306,"brewery:whiskey_cristelwalker":21,"minecraft:ender_pearl":9,"refurbished_furniture:light_stove":3,"minecraft:redstone_block":142,"yuushya:traffic_lights_2":2,"minecraft:white_wool":10,"yuushya:octagon_pavilion":1,"brewery:barrel_main":1,"theatricalextralights:moving500":3,"minecraft:sand":88,"yuushya:satellite_dish":2,"yuushya:dining_truck":1,"yuushya:frying_pan":2,"yuushya:centre_speaker":2,"school:squattingurinal":4,"theatrical:moving_light":54,"yuushya:chalk_box":2,"minecraft:gray_concrete":2,"minecraft:lingering_potion":34,"school:broadcastcrew":2,"minecraft:black_concrete_powder":20,"refurbished_furniture:computer":1,"school:seewo":3,"minecraft:black_terracotta":5,"minecraft:lever":35,"refurbished_furniture:black_lamp":1,"minecraft:black_concrete":1040,"theatrical:tank_trap":5,"minecraft:firework_rocket":322,"refurbished_furniture:light_range_hood":1,"yuushya:sakura_tree_lush":4,"minecraft:light_gray_concrete":2,"minecraft:barrier":1,"minecraft:stone_button":1,"school:canteenkitchenstove":1,"theatricalextralights:blinder_warm":1,"net_music_list:ender_music_player":3,"refurbished_furniture:spruce_table":12,"farm_and_charm:simple_tomato_soup":18,"minecraft:coal_block":1,"minecraft:fire_charge":827,"school:highspeedrailrailings":11,"yuushya:villa_0":3,"minecraft:stripped_oak_wood":2,"yuushya:modern_lamp_1":1,"theatrical:redstone_interface":13,"minecraft:white_concrete":10,"school:alcohol_lamp":2,"brewery:pork_knuckle":272,"minecraft:trident":47,"theatricalextralights:sharplus":47,"minecraft:flint_and_steel":35,"brewery:mashed_potatoes":48,"minecraft:redstone":137,"minecraft:spruce_planks":681,"minecraft:tinted_glass":136,"refurbished_furniture:light_fridge":1,"refurbished_furniture:orange_sofa":5,"brewery:breathalyzer":3,"yuushya:car_yellow_part_a":4,"school:acina":2,"yuushya:ceiling_fan":1,"brewery:beer_hops":19,"minecraft:dirt":142,"theatricalextralights:beam_7r":5,"minecraft:anvil":2,"theatricalextralights:truss_3lights":1,"yuushya:ventilator":1,"minecraft:hopper":13,"farm_and_charm:tool_rack":1,"xercapaint:item_canvas_long":8,"brewery:dumplings":146,"refurbished_furniture:television":183,"brewery:whiskey_carrasconlabel":9,"theatricalextralights:strobe":61,"netmusic:music_player":148,"minecraft:dark_oak_planks":421,"refurbished_furniture:recycle_bin":1,"farm_and_charm:strawberry_tea":5,"webdisplays:rctrl":2,"minecraft:sea_lantern":1,"brewery:brewery_banner":1,"minecraft:bookshelf":3,"brewery:bar_counter":4,"minecraft:oak_stairs":23,"minecraft:slime_block":40,"refurbished_furniture:light_toaster":1,"yuushya:car_blue_part_b":1,"minecraft:light_gray_wool":39,"refurbished_furniture:bread_slice":1,"school:itmusthavebeen_optifinetodoit":1,"brewery:whiskey_jojannik":9,"webdisplays:screencfg":34,"minecraft:enchanted_golden_apple":5,"webdisplays:linker":29,"minecraft:water_bucket":10,"minecraft:chiseled_bookshelf":3,"brewery:half_chicken":34,"xercapaint:item_canvas":6,"brewery:potato_salad":11,"theatrical:led_panel":4,"minecraft:dirt_path":127,"webdisplays:keyboard":5,"yuushya:large_water_bottle":7,"theatricalextralights:x8par_purple":1,"minecraft:polished_andesite":8,"school:schooltables":3,"theatrical:moving_wash":50,"minecraft:birch_boat":1,"yuushya:voltage_transformer":16,"brewery:beer_wheat":266,"theatrical:led_fresnel":6,"minecraft:diamond_block":69,"theatricalextralights:moving_scan":50,"minecraft:oak_slab":24,"minecraft:tnt":20,"minecraft:crafting_table":1,"school:fu":2,"minecraft:birch_sign":1,"refurbished_furniture:oak_light_ceiling_fan":1,"brewery:beer_nettle":10,"school:spring_festival_couplets":6,"minecraft:cake":2,"yuushya:composite_building":1,"netmusic:cd_burner":1,"brewery:whiskey_lilitusinglemalt":68,"refurbished_furniture:dark_electricity_generator":13,"minecraft:black_wool":57,"minecraft:command_block":5,"theatricalextralights:par1000_white":2,"yuushya:kettle":1,"yuushya:wire":16,"minecraft:oak_button":2,"webdisplays:redctrl":73,"yuushya:traffic_lights_0":1,"xercapaint:item_canvas_large":104,"refurbished_furniture:light_electricity_generator":16,"yuushya:car_white_part_b":1,"brewery:whiskey_ak":25,"yuushya:mounted_utility_service_drop":5,"brewery:beer_mug":1,"refurbished_furniture:workbench":3,"yuushya:fancy_sakura_3":1,"minecraft:pink_shulker_box":30,"minecraft:glass_pane":12,"refurbished_furniture:black_bath":8,"minecraft:repeating_command_block":3,"school:fluorescentlamps":1,"minecraft:splash_potion":913,"webdisplays:screen":500,"minecraft:gray_wool":65,"minecraft:birch_stairs":1,"minecraft:smooth_stone":2},"minecraft:crafted":{"minecraft:firework_star":3,"minecraft:firework_rocket":12}},"DataVersion":3465}