{"stats":{"minecraft:used":{"minecraft:oak_log":1,"minecraft:dark_oak_planks":87,"minecraft:trident":5,"brewery:brewery_banner":1,"xercapaint:item_canvas":6,"webdisplays:keyboard":1,"supplementaries:slidy_block":2,"minecraft:light_gray_concrete":17,"minecraft:grass_block":5,"minecraft:oak_button":2,"minecraft:ladder":5,"minecraft:stone_button":1,"xercapaint:item_easel":9,"supplementaries:cannon":13,"xercapaint:item_canvas_large":13,"supplementaries:speaker_block":2,"supplementaries:slingshot":5,"minecraft:crafting_table":2,"minecraft:snowball":135,"supplementaries:soap":1,"webdisplays:screen":134,"minecraft:stripped_spruce_log":598},"minecraft:custom":{"minecraft:time_since_rest":156391,"minecraft:sprint_one_cm":78034,"minecraft:walk_one_cm":239788,"minecraft:drop":5,"minecraft:interact_with_crafting_table":3,"minecraft:fly_one_cm":560864,"minecraft:open_chest":1,"minecraft:crouch_one_cm":3113,"minecraft:play_time":156391,"minecraft:sneak_time":1955,"minecraft:jump":543,"minecraft:leave_game":7,"minecraft:time_since_death":156391,"minecraft:total_world_time":156391,"minecraft:climb_one_cm":388,"minecraft:inspect_dispenser":6},"minecraft:picked_up":{"minecraft:dolphin_spawn_egg":1,"minecraft:ladder":4,"xercapaint:item_canvas_large":7,"minecraft:stone_button":1,"netmusic:music_cd":3,"minecraft:trident":2,"minecraft:gunpowder":192,"xercapaint:item_canvas":6,"xercapaint:item_canvas_long":1,"xercapaint:item_canvas_tall":1},"minecraft:dropped":{"supplementaries:soap":1,"netmusic:music_cd":1,"supplementaries:cannon":1,"supplementaries:slidy_block":1,"minecraft:grass_block":1}},"DataVersion":3465}