{"stats":{"minecraft:dropped":{"yuushya:jack":1,"school:laboratory_chair":1},"minecraft:mined":{"yuushya:tactile_paving":1},"minecraft:picked_up":{"yuushya:jack":2,"school:laboratory_desk":1,"school:laboratory_chair":2,"minecraft:quartz_block":31,"minecraft:stone_bricks":1,"yuushya:ceiling_fan":1,"yuushya:tactile_paving":1},"minecraft:custom":{"minecraft:time_since_rest":24395,"minecraft:crouch_one_cm":491,"minecraft:sprint_one_cm":74929,"minecraft:play_time":24395,"minecraft:damage_taken":110,"minecraft:walk_one_cm":47142,"minecraft:sneak_time":319,"minecraft:drop":2,"minecraft:jump":318,"minecraft:leave_game":3,"minecraft:time_since_death":24395,"minecraft:total_world_time":24395,"minecraft:fall_one_cm":4499,"minecraft:fly_one_cm":107041},"minecraft:used":{"minecraft:stone_bricks":4,"school:laboratory_chair":4,"yuushya:tactile_paving":1,"school:laboratory_desk":3,"yuushya:jack":2,"minecraft:quartz_block":135,"school:alcohol_lamp":2,"yuushya:ceiling_fan":5}},"DataVersion":3465}