{"stats":{"minecraft:custom":{"minecraft:time_since_rest":50330,"minecraft:sprint_one_cm":76114,"minecraft:damage_taken":2080,"minecraft:walk_one_cm":497004,"minecraft:mob_kills":1,"minecraft:drop":20,"minecraft:damage_dealt":200,"minecraft:fly_one_cm":4110575,"minecraft:open_chest":3,"minecraft:crouch_one_cm":9167,"minecraft:open_shulker_box":19,"minecraft:play_time":856677,"minecraft:deaths":4,"minecraft:sneak_time":23700,"minecraft:jump":1944,"minecraft:leave_game":6,"minecraft:sleep_in_bed":1,"minecraft:time_since_death":50301,"minecraft:total_world_time":856677,"minecraft:climb_one_cm":3340,"minecraft:fall_one_cm":24917,"minecraft:inspect_dispenser":18},"minecraft:used":{"minecraft:brown_terracotta":170,"minecraft:redstone_torch":12,"minecraft:dark_oak_planks":163,"webdisplays:linker":19,"minecraft:oak_fence":92,"minecraft:sea_lantern":853,"minecraft:dark_oak_stairs":27,"minecraft:lever":2,"webdisplays:rctrl":5,"theatricalextralights:moving_vl2c":2,"theatrical:truss":2148,"webdisplays:keyboard":2,"minecraft:barrier":5,"minecraft:iron_block":83,"minecraft:cyan_bed":2,"minecraft:spruce_slab":16,"minecraft:redstone":9,"minecraft:slime_block":23,"minecraft:stone_button":5,"minecraft:ladder":45,"webdisplays:server":1,"minecraft:chest":2,"minecraft:spruce_planks":205,"minecraft:sandstone":3,"supplementaries:speaker_block":263,"theatricalextralights:moving_vl6":1,"minecraft:dirt":54,"minecraft:sand":51,"minecraft:light_blue_concrete_powder":27,"minecraft:iron_trapdoor":4,"theatrical:redstone_interface":9,"minecraft:chain":102,"supplementaries:cog_block":3,"theatrical:moving_light":34,"minecraft:sticky_piston":2,"minecraft:end_rod":38,"minecraft:white_concrete":34,"netmusic:computer":1,"minecraft:gray_wool":815,"webdisplays:screencfg":3,"theatricalextralights:strobe":97,"theatrical:basic_lighting_desk":5,"minecraft:smooth_stone":79,"webdisplays:screen":457,"minecraft:stripped_spruce_log":106,"netmusic:music_player":4,"netmusic:cd_burner":4,"minecraft:oak_trapdoor":1},"minecraft:picked_up":{"supplementaries:speaker_block":1,"theatricalextralights:moving_vl6":1,"net_music_list:music_list":1,"minecraft:sand":896,"minecraft:stripped_spruce_log":1,"netmusic:music_cd":13,"minecraft:redstone":4,"minecraft:light_blue_concrete_powder":126,"minecraft:firework_rocket":152,"minecraft:lever":2,"minecraft:redstone_torch":7},"minecraft:dropped":{"minecraft:stripped_spruce_log":1,"supplementaries:speaker_block":1,"theatricalextralights:laser":1,"minecraft:sand":896,"minecraft:light_blue_concrete_powder":188},"minecraft:killed":{"minecraft:wandering_trader":1}},"DataVersion":3465}