{"stats":{"minecraft:custom":{"minecraft:mob_kills":4,"minecraft:play_record":1,"minecraft:interact_with_crafting_table":24,"minecraft:open_shulker_box":86,"minecraft:leave_game":22,"minecraft:time_since_death":77060,"minecraft:climb_one_cm":10400,"minecraft:damage_taken":940,"minecraft:time_since_rest":77109,"minecraft:sprint_one_cm":1517482,"minecraft:walk_one_cm":1469444,"minecraft:drop":71,"minecraft:damage_dealt":800,"minecraft:fly_one_cm":10451593,"minecraft:open_chest":42,"minecraft:crouch_one_cm":60122,"minecraft:play_time":1600631,"minecraft:deaths":2,"minecraft:sneak_time":31597,"minecraft:jump":11805,"minecraft:total_world_time":1600631,"minecraft:fall_one_cm":31236,"minecraft:inspect_dispenser":75},"minecraft:used":{"theatricalextralights:x8par_red":8,"webdisplays:linker":69,"minecraft:oak_fence":14,"webdisplays:ownerthief":4,"supplementaries:cog_block":111,"minecraft:netherite_sword":10,"minecraft:end_rod":16,"xercapaint:item_canvas":9,"minecraft:iron_bars":3,"theatricalextralights:moving_vl2c":1,"theatrical:led_panel":3,"theatrical:truss":773,"webdisplays:keyboard":5,"minecraft:flint_and_steel":34,"theatricalextralights:moving_beam":1,"minecraft:yellow_shulker_box":2,"minecraft:dispenser":83,"minecraft:redstone":6,"minecraft:oak_planks":81,"minecraft:ladder":25,"supplementaries:crystal_display":1,"xercapaint:item_easel":4,"minecraft:chest":2,"minecraft:spruce_planks":50,"minecraft:stone":3,"minecraft:tinted_glass":9,"supplementaries:sconce_lever":1,"minecraft:redstone_block":69,"refurbished_furniture:orange_sofa":14,"theatricalextralights:laser":3,"theatrical:led_fresnel":3,"supplementaries:sconce":1,"supplementaries:timber_frame":2,"supplementaries:redstone_illuminator":2,"minecraft:dirt":206,"minecraft:sand":372,"minecraft:crafting_table":1,"supplementaries:music_disc_heave_ho":1,"minecraft:spruce_stairs":24,"minecraft:cobblestone_wall":3,"refurbished_furniture:television":12,"theatrical:moving_light":4,"minecraft:lime_shulker_box":2,"minecraft:red_shulker_box":2,"minecraft:glass":2,"brewery:beer_nettle":4,"refurbished_furniture:computer":8,"minecraft:stripped_spruce_log":40,"netmusic:music_player":6,"netmusic:cd_burner":4,"minecraft:black_wool":256,"minecraft:dark_oak_planks":266,"minecraft:redstone_torch":1,"minecraft:sea_lantern":439,"refurbished_furniture:dark_electricity_generator":2,"theatricalextralights:a2x2par64_red":5,"supplementaries:pedestal":2,"minecraft:lever":39,"minecraft:light":32,"webdisplays:rctrl":23,"theatricalextralights:followspot":1,"minecraft:black_concrete":4,"minecraft:firework_rocket":672,"supplementaries:cage":2,"theatrical:tank_trap":4,"minecraft:barrier":241,"minecraft:slime_block":1,"minecraft:command_block":13,"webdisplays:server":2,"minecraft:grass_block":651,"minecraft:oak_stairs":1,"farm_and_charm:beetroot_bag":1,"minecraft:stone_button":6,"minecraft:orange_shulker_box":7,"webdisplays:redctrl":5,"net_music_list:ender_music_player":4,"xercapaint:item_canvas_large":39,"refurbished_furniture:spruce_table":2,"supplementaries:speaker_block":74,"brewery:whiskey_ak":1,"minecraft:bedrock":11,"minecraft:repeater":8,"supplementaries:lock_block":1,"theatrical:pipe":3,"minecraft:black_stained_glass":28,"minecraft:iron_trapdoor":7,"minecraft:stripped_oak_wood":1,"supplementaries:timber_cross_brace":4,"theatrical:redstone_interface":5,"minecraft:chain":5,"minecraft:glass_pane":5,"minecraft:stone_pressure_plate":2,"farm_and_charm:chicken_coop":1,"webdisplays:screencfg":147,"minecraft:gray_wool":37,"minecraft:observer":9,"minecraft:jukebox":1,"webdisplays:screen":3974,"theatrical:basic_lighting_desk":4},"minecraft:picked_up":{"brewery:beer_nettle":3,"minecraft:barrier":1,"minecraft:redstone_block":2,"minecraft:ladder":9,"net_music_list:manual":1,"minecraft:gunpowder":256,"brewery:whiskey_ak":1,"brewery:beer_wheat":1,"xercapaint:item_canvas":8,"netmusic:music_player":2,"minecraft:stick":2,"brewery:whiskey_cristelwalker":1,"minecraft:coal_block":188,"webdisplays:screen":2,"supplementaries:speaker_block":2,"brewery:beer_hops":1,"supplementaries:music_disc_heave_ho":1,"minecraft:orange_shulker_box":7,"webdisplays:craftcomp_batpack":1,"net_music_list:music_list":1,"webdisplays:screencfg":2,"xercapaint:item_canvas_large":15,"refurbished_furniture:knife":1,"webdisplays:upgrade_lasermouse":1,"minecraft:trident":1,"netmusic:music_cd":170,"minecraft:sea_lantern":2,"minecraft:stone_pressure_plate":1,"minecraft:tnt":65,"minecraft:firework_rocket":2002,"xercapaint:item_canvas_long":4,"minecraft:command_block":2,"minecraft:slime_block":1,"webdisplays:linker":2,"webdisplays:laserpointer":3,"refurbished_furniture:meatlovers_pizza_slice":1,"minecraft:lever":1,"theatrical:truss":1,"webdisplays:rctrl":2,"minecraft:end_rod":2,"webdisplays:ownerthief":1},"minecraft:dropped":{"minecraft:orange_shulker_box":1,"webdisplays:ownerthief":1,"netmusic:music_cd":13,"webdisplays:craftcomp_batpack":1,"xercapaint:item_canvas":3,"net_music_list:music_list":1,"xercapaint:item_easel":1,"minecraft:lime_shulker_box":1,"minecraft:slime_block":1,"minecraft:command_block":2,"theatrical:configuration_card":1,"xercapaint:item_canvas_large":4,"minecraft:bedrock":1,"minecraft:stone":1,"minecraft:red_shulker_box":1,"minecraft:dirt":2,"minecraft:coal_block":126,"minecraft:stone_button":1,"minecraft:trident":1,"minecraft:yellow_shulker_box":1,"minecraft:ladder":9,"minecraft:stone_pressure_plate":1,"xercapaint:item_palette":2,"minecraft:redstone_block":1,"webdisplays:upgrade_lasermouse":1,"minecraft:firework_rocket":1066},"minecraft:crafted":{"minecraft:firework_star":1088,"minecraft:firework_rocket":3072},"minecraft:killed":{"minecraft:wandering_trader":4}},"DataVersion":3465}