{"stats":{"minecraft:dropped":{"theatricalextralights:moving_vl6":1,"minecraft:gray_stained_glass_pane":1,"net_music_list:music_list":1,"minecraft:stick":1,"minecraft:dirt":1,"yuushya:sign_8":1},"minecraft:picked_up":{"yuushya:phone":1,"theatrical:configuration_card":1,"minecraft:dirt":58,"xercapaint:item_canvas":2,"yuushya:white_windows_0":1,"yuushya:sign_8":1,"minecraft:apple":4,"yuushya:oak_windows_0":1,"minecraft:coal_block":62,"school:alcohol_lamp":2,"minecraft:stick":1,"school:laboratory_sugar":1,"net_music_list:music_list":3,"netmusic:music_cd":1,"yuushya:hakurei_reimu":1,"minecraft:gray_stained_glass_pane":1,"xercapaint:item_canvas_long":1,"minecraft:polished_diorite":1},"minecraft:custom":{"minecraft:open_shulker_box":6,"minecraft:interact_with_stonecutter":4,"minecraft:leave_game":10,"minecraft:time_since_death":1682676,"minecraft:climb_one_cm":176,"minecraft:time_since_rest":1682676,"minecraft:sprint_one_cm":24627,"minecraft:walk_one_cm":1565633,"minecraft:drop":6,"minecraft:fly_one_cm":7870396,"minecraft:open_chest":26,"minecraft:crouch_one_cm":620,"minecraft:play_time":1682676,"minecraft:sneak_time":12307,"minecraft:walk_under_water_one_cm":1345,"minecraft:jump":1817,"minecraft:walk_on_water_one_cm":453,"minecraft:total_world_time":1682676,"minecraft:inspect_dispenser":46},"minecraft:used":{"school:dvbts":5,"webdisplays:linker":4,"yuushya:package_1":11,"minecraft:dark_oak_stairs":41,"theatricalextralights:x8par_warm":1,"yuushya:power_house":2,"yuushya:freezer_":11,"yuushya:tall_work_light":4,"yuushya:empty_goods_shelf_double":12,"minecraft:end_rod":34,"minecraft:iron_bars":38,"theatrical:truss":1058,"minecraft:spruce_door":2,"minecraft:flint_and_steel":1,"yuushya:phone_egg_cobblestone":33,"yuushya:old_tv":3,"minecraft:smooth_quartz_slab":126,"school:slidingwindows_green":5,"yuushya:guitar":2,"yuushya:big_package":4,"minecraft:polished_andesite":655,"minecraft:oak_planks":194,"minecraft:oak_sign":8,"theatricalextralights:washlight":64,"minecraft:polished_diorite_slab":2,"yuushya:ceiling_cctv_camera":15,"minecraft:tinted_glass":20,"minecraft:chest":7,"minecraft:spruce_planks":159,"theatrical:moving_wash":1,"yuushya:audio_a_acacia_blindwall":20,"minecraft:stone":85,"refurbished_furniture:orange_sofa":6,"yuushya:ceiling_fan":2,"theatricalextralights:laser":8,"theatricalextralights:moving_vl6":15,"yuushya:sign_8":3,"minecraft:smooth_quartz_stairs":276,"theatricalextralights:a2x2par64_white":3,"yuushya:luorescent_lamp":18,"school:pcmc":1,"school:old_pc_gslc":9,"yuushya:modern_lamp_2":1,"yuushya:air_conditioning_condenser":1,"minecraft:dirt":150,"theatricalextralights:beam_7r":17,"minecraft:rail":24,"theatricalextralights:truss_3lights":4,"yuushya:fluorescent_lamp":12,"minecraft:oak_slab":16,"yuushya:audio_large":1,"theatricalextralights:mac_vip":4,"school:satellitetelevision":4,"school:activeopticalaccessdevices":7,"yuushya:audio":1,"school:broadcastcrew":1,"minecraft:gray_concrete":588,"theatricalextralights:rgb_bar":2,"school:outdoorspeakers":1,"theatricalextralights:strobe":1,"minecraft:stripped_spruce_log":59,"yuushya:audio_large_a_acacia_blindwall":13,"minecraft:polished_diorite":198,"minecraft:oak_log":83,"minecraft:dark_oak_planks":103,"minecraft:glass":168,"minecraft:sticky_piston":1,"yuushya:oak_windows_0":2,"theatricalextralights:a2x2par64_blue":2,"minecraft:lever":10,"minecraft:sea_lantern":246,"yuushya:rusty_power_house":1,"yuushya:power_distributor":5,"minecraft:bricks":121,"minecraft:daylight_detector":5,"yuushya:phone":1,"yuushya:goods_shelf_soft_drink":9,"minecraft:gray_stained_glass_pane":455,"theatricalextralights:par1000_white":1,"minecraft:command_block":4,"yuushya:floor_fan_":1,"minecraft:lantern":10,"minecraft:grass_block":15,"yuushya:bicycle_gray_wool":1,"yuushya:boom_box":1,"minecraft:brown_stained_glass":118,"yuushya:telephone_0":2,"minecraft:stone_button":4,"minecraft:polished_andesite_stairs":11,"school:seewo_bsod":1,"yuushya:street_light":5,"minecraft:dark_oak_slab":361,"minecraft:smooth_quartz":630,"refurbished_furniture:spruce_table":3,"minecraft:iron_door":5,"minecraft:diorite_wall":12,"yuushya:refrigerator":2,"minecraft:polished_andesite_slab":333,"minecraft:brown_stained_glass_pane":25,"school:greendoubleglasswindows":1,"net_music_list:music_list":3,"theatrical:pipe":17,"yuushya:goods_shelf_paste":11,"yuushya:jack":7,"yuushya:bottles":2,"minecraft:iron_trapdoor":5,"yuushya:air_conditioner":1,"yuushya:incandescent_lamp":2,"school:laboratory_sugar":3,"theatrical:redstone_interface":16,"minecraft:chain":3,"minecraft:glass_pane":115,"minecraft:smooth_stone_slab":148,"yuushya:package_0":7,"minecraft:white_concrete":896,"webdisplays:screencfg":3,"minecraft:gray_wool":359,"school:alcohol_lamp":17,"minecraft:smooth_stone":236,"webdisplays:screen":291,"theatrical:basic_lighting_desk":13,"refurbished_furniture:oak_chair":10,"refurbished_furniture:oak_table":363},"minecraft:crafted":{"yuushya:phone_egg_cobblestone":1,"yuushya:audio_large_a_acacia_blindwall":1,"yuushya:audio_a_acacia_blindwall":1}},"DataVersion":3465}