{"stats":{"minecraft:used":{"supplementaries:slingshot":5,"minecraft:dark_oak_planks":87,"supplementaries:slidy_block":2,"minecraft:stone_button":1,"xercapaint:item_easel":2,"supplementaries:cannon":2,"supplementaries:soap":1,"supplementaries:speaker_block":1},"minecraft:custom":{"minecraft:time_since_rest":29891,"minecraft:open_chest":1,"minecraft:crouch_one_cm":337,"minecraft:play_time":29891,"minecraft:sprint_one_cm":19476,"minecraft:walk_one_cm":43985,"minecraft:sneak_time":130,"minecraft:drop":2,"minecraft:jump":189,"minecraft:time_since_death":29891,"minecraft:total_world_time":29891,"minecraft:fly_one_cm":158136,"minecraft:inspect_dispenser":4},"minecraft:picked_up":{"minecraft:stone_button":1,"netmusic:music_cd":3,"minecraft:gunpowder":64,"xercapaint:item_canvas":1},"minecraft:dropped":{"netmusic:music_cd":1,"supplementaries:slidy_block":1}},"DataVersion":3465}