{
  "net_music_list:recipes/misc/music_player": {
    "criteria": {
      "has_cd": "2025-11-23 00:47:10 +0800"
    },
    "done": true
  },
  "minecraft:recipes/decorations/crafting_table": {
    "criteria": {
      "unlock_right_away": "2025-11-23 00:43:33 +0800"
    },
    "done": true
  },
  "farm_and_charm:main/root": {
    "criteria": {
      "example_criterion": "2025-11-23 00:43:34 +0800"
    },
    "done": true
  },
  "brewery:main/root": {
    "criteria": {
      "seeds": "2025-11-23 00:44:44 +0800"
    },
    "done": true
  },
  "net_music_list:recipes/misc/music_player1": {
    "criteria": {
      "has_cd": "2025-11-23 00:47:10 +0800"
    },
    "done": true
  },
  "minecraft:adventure/adventuring_time": {
    "criteria": {
      "minecraft:plains": "2025-11-23 00:43:34 +0800"
    },
    "done": false
  },
  "webdisplays:screen": {
    "criteria": {
      "has_screen": "2025-11-23 00:45:25 +0800"
    },
    "done": true
  },
  "farm_and_charm:main/find_wild_crops": {
    "criteria": {
      "oat": "2025-11-23 00:44:44 +0800",
      "wild_strawberry": "2025-11-23 00:44:44 +0800",
      "corn": "2025-11-23 00:44:44 +0800",
      "onion": "2025-11-23 00:44:44 +0800",
      "wild_corn": "2025-11-23 00:44:44 +0800",
      "wild_ribwort": "2025-11-23 00:44:44 +0800",
      "strawberry": "2025-11-23 00:44:44 +0800",
      "wild_nettle": "2025-11-23 00:44:44 +0800",
      "barley": "2025-11-23 00:44:44 +0800",
      "tomato": "2025-11-23 00:44:44 +0800",
      "lettuce": "2025-11-23 00:44:44 +0800",
      "wild_lettuce": "2025-11-23 00:44:44 +0800",
      "wild_tomatoes": "2025-11-23 00:44:44 +0800",
      "oat_seeds": "2025-11-23 00:44:44 +0800",
      "tomato_seeds": "2025-11-23 00:44:44 +0800",
      "barley_seeds": "2025-11-23 00:44:44 +0800",
      "strawberry_seeds": "2025-11-23 00:44:44 +0800",
      "lettuce_seeds": "2025-11-23 00:44:44 +0800",
      "kernels": "2025-11-23 00:44:44 +0800",
      "wild_barley": "2025-11-23 00:44:44 +0800",
      "wild_onion": "2025-11-23 00:44:44 +0800",
      "wild_oat": "2025-11-23 00:44:44 +0800"
    },
    "done": true
  },
  "DataVersion": 3465
}