{"stats":{"minecraft:custom":{"minecraft:mob_kills":5,"minecraft:interact_with_crafting_table":3,"minecraft:leave_game":7,"minecraft:time_since_death":69333,"minecraft:climb_one_cm":911,"minecraft:sprint_one_cm":158346,"minecraft:walk_one_cm":452985,"minecraft:drop":95,"minecraft:talked_to_villager":6,"minecraft:play_time":288392,"minecraft:deaths":1,"minecraft:sneak_time":4661,"minecraft:jump":1286,"minecraft:total_world_time":288392,"minecraft:time_since_rest":69379,"minecraft:damage_taken":260,"minecraft:damage_dealt":288,"minecraft:fly_one_cm":1382674,"minecraft:open_chest":1,"minecraft:crouch_one_cm":7778,"minecraft:aviate_one_cm":1025145,"minecraft:fall_one_cm":3118,"minecraft:inspect_dispenser":6},"minecraft:used":{"brewery:pork_knuckle":2,"minecraft:oak_fence":12,"minecraft:trident":5,"minecraft:netherite_sword":3,"supplementaries:slidy_block":2,"brewery:mashed_potatoes":3,"minecraft:ladder":5,"minecraft:elytra":1,"xercapaint:item_easel":10,"minecraft:spruce_planks":335,"brewery:netherite_brewingstation":6,"brewery:breathalyzer":7,"brewery:fried_chicken":1,"brewery:beer_hops":4,"supplementaries:fine_wood":9,"refurbished_furniture:white_sofa":4,"brewery:dumplings":3,"refurbished_furniture:television":10,"supplementaries:item_shelf":21,"brewery:whiskey_carrasconlabel":6,"minecraft:snowball":135,"minecraft:stripped_spruce_log":616,"minecraft:dark_oak_planks":87,"amendments:dragon_charge":36,"refurbished_furniture:recycle_bin":4,"brewery:table":26,"brewery:brewery_banner":1,"brewery:bar_counter":18,"minecraft:grass_block":6,"brewery:beer_barley":7,"refurbished_furniture:light_microwave":1,"minecraft:tropical_fish_spawn_egg":1,"supplementaries:speaker_block":2,"refurbished_furniture:spruce_chair":36,"minecraft:item_frame":4,"supplementaries:bomb_blue":8,"brewery:beer_haley":18,"brewery:whiskey_jojannik":6,"minecraft:bow":40,"brewery:wall_cabinet":10,"brewery:pretzel":1,"minecraft:egg":1,"brewery:whiskey_jamesons_malt":5,"supplementaries:blackboard":6,"webdisplays:linker":13,"brewery:half_chicken":2,"brewery:potato_salad":1,"xercapaint:item_canvas":6,"webdisplays:keyboard":3,"brewery:whiskey_cristelwalker":5,"supplementaries:notice_board":1,"brewery:beer_wheat":3,"supplementaries:slingshot":29,"minecraft:glow_item_frame":1,"brewery:barrel_main":6,"brewery:whiskey_maggoallan":4,"minecraft:oak_slab":40,"minecraft:crafting_table":2,"supplementaries:bomb":5,"refurbished_furniture:oak_light_ceiling_fan":1,"minecraft:ochre_froglight":57,"brewery:beer_nettle":5,"brewery:whiskey_lilitusinglemalt":4,"minecraft:oak_log":1,"minecraft:firework_rocket":190,"minecraft:gray_stained_glass_pane":30,"brewery:patterned_carpet":58,"minecraft:light_gray_concrete":231,"supplementaries:clock_block":1,"minecraft:stone_button":1,"minecraft:oak_button":2,"supplementaries:cannon":13,"brewery:beer_oat":2,"xercapaint:item_canvas_large":24,"refurbished_furniture:light_electricity_generator":3,"brewery:whiskey_ak":5,"brewery:bench":4,"brewery:whiskey_smokey_reverie":4,"brewery:beer_mug":4,"minecraft:suspicious_gravel":2,"minecraft:stripped_oak_wood":587,"brewery:whiskey_highland_hearth":1,"brewery:gingerbread":3,"brewery:drawer":5,"supplementaries:soap":1,"webdisplays:screen":215,"supplementaries:slice_map":2},"minecraft:picked_up":{"brewery:table":2,"minecraft:dolphin_spawn_egg":1,"minecraft:ladder":12,"minecraft:item_frame":2,"minecraft:netherite_sword":1,"xercapaint:item_canvas_tall":3,"minecraft:spruce_planks":2,"brewery:whiskey_cristelwalker":1,"minecraft:coal_block":45,"xercapaint:item_easel":1,"minecraft:stick":97,"supplementaries:speaker_block":2,"minecraft:stone_button":1,"minecraft:trident":2,"minecraft:carrot":2,"minecraft:dark_oak_planks":2,"minecraft:gray_stained_glass_pane":1,"brewery:whiskey_lilitusinglemalt":1,"brewery:brewery_banner":2,"refurbished_furniture:television":2,"brewery:beer_haley":1,"minecraft:ochre_froglight":2,"supplementaries:item_shelf":2,"supplementaries:rope_arrow":2,"minecraft:gunpowder":192,"brewery:beer_wheat":4,"xercapaint:item_canvas":12,"brewery:breathalyzer":2,"minecraft:wheat_seeds":2,"minecraft:stripped_oak_wood":2,"webdisplays:keyboard":2,"xercapaint:item_canvas_large":11,"webdisplays:upgrade_lasermouse":2,"minecraft:stripped_spruce_log":1,"netmusic:music_cd":3,"minecraft:light_gray_concrete":2,"xercapaint:item_canvas_long":1,"webdisplays:linker":2,"webdisplays:laserpointer":2,"brewery:whiskey_smokey_reverie":1},"minecraft:dropped":{"webdisplays:laserpointer":2,"minecraft:wheat_seeds":2,"minecraft:gray_stained_glass_pane":1,"netmusic:music_cd":1,"brewery:breathalyzer":2,"xercapaint:item_canvas":3,"supplementaries:speaker_block":1,"minecraft:oak_fence":1,"webdisplays:linker":1,"brewery:beer_nettle":3,"minecraft:grass_block":2,"brewery:table":1,"minecraft:item_frame":1,"minecraft:stick":2,"supplementaries:cannon":1,"supplementaries:slidy_block":1,"minecraft:stripped_oak_wood":2,"minecraft:tropical_fish_spawn_egg":1,"minecraft:dark_oak_planks":2,"webdisplays:upgrade_lasermouse":1,"webdisplays:screen":1,"refurbished_furniture:television":1,"brewery:whiskey_cristelwalker":5,"minecraft:netherite_sword":2,"xercapaint:item_canvas_large":1,"minecraft:light_gray_concrete":2,"brewery:brewery_banner":1,"minecraft:carrot":2,"brewery:beer_wheat":1,"supplementaries:soap":1,"minecraft:filled_map":2,"brewery:whiskey_jojannik":3,"supplementaries:rope_arrow":27,"supplementaries:slice_map":1,"minecraft:spruce_planks":1,"minecraft:ochre_froglight":2,"supplementaries:item_shelf":2,"minecraft:ladder":5,"brewery:beer_hops":3,"webdisplays:keyboard":2,"xercapaint:item_canvas_tall":1,"supplementaries:flute":1,"minecraft:egg":1},"minecraft:killed":{"minecraft:iron_golem":1,"minecraft:villager":4}},"DataVersion":3465}