{"stats":{"minecraft:used":{"supplementaries:slingshot":5,"xercapaint:item_easel":1,"minecraft:dark_oak_planks":87,"supplementaries:soap":1},"minecraft:custom":{"minecraft:jump":133,"minecraft:open_chest":1,"minecraft:time_since_rest":11449,"minecraft:crouch_one_cm":3,"minecraft:sprint_one_cm":13891,"minecraft:play_time":11449,"minecraft:time_since_death":11449,"minecraft:walk_one_cm":26833,"minecraft:sneak_time":43,"minecraft:total_world_time":11449,"minecraft:drop":1,"minecraft:fly_one_cm":116789,"minecraft:inspect_dispenser":4},"minecraft:picked_up":{"netmusic:music_cd":1,"xercapaint:item_canvas":1},"minecraft:dropped":{"netmusic:music_cd":1}},"DataVersion":3465}