{"stats":{"minecraft:custom":{"minecraft:mob_kills":1,"minecraft:play_record":1,"minecraft:interact_with_crafting_table":24,"minecraft:open_shulker_box":1,"minecraft:leave_game":14,"minecraft:time_since_death":936013,"minecraft:time_since_rest":936013,"minecraft:sprint_one_cm":632812,"minecraft:walk_one_cm":786878,"minecraft:drop":30,"minecraft:damage_dealt":200,"minecraft:fly_one_cm":4576597,"minecraft:open_chest":32,"minecraft:crouch_one_cm":23283,"minecraft:play_time":936013,"minecraft:sneak_time":13465,"minecraft:jump":4794,"minecraft:total_world_time":936013,"minecraft:inspect_dispenser":60},"minecraft:used":{"theatricalextralights:x8par_red":8,"webdisplays:linker":56,"minecraft:oak_fence":6,"supplementaries:cog_block":21,"minecraft:netherite_sword":2,"theatrical:truss":773,"theatricalextralights:moving_vl2c":1,"theatrical:led_panel":3,"webdisplays:keyboard":5,"minecraft:flint_and_steel":34,"theatricalextralights:moving_beam":1,"minecraft:dispenser":83,"minecraft:oak_planks":80,"supplementaries:crystal_display":1,"xercapaint:item_easel":2,"minecraft:chest":2,"minecraft:spruce_planks":50,"minecraft:tinted_glass":9,"refurbished_furniture:orange_sofa":12,"minecraft:redstone_block":38,"theatricalextralights:laser":3,"theatrical:led_fresnel":3,"supplementaries:timber_frame":2,"supplementaries:redstone_illuminator":2,"minecraft:dirt":119,"minecraft:crafting_table":1,"supplementaries:music_disc_heave_ho":1,"minecraft:spruce_stairs":24,"refurbished_furniture:television":10,"theatrical:moving_light":4,"brewery:beer_nettle":4,"refurbished_furniture:computer":6,"minecraft:stripped_spruce_log":40,"netmusic:music_player":4,"netmusic:cd_burner":4,"minecraft:redstone_torch":1,"minecraft:dark_oak_planks":190,"minecraft:light":32,"supplementaries:pedestal":2,"minecraft:black_concrete":4,"refurbished_furniture:dark_electricity_generator":1,"minecraft:lever":30,"theatricalextralights:a2x2par64_red":5,"webdisplays:rctrl":17,"theatricalextralights:followspot":1,"minecraft:black_wool":254,"supplementaries:cage":2,"theatrical:tank_trap":4,"minecraft:firework_rocket":672,"minecraft:command_block":7,"minecraft:grass_block":212,"minecraft:oak_stairs":1,"minecraft:orange_shulker_box":1,"minecraft:stone_button":2,"webdisplays:server":2,"webdisplays:redctrl":2,"xercapaint:item_canvas_large":23,"net_music_list:ender_music_player":3,"supplementaries:speaker_block":74,"brewery:whiskey_ak":1,"supplementaries:lock_block":1,"theatrical:pipe":3,"minecraft:black_stained_glass":28,"supplementaries:timber_cross_brace":4,"theatrical:redstone_interface":3,"minecraft:glass_pane":5,"webdisplays:screencfg":105,"webdisplays:screen":2477,"minecraft:jukebox":1,"theatrical:basic_lighting_desk":3},"minecraft:picked_up":{"brewery:beer_nettle":3,"brewery:whiskey_ak":1,"net_music_list:manual":1,"minecraft:coal_block":63,"minecraft:orange_shulker_box":1,"supplementaries:music_disc_heave_ho":1,"webdisplays:craftcomp_batpack":1,"xercapaint:item_canvas_large":3,"refurbished_furniture:knife":1,"netmusic:music_cd":28,"minecraft:firework_rocket":1985,"xercapaint:item_canvas_long":1,"refurbished_furniture:meatlovers_pizza_slice":1,"webdisplays:laserpointer":1,"minecraft:lever":1,"theatrical:truss":1},"minecraft:dropped":{"netmusic:music_cd":8,"webdisplays:craftcomp_batpack":1,"theatrical:configuration_card":1,"xercapaint:item_canvas_large":1,"minecraft:coal_block":64,"xercapaint:item_palette":1,"minecraft:firework_rocket":1066},"minecraft:crafted":{"minecraft:firework_star":1088,"minecraft:firework_rocket":3072},"minecraft:killed":{"minecraft:wandering_trader":1}},"DataVersion":3465}