{"stats":{"minecraft:custom":{"minecraft:time_since_rest":126108,"minecraft:sprint_one_cm":160,"minecraft:crouch_one_cm":4,"minecraft:play_time":126108,"minecraft:walk_one_cm":73870,"minecraft:sneak_time":1882,"minecraft:jump":121,"minecraft:leave_game":1,"minecraft:time_since_death":126108,"minecraft:total_world_time":126108,"minecraft:fly_one_cm":806248},"minecraft:used":{"theatricalextralights:laser":3,"theatricalextralights:moving_vl6":15,"theatricalextralights:a2x2par64_blue":2,"theatricalextralights:x8par_warm":1,"theatrical:pipe":17,"theatrical:truss":331,"theatricalextralights:mac_vip":4,"minecraft:oak_planks":4,"theatricalextralights:washlight":22,"minecraft:spruce_planks":1,"theatricalextralights:rgb_bar":2,"theatricalextralights:strobe":1,"supplementaries:speaker_block":174,"theatrical:basic_lighting_desk":8},"minecraft:picked_up":{"theatrical:configuration_card":1}},"DataVersion":3465}