{"stats":{"minecraft:custom":{"minecraft:jump":174,"minecraft:time_since_rest":196894,"minecraft:crouch_one_cm":117,"minecraft:leave_game":1,"minecraft:sprint_one_cm":20929,"minecraft:play_time":196894,"minecraft:time_since_death":196894,"minecraft:walk_one_cm":264219,"minecraft:sneak_time":618,"minecraft:total_world_time":196894,"minecraft:fly_one_cm":824394},"minecraft:used":{"minecraft:spruce_planks":595,"minecraft:black_concrete":62,"minecraft:white_concrete":146,"theatrical:truss":1074,"brewery:whiskey_carrasconlabel":1,"webdisplays:screen":732,"minecraft:stripped_spruce_log":387,"minecraft:grass_block":2,"refurbished_furniture:cheese_toastie":1}},"DataVersion":3465}