{"stats":{"minecraft:custom":{"minecraft:time_since_rest":81760,"minecraft:crouch_one_cm":82,"minecraft:play_time":81760,"minecraft:sprint_one_cm":35009,"minecraft:walk_one_cm":82876,"minecraft:sneak_time":98,"minecraft:drop":1,"minecraft:jump":681,"minecraft:time_since_death":81760,"minecraft:total_world_time":81760,"minecraft:fly_one_cm":152500},"minecraft:picked_up":{"netmusic:music_cd":1},"minecraft:used":{"theatrical:led_fresnel":1,"webdisplays:linker":3,"theatrical:pipe":11,"minecraft:dirt":3,"theatrical:tank_trap":4,"theatrical:led_panel":3,"theatrical:truss":20,"webdisplays:keyboard":2,"minecraft:grass_block":6,"theatrical:redstone_interface":3,"minecraft:oak_planks":13,"theatrical:moving_light":44,"theatrical:moving_wash":3,"theatrical:basic_lighting_desk":3,"minecraft:birch_stairs":1},"minecraft:dropped":{"netmusic:music_cd":1}},"DataVersion":3465}