{"stats":{"minecraft:used":{"theatricalextralights:moving_vl6":1,"webdisplays:linker":5,"minecraft:dark_oak_planks":21,"minecraft:brown_terracotta":66,"webdisplays:rctrl":4,"theatricalextralights:moving_vl2c":2,"theatrical:truss":812,"minecraft:chain":16,"theatrical:moving_light":16,"minecraft:spruce_planks":205,"minecraft:white_concrete":34,"webdisplays:screencfg":1,"supplementaries:speaker_block":132,"theatricalextralights:strobe":48,"webdisplays:screen":203,"minecraft:stripped_spruce_log":105},"minecraft:custom":{"minecraft:open_chest":1,"minecraft:time_since_rest":79729,"minecraft:sprint_one_cm":1954,"minecraft:crouch_one_cm":324,"minecraft:play_time":79729,"minecraft:walk_one_cm":41736,"minecraft:sneak_time":5010,"minecraft:drop":1,"minecraft:jump":67,"minecraft:time_since_death":79729,"minecraft:total_world_time":79729,"minecraft:fly_one_cm":776769,"minecraft:inspect_dispenser":1},"minecraft:picked_up":{"supplementaries:speaker_block":1,"minecraft:firework_rocket":126,"theatricalextralights:moving_vl6":1,"netmusic:music_cd":1},"minecraft:dropped":{"supplementaries:speaker_block":1}},"DataVersion":3465}