{"stats":{"minecraft:used":{"minecraft:sticky_piston":1,"minecraft:lever":8,"theatricalextralights:x8par_warm":1,"theatricalextralights:a2x2par64_blue":2,"minecraft:dark_oak_planks":67,"supplementaries:cog_block":1,"theatrical:truss":821,"minecraft:daylight_detector":5,"minecraft:command_block":2,"minecraft:grass_block":1,"minecraft:oak_planks":12,"theatricalextralights:washlight":61,"minecraft:spruce_planks":1,"theatrical:moving_wash":1,"minecraft:chest":5,"refurbished_furniture:orange_sofa":6,"refurbished_furniture:spruce_table":3,"supplementaries:speaker_block":194,"theatricalextralights:laser":8,"theatricalextralights:moving_vl6":15,"net_music_list:music_list":3,"theatricalextralights:beam_7r":17,"theatrical:pipe":17,"theatricalextralights:mac_vip":4,"theatrical:redstone_interface":16,"theatricalextralights:rgb_bar":2,"webdisplays:screencfg":3,"theatricalextralights:strobe":1,"webdisplays:screen":52,"theatrical:basic_lighting_desk":8},"minecraft:custom":{"minecraft:time_since_rest":506546,"minecraft:sprint_one_cm":9341,"minecraft:walk_one_cm":346231,"minecraft:drop":2,"minecraft:fly_one_cm":3323636,"minecraft:open_chest":16,"minecraft:crouch_one_cm":236,"minecraft:play_time":506546,"minecraft:sneak_time":6293,"minecraft:jump":573,"minecraft:leave_game":4,"minecraft:time_since_death":506546,"minecraft:total_world_time":506546,"minecraft:inspect_dispenser":46},"minecraft:picked_up":{"net_music_list:music_list":3,"theatrical:configuration_card":1,"xercapaint:item_canvas":2,"xercapaint:item_canvas_long":1,"minecraft:coal_block":62},"minecraft:dropped":{"theatricalextralights:moving_vl6":1,"net_music_list:music_list":1}},"DataVersion":3465}