{"stats":{"minecraft:picked_up":{"refurbished_furniture:wrench":1,"netmusic:music_cd":83,"xercapaint:item_canvas":1},"minecraft:dropped":{"netmusic:music_cd":64},"minecraft:used":{"brewery:whiskey_lilitusinglemalt":1,"webdisplays:linker":6,"minecraft:glow_item_frame":2,"minecraft:dark_oak_planks":2,"webdisplays:rctrl":2,"minecraft:sand":69,"xercapaint:item_canvas":9,"webdisplays:keyboard":2,"minecraft:barrier":1,"supplementaries:statue":1,"minecraft:gray_wool":2,"yuushya:fire_extinguisher":1,"webdisplays:screen":4,"theatrical:basic_lighting_desk":3,"netmusic:music_player":2},"minecraft:custom":{"minecraft:time_since_rest":54824,"minecraft:open_chest":3,"minecraft:sprint_one_cm":110676,"minecraft:crouch_one_cm":12039,"minecraft:play_time":247039,"minecraft:open_shulker_box":20,"minecraft:deaths":4,"minecraft:damage_taken":280,"minecraft:walk_one_cm":123417,"minecraft:sneak_time":7021,"minecraft:drop":2,"minecraft:jump":506,"minecraft:leave_game":6,"minecraft:time_since_death":54769,"minecraft:sleep_in_bed":1,"minecraft:climb_one_cm":5090,"minecraft:total_world_time":247039,"minecraft:fly_one_cm":812148}},"DataVersion":3465}