{"stats":{"minecraft:picked_up":{"brewery:table":2,"kaleidoscope_doll:doll_11":4,"yuushya:jellie":2,"school:chalk_smg":1,"netmusic:music_player":1,"candlelight:candlelight_standard":2,"xercapaint:item_canvas_tall":6,"minecraft:spruce_planks":2,"minecraft:coal_block":108,"minecraft:stick":97,"yuushya:casserole_1":1,"minecraft:porkchop":1,"yuushya:gas_stove_block":1,"yuushya:wood_blueprint":1,"farm_and_charm:lamb_ham":64,"minecraft:gray_stained_glass_pane":1,"minecraft:yellow_banner":3,"refurbished_furniture:television":2,"yuushya:calico":3,"brewery:rope":1,"yuushya:steel_pot":1,"brewery:whiskey_carrasconlabel":1,"yuushya:pressure_cooker":1,"minecraft:wheat_seeds":2,"yuushya:gas_stove":1,"brewery:pork_knuckle":1,"refurbished_furniture:recycle_bin":1,"minecraft:sand":64,"minecraft:stripped_spruce_log":1,"yuushya:white_cat":2,"minecraft:grass_block":1,"candlelight:cooking_pot":1,"farm_and_charm:tomato_seeds":54,"minecraft:light_gray_concrete":2,"xercapaint:item_canvas_long":1,"yuushya:frying_pan":1,"minecraft:dolphin_spawn_egg":1,"kaleidoscope_doll:doll_327":4,"minecraft:ladder":12,"brewery:fried_chicken":1,"chinacraft:moon_cake":1,"yuushya:mounted_cloth_0":2,"minecraft:item_frame":2,"minecraft:netherite_sword":1,"brewery:barrel_main":1,"brewery:whiskey_cristelwalker":1,"xercapaint:item_easel":1,"school:student_milk":1,"candlelight:oak_shelf":1,"minecraft:stone_button":1,"minecraft:trident":2,"minecraft:carrot":2,"minecraft:dark_oak_planks":2,"brewery:whiskey_lilitusinglemalt":3,"yuushya:ragdoll":1,"brewery:brewery_banner":3,"brewery:beer_haley":1,"minecraft:ochre_froglight":2,"candlelight:cooking_pan":1,"kaleidoscope_doll:purple_doll_gift_box":3,"minecraft:gunpowder":192,"brewery:beer_wheat":5,"xercapaint:item_canvas":12,"yuushya:orange_cat":1,"brewery:breathalyzer":2,"minecraft:stripped_oak_wood":2,"yuushya:siamese":1,"yuushya:casserole_0":1,"webdisplays:keyboard":2,"webdisplays:upgrade_lasermouse":2,"xercapaint:item_canvas_large":11,"minecraft:red_banner":1,"yuushya:black_cat":1,"netmusic:music_cd":13,"minecraft:firework_rocket":256,"webdisplays:linker":2,"webdisplays:laserpointer":2,"supplementaries:awning_red":1,"brewery:whiskey_smokey_reverie":1},"minecraft:dropped":{"webdisplays:laserpointer":2,"minecraft:porkchop":1,"xercapaint:item_canvas":3,"yuushya:white_cat":1,"kaleidoscope_doll:doll_327":1,"webdisplays:linker":1,"brewery:beer_nettle":3,"brewery:table":1,"minecraft:item_frame":1,"minecraft:deepslate_tile_stairs":1,"yuushya:mounted_cloth_0":2,"brewery:whiskey_lilitusinglemalt":4,"kaleidoscope_doll:tweaks_tool":1,"minecraft:sand":128,"minecraft:stripped_oak_wood":2,"minecraft:black_concrete":2,"minecraft:tropical_fish_spawn_egg":1,"minecraft:dark_oak_planks":3,"webdisplays:upgrade_lasermouse":1,"brewery:sideboard":1,"webdisplays:screen":1,"minecraft:netherite_sword":2,"brewery:whiskey_carrasconlabel":1,"xercapaint:item_canvas_large":1,"brewery:brewery_banner":2,"chinacraft:moon_cake":1,"minecraft:carrot":2,"farm_and_charm:tomato_seeds":21,"brewery:beer_wheat":3,"brewery:whiskey_jojannik":3,"minecraft:ochre_froglight":2,"minecraft:ladder":5,"minecraft:yellow_banner":1,"brewery:beer_hops":3,"minecraft:egg":1,"minecraft:wheat_seeds":2,"netmusic:music_cd":1,"minecraft:gray_stained_glass_pane":1,"brewery:breathalyzer":2,"chinacraft:fire_spell":1,"minecraft:oak_fence":1,"minecraft:grass_block":5,"school:piece_of_test_book":1,"minecraft:stick":2,"amendments:dragon_charge":1,"refurbished_furniture:oak_toilet":1,"minecraft:redstone":1,"minecraft:snow_block":1,"minecraft:farmland":1,"refurbished_furniture:television":1,"brewery:whiskey_cristelwalker":5,"brewery:fried_chicken":1,"minecraft:light_gray_concrete":2,"kaleidoscope_doll:doll_11":3,"kaleidoscope_doll:doll_entity_item":3,"refurbished_furniture:light_electricity_generator":1,"minecraft:filled_map":2,"minecraft:snow":1,"school:chalk_smg":1,"minecraft:spruce_planks":1,"brewery:rope":2,"webdisplays:keyboard":2,"yuushya:piano_black_concrete":1,"xercapaint:item_canvas_tall":1},"minecraft:used":{"minecraft:jack_o_lantern":1,"school:extralargeslidingwindows":1,"minecraft:purple_candle":4,"yuushya:black_cat":1,"minecraft:light_gray_stained_glass_pane":165,"candlelight:hearth":5,"candlelight:glass":12,"minecraft:elytra":1,"minecraft:ladder":5,"kaleidoscope_doll:doll_11":1,"xercapaint:item_easel":16,"minecraft:chest":4,"brewery:netherite_brewingstation":10,"minecraft:quartz_stairs":4,"brewery:fried_chicken":5,"minecraft:spruce_leaves":692,"kaleidoscope_doll:doll_machine":2,"refurbished_furniture:white_sofa":45,"candlelight:typewriter_iron":2,"kaleidoscope_doll:doll_entity_item":16,"minecraft:snowball":2619,"minecraft:stripped_spruce_log":618,"yuushya:lengthened_rain_shed_0":9,"amendments:dragon_charge":7,"yuushya:packed_green_apple_crate":3,"yuushya:coconut":1,"chinacraft:chinese_garden_dog_spawn_egg":2,"yuushya:steel_pot":1,"chinacraft:qing_dynasty_zombie_spawn_egg":1,"minecraft:lava_bucket":1,"minecraft:stripped_dark_oak_wood":109,"minecraft:lime_banner":9,"chinacraft:moon_cake":3,"minecraft:red_wool":3,"supplementaries:blackstone_tile":5,"yuushya:packed_apple_crate":2,"minecraft:lantern":5,"minecraft:grass_block":12,"yuushya:coffee_machine":7,"webdisplays:server":1,"refurbished_furniture:light_microwave":1,"candlelight:painting":5,"kaleidoscope_doll:doll_162":1,"minecraft:tropical_fish_spawn_egg":1,"yuushya:food_gift_box":3,"immersive_paintings:glow_graffiti":5,"refurbished_furniture:spruce_chair":53,"candlelight:chair":33,"minecraft:item_frame":10,"brewery:beer_haley":18,"kaleidoscope_doll:doll_294":1,"brewery:brewfest_hat_red":1,"minecraft:bow":40,"minecraft:snow":127,"yuushya:mounted_cloth_0":2,"minecraft:written_book":21,"yuushya:sorted_mug":2,"yuushya:tanghulu":4,"yuushya:ragdoll":1,"school:student_milk":5,"minecraft:egg":1,"yuushya:white_cat":1,"minecraft:pearlescent_froglight":3,"refurbished_furniture:oak_table":2,"minecraft:stripped_spruce_wood":38,"minecraft:zoglin_spawn_egg":3,"candlelight:beef_wellington":1,"yuushya:pressure_cooker":1,"brewery:beer_elemental_spawn_egg":59,"minecraft:leather_leggings":1,"minecraft:end_rod":26,"yuushya:melon":3,"candlelight:birch_shelf":11,"yuushya:jellie":2,"brewery:whiskey_cristelwalker":5,"xercapaint:item_canvas_tall":2,"minecraft:leather_chestplate":1,"minecraft:redstone_block":5,"farm_and_charm:farmers_bread":7,"refurbished_furniture:oak_toilet":1,"kaleidoscope_doll:doll_597":1,"candlelight:oak_shelf":8,"brewery:barrel_main":8,"minecraft:sand":4,"minecraft:loom":1,"refurbished_furniture:warped_chair":7,"yuushya:frying_pan":1,"refurbished_furniture:spruce_desk":2,"immersive_paintings:glow_painting":7,"minecraft:crossbow":96,"minecraft:chiseled_quartz_block":258,"minecraft:ochre_froglight":57,"candlelight:lasagne":1,"kaleidoscope_doll:doll_342":1,"yuushya:oden_cooker":2,"yuushya:black_acrylic":4,"minecraft:lever":1,"school:window_black_down_single":4,"minecraft:black_concrete":363,"refurbished_furniture:birch_light_ceiling_fan":5,"minecraft:firework_rocket":200,"brewery:patterned_carpet":61,"minecraft:gray_stained_glass_pane":30,"minecraft:light_gray_concrete":231,"farm_and_charm:plow":1,"kaleidoscope_doll:doll_87":1,"yuushya:display_cabinet":9,"minecraft:verdant_froglight":5,"minecraft:stone_button":1,"brewery:beer_oat":2,"refurbished_furniture:white_toilet":1,"brewery:bench":24,"brewery:whiskey_smokey_reverie":11,"brewery:sideboard":1,"minecraft:suspicious_gravel":2,"candlelight:lettuce_tomato":1,"minecraft:stripped_oak_wood":587,"minecraft:smithing_table":1,"minecraft:medium_amethyst_bud":5,"supplementaries:checker_block":11,"brewery:gingerbread":3,"kaleidoscope_doll:doll_327":3,"brewery:dark_brew":6274,"brewery:pork_knuckle":2,"refurbished_furniture:oak_storage_cabinet":8,"minecraft:oak_fence":14,"yuushya:piled_paper_cups":2,"candlelight:sideboard":4,"yuushya:round_ceiling_lamp":25,"yuushya:goods_shelf_mug":3,"minecraft:trident":5,"minecraft:netherite_sword":3,"kaleidoscope_doll:doll_154":1,"minecraft:flint_and_steel":96,"brewery:mashed_potatoes":3,"minecraft:redstone":12,"yuushya:gas_stove":1,"yuushya:guitar":2,"minecraft:spruce_planks":429,"farm_and_charm:supply_cart":2,"refurbished_furniture:light_fridge":3,"brewery:breathalyzer":9,"minecraft:stripped_birch_wood":9,"brewery:beer_hops":4,"minecraft:anvil":3,"farm_and_charm:tool_rack":1,"candlelight:table_set":4,"yuushya:tanghulu_tree":2,"farm_and_charm:carrot_bag":1,"brewery:dumplings":9,"refurbished_furniture:television":10,"candlelight:table_sign":3,"minecraft:oak_wood":1,"candlelight:tomato_mozzarella_salad":1,"kaleidoscope_doll:doll_419":1,"brewery:whiskey_carrasconlabel":8,"netmusic:music_player":1,"refurbished_furniture:white_stool":7,"minecraft:polished_diorite":506,"minecraft:shroomlight":6,"school:billboards":1,"minecraft:dark_oak_planks":185,"candlelight:quartz_kitchen_sink":5,"refurbished_furniture:recycle_bin":5,"brewery:table":120,"yuushya:sorted_milk":5,"yuushya:cold_juice_dispenser":4,"minecraft:sea_lantern":4,"yuushya:gas_stove_block":3,"farm_and_charm:mincer":1,"brewery:brewery_banner":11,"yuushya:black_bow_gift_box_light_blue_concrete":2,"brewery:bar_counter":39,"candlelight:oak_big_table":6,"candlelight:candlelight_standard":5,"farm_and_charm:window_sill":10,"yuushya:piano_black_concrete":1,"immersive_paintings:painting":4,"school:upperwideglasswindows_wh":7,"minecraft:filled_map":1,"brewery:brewfest_hat":1,"brewery:beer_barley":7,"candlelight:bamboo_counter":11,"yuushya:knife_rest":2,"refurbished_furniture:light_toaster":2,"minecraft:red_candle":22,"refurbished_furniture:cyan_trampoline":6,"kaleidoscope_doll:doll_310":1,"minecraft:glowstone":10,"brewery:whiskey_jojannik":6,"yuushya:blender":2,"brewery:wall_cabinet":10,"yuushya:beef_plate":1,"brewery:brewfest_regalia":1,"minecraft:deepslate_tile_stairs":1,"farm_and_charm:silo_copper":13,"brewery:pretzel":1,"farm_and_charm:grandmothers_strawberry_cake":10,"yuushya:small_coffee":2,"supplementaries:statue":1,"brewery:whiskey_jamesons_malt":6,"farm_and_charm:chicken_coop":2,"webdisplays:screencfg":2,"candlelight:cooking_pot":1,"webdisplays:linker":23,"farm_and_charm:pet_bowl":4,"minecraft:yellow_banner":8,"yuushya:black_bow_gift_box_black_concrete":6,"brewery:half_chicken":4,"brewery:potato_salad":1,"yuushya:cat_lover_gift_box":4,"xercapaint:item_canvas":9,"webdisplays:keyboard":4,"minecraft:snow_block":262,"yuushya:large_water_bottle":1,"farm_and_charm:scarecrow":6,"minecraft:polished_andesite":4,"minecraft:lime_wool":3,"supplementaries:daub":322,"supplementaries:sconce_lever":1,"yuushya:hay_table":1,"yuushya:casserole_0":1,"minecraft:leather_boots":1,"brewery:beer_wheat":19,"refurbished_furniture:gray_kitchen_cabinetry":24,"refurbished_furniture:light_blue_kitchen_cabinetry":5,"minecraft:glow_item_frame":1,"yuushya:idol_gift_box":4,"kaleidoscope_doll:doll_441":4,"brewery:brewfest_dress":1,"brewery:brewfest_shoes":1,"brewery:whiskey_maggoallan":4,"minecraft:stripped_dark_oak_log":50,"yuushya:businessman_gift_box":2,"minecraft:oak_slab":57,"candlelight:table_bowl":4,"minecraft:crafting_table":2,"supplementaries:ash_bricks":257,"refurbished_furniture:oak_light_ceiling_fan":1,"minecraft:yellow_stained_glass_pane":4,"yuushya:apple":1,"minecraft:campfire":1,"farm_and_charm:chicken_nest":1,"kaleidoscope_doll:doll_587":1,"kaleidoscope_doll:purple_doll_gift_box":9,"brewery:beer_nettle":5,"minecraft:cake":1,"minecraft:spruce_log":57,"netmusic:cd_burner":1,"brewery:whiskey_lilitusinglemalt":13,"minecraft:oak_log":1,"minecraft:light_blue_candle":9,"minecraft:oak_button":2,"yuushya:water_dispenser":1,"minecraft:map":1,"yuushya:easel_with_canvas":2,"xercapaint:item_canvas_large":24,"supplementaries:awning_red":25,"refurbished_furniture:light_electricity_generator":4,"brewery:whiskey_ak":6,"minecraft:yellow_wool":1,"yuushya:siamese":6,"farm_and_charm:feeding_trough":1,"yuushya:hanging_peking_roast_duck":5,"brewery:beer_mug":4,"refurbished_furniture:gray_kitchen_drawer":8,"yuushya:umbrella_red":1,"farm_and_charm:water_sprinkler":38,"farm_and_charm:rotten_tomato":2257,"minecraft:red_banner":15,"yuushya:orange_cat":1,"school:codeforstudents":1,"yuushya:chopping_board":1,"brewery:whiskey_highland_hearth":1,"refurbished_furniture:oak_chair":5,"candlelight:tool_rack":3,"brewery:drawer":5,"webdisplays:screen":258,"brewery:brewfest_trousers":1,"candlelight:pork_ribs":3,"yuushya:pudding":3,"supplementaries:awning_light_gray":5},"minecraft:custom":{"minecraft:interact_with_crafting_table":3,"minecraft:open_shulker_box":12,"minecraft:leave_game":13,"minecraft:time_since_death":429309,"minecraft:sprint_one_cm":609981,"minecraft:drop":213,"minecraft:talked_to_villager":8,"minecraft:play_time":964395,"minecraft:deaths":2,"minecraft:jump":4232,"minecraft:walk_on_water_one_cm":232,"minecraft:interact_with_loom":2,"minecraft:damage_dealt":288,"minecraft:crouch_one_cm":19150,"minecraft:inspect_dispenser":6,"minecraft:interact_with_smithing_table":2,"minecraft:interact_with_anvil":21,"minecraft:mob_kills":6,"minecraft:climb_one_cm":3680,"minecraft:walk_one_cm":1603280,"minecraft:sneak_time":12668,"minecraft:walk_under_water_one_cm":866,"minecraft:total_world_time":964395,"minecraft:interact_with_stonecutter":5,"minecraft:time_since_rest":429356,"minecraft:damage_taken":450,"minecraft:swim_one_cm":688,"minecraft:fly_one_cm":5263919,"minecraft:open_chest":40,"minecraft:aviate_one_cm":1183744,"minecraft:fall_one_cm":5730},"minecraft:mined":{"kaleidoscope_doll:doll_327":3,"yuushya:jellie":1,"kaleidoscope_doll:purple_doll_gift_box":5,"yuushya:cat_lover_gift_box":1},"minecraft:crafted":{"minecraft:leather_chestplate":1,"minecraft:leather_leggings":2,"minecraft:leather_boots":2,"yuushya:black_bow_gift_box_light_blue_concrete":1,"minecraft:leather_helmet":2,"minecraft:air":0,"yuushya:piano_black_concrete":1,"yuushya:black_bow_gift_box_black_concrete":1},"minecraft:killed":{"minecraft:iron_golem":1,"minecraft:wandering_trader":1,"minecraft:villager":4}},"DataVersion":3465}