{"stats":{"minecraft:dropped":{"minecraft:soul_sand":1,"webdisplays:laserpointer":1,"minecraft:oak_trapdoor":1,"theatrical:moving_light":2,"minecraft:oak_button":1,"netmusic:music_cd":2,"minecraft:dispenser":1,"minecraft:tnt":1,"minecraft:ender_pearl":2,"minecraft:quartz_block":20,"minecraft:smooth_quartz":1,"minecraft:amethyst_block":1,"minecraft:ender_eye":1,"yuushya:beef":1,"minecraft:grass_block":1},"minecraft:picked_up":{"school:alcohol_lamp":1,"minecraft:repeater":2,"minecraft:redstone":10,"netmusic:music_cd":2,"minecraft:amethyst_block":1,"theatrical:moving_light":1,"minecraft:oak_trapdoor":1,"minecraft:dirt":6,"yuushya:sleeping_orange_cat":1,"minecraft:tnt":1,"minecraft:quartz_block":36,"minecraft:dispenser":8,"minecraft:stone_bricks":13,"webdisplays:laserpointer":2,"yuushya:beef":1,"minecraft:lever":1,"minecraft:ender_eye":28,"minecraft:oak_button":1,"school:classroomdoors":2,"minecraft:soul_sand":1},"minecraft:custom":{"minecraft:time_since_rest":86770,"minecraft:walk_one_cm":287370,"minecraft:sprint_one_cm":3209,"minecraft:damage_taken":40,"minecraft:drop":23,"minecraft:fly_one_cm":686940,"minecraft:open_chest":6,"minecraft:crouch_one_cm":4745,"minecraft:play_time":166201,"minecraft:deaths":2,"minecraft:sneak_time":2368,"minecraft:walk_under_water_one_cm":14360,"minecraft:jump":996,"minecraft:eat_cake_slice":6,"minecraft:leave_game":2,"minecraft:walk_on_water_one_cm":15940,"minecraft:time_since_death":86669,"minecraft:total_world_time":166201,"minecraft:inspect_dispenser":22},"minecraft:used":{"minecraft:oak_trapdoor":6,"minecraft:lever":6,"minecraft:dark_oak_planks":1,"minecraft:water_bucket":100,"minecraft:ender_eye":39,"yuushya:beef":50,"brewery:mashed_potatoes":7,"minecraft:grass_block":21,"minecraft:dispenser":66,"minecraft:redstone":49,"minecraft:oak_button":3,"school:seewo_bsod":14,"minecraft:quartz_block":215,"minecraft:ender_pearl":95,"minecraft:spruce_planks":37,"minecraft:smooth_quartz":1,"minecraft:stone_bricks":198,"school:classroomdoors":2,"minecraft:repeater":14,"minecraft:soul_sand":55,"minecraft:goat_horn":1,"minecraft:crossbow":4,"theatrical:moving_light":4,"minecraft:spruce_fence":2,"webdisplays:screen":6,"school:alcohol_lamp":2}},"DataVersion":3465}