{"stats":{"minecraft:custom":{"minecraft:mob_kills":2,"minecraft:play_record":1,"minecraft:interact_with_crafting_table":24,"minecraft:open_shulker_box":2,"minecraft:leave_game":17,"minecraft:time_since_death":1054850,"minecraft:time_since_rest":1054850,"minecraft:sprint_one_cm":892361,"minecraft:walk_one_cm":905665,"minecraft:drop":45,"minecraft:damage_dealt":400,"minecraft:fly_one_cm":5724149,"minecraft:open_chest":32,"minecraft:crouch_one_cm":25507,"minecraft:play_time":1054850,"minecraft:sneak_time":15080,"minecraft:jump":6065,"minecraft:total_world_time":1054850,"minecraft:inspect_dispenser":60},"minecraft:used":{"theatricalextralights:x8par_red":8,"webdisplays:linker":57,"minecraft:oak_fence":6,"supplementaries:cog_block":23,"minecraft:netherite_sword":4,"theatricalextralights:moving_vl2c":1,"theatrical:led_panel":3,"theatrical:truss":773,"webdisplays:keyboard":5,"minecraft:flint_and_steel":34,"theatricalextralights:moving_beam":1,"minecraft:dispenser":83,"minecraft:oak_planks":80,"supplementaries:crystal_display":1,"xercapaint:item_easel":2,"minecraft:chest":2,"minecraft:spruce_planks":50,"minecraft:tinted_glass":9,"refurbished_furniture:orange_sofa":12,"minecraft:redstone_block":51,"theatricalextralights:laser":3,"theatrical:led_fresnel":3,"supplementaries:timber_frame":2,"supplementaries:redstone_illuminator":2,"minecraft:dirt":149,"minecraft:crafting_table":1,"supplementaries:music_disc_heave_ho":1,"minecraft:spruce_stairs":24,"refurbished_furniture:television":10,"theatrical:moving_light":4,"brewery:beer_nettle":4,"refurbished_furniture:computer":6,"minecraft:stripped_spruce_log":40,"netmusic:music_player":5,"netmusic:cd_burner":4,"minecraft:redstone_torch":1,"minecraft:black_wool":254,"minecraft:dark_oak_planks":190,"minecraft:light":32,"refurbished_furniture:dark_electricity_generator":1,"supplementaries:pedestal":2,"minecraft:lever":30,"theatricalextralights:a2x2par64_red":5,"webdisplays:rctrl":17,"theatricalextralights:followspot":1,"minecraft:black_concrete":4,"minecraft:firework_rocket":672,"supplementaries:cage":2,"theatrical:tank_trap":4,"minecraft:command_block":7,"minecraft:grass_block":214,"minecraft:oak_stairs":1,"farm_and_charm:beetroot_bag":1,"minecraft:orange_shulker_box":2,"minecraft:stone_button":2,"webdisplays:server":2,"webdisplays:redctrl":2,"net_music_list:ender_music_player":3,"xercapaint:item_canvas_large":23,"supplementaries:speaker_block":74,"brewery:whiskey_ak":1,"supplementaries:lock_block":1,"theatrical:pipe":3,"minecraft:black_stained_glass":28,"supplementaries:timber_cross_brace":4,"theatrical:redstone_interface":3,"minecraft:glass_pane":5,"farm_and_charm:chicken_coop":1,"webdisplays:screencfg":105,"minecraft:observer":3,"webdisplays:screen":2479,"minecraft:jukebox":1,"theatrical:basic_lighting_desk":3},"minecraft:picked_up":{"brewery:beer_nettle":3,"minecraft:ladder":5,"minecraft:gunpowder":64,"brewery:whiskey_ak":1,"net_music_list:manual":1,"minecraft:coal_block":63,"supplementaries:music_disc_heave_ho":1,"minecraft:orange_shulker_box":2,"net_music_list:music_list":1,"webdisplays:craftcomp_batpack":1,"refurbished_furniture:knife":1,"xercapaint:item_canvas_large":6,"minecraft:trident":1,"netmusic:music_cd":29,"minecraft:firework_rocket":1986,"xercapaint:item_canvas_long":1,"refurbished_furniture:meatlovers_pizza_slice":1,"webdisplays:laserpointer":1,"minecraft:lever":1,"theatrical:truss":1},"minecraft:dropped":{"netmusic:music_cd":9,"webdisplays:craftcomp_batpack":1,"net_music_list:music_list":1,"theatrical:configuration_card":1,"xercapaint:item_canvas_large":4,"minecraft:coal_block":64,"minecraft:trident":1,"minecraft:ladder":9,"xercapaint:item_palette":1,"minecraft:firework_rocket":1066},"minecraft:crafted":{"minecraft:firework_star":1088,"minecraft:firework_rocket":3072},"minecraft:killed":{"minecraft:wandering_trader":2}},"DataVersion":3465}