{"stats":{"minecraft:custom":{"minecraft:time_since_rest":290720,"minecraft:open_chest":2,"minecraft:sprint_one_cm":239,"minecraft:crouch_one_cm":38,"minecraft:play_time":290720,"minecraft:walk_one_cm":145324,"minecraft:sneak_time":2716,"minecraft:jump":259,"minecraft:leave_game":3,"minecraft:time_since_death":290720,"minecraft:total_world_time":290720,"minecraft:fly_one_cm":1504984},"minecraft:used":{"theatricalextralights:laser":3,"theatricalextralights:a2x2par64_blue":2,"theatricalextralights:x8par_warm":1,"theatrical:pipe":17,"theatrical:truss":461,"theatricalextralights:mac_vip":4,"theatrical:redstone_interface":16,"minecraft:oak_planks":4,"theatricalextralights:washlight":43,"minecraft:spruce_planks":1,"theatricalextralights:rgb_bar":2,"theatricalextralights:strobe":1,"supplementaries:speaker_block":194,"theatrical:basic_lighting_desk":8,"theatricalextralights:moving_vl6":15},"minecraft:picked_up":{"theatrical:configuration_card":1}},"DataVersion":3465}