{"stats":{"minecraft:custom":{"minecraft:mob_kills":1,"minecraft:play_record":1,"minecraft:leave_game":14,"minecraft:time_since_death":870455,"minecraft:time_since_rest":870455,"minecraft:sprint_one_cm":535038,"minecraft:walk_one_cm":636407,"minecraft:drop":13,"minecraft:damage_dealt":200,"minecraft:fly_one_cm":4137715,"minecraft:crouch_one_cm":23202,"minecraft:play_time":870455,"minecraft:sneak_time":13053,"minecraft:jump":4211,"minecraft:total_world_time":870455,"minecraft:inspect_dispenser":19},"minecraft:used":{"theatricalextralights:x8par_red":8,"webdisplays:linker":54,"minecraft:oak_fence":6,"supplementaries:cog_block":21,"minecraft:netherite_sword":2,"theatrical:truss":773,"theatricalextralights:moving_vl2c":1,"theatrical:led_panel":3,"webdisplays:keyboard":5,"theatricalextralights:moving_beam":1,"minecraft:dispenser":3,"minecraft:oak_planks":80,"supplementaries:crystal_display":1,"xercapaint:item_easel":2,"minecraft:spruce_planks":50,"minecraft:tinted_glass":9,"refurbished_furniture:orange_sofa":12,"minecraft:redstone_block":2,"theatricalextralights:laser":3,"theatrical:led_fresnel":3,"supplementaries:timber_frame":2,"supplementaries:redstone_illuminator":2,"minecraft:dirt":1,"supplementaries:music_disc_heave_ho":1,"minecraft:spruce_stairs":24,"refurbished_furniture:television":10,"theatrical:moving_light":4,"brewery:beer_nettle":4,"refurbished_furniture:computer":6,"minecraft:stripped_spruce_log":40,"netmusic:music_player":4,"netmusic:cd_burner":4,"minecraft:redstone_torch":1,"supplementaries:pedestal":2,"minecraft:black_concrete":4,"refurbished_furniture:dark_electricity_generator":1,"minecraft:lever":23,"theatricalextralights:a2x2par64_red":5,"webdisplays:rctrl":17,"theatricalextralights:followspot":1,"minecraft:black_wool":254,"supplementaries:cage":2,"theatrical:tank_trap":4,"minecraft:firework_rocket":672,"minecraft:command_block":6,"minecraft:grass_block":59,"minecraft:oak_stairs":1,"minecraft:stone_button":2,"webdisplays:server":2,"webdisplays:redctrl":2,"xercapaint:item_canvas_large":23,"net_music_list:ender_music_player":3,"supplementaries:speaker_block":74,"brewery:whiskey_ak":1,"supplementaries:lock_block":1,"theatrical:pipe":3,"minecraft:black_stained_glass":28,"supplementaries:timber_cross_brace":4,"theatrical:redstone_interface":3,"minecraft:glass_pane":5,"webdisplays:screencfg":105,"webdisplays:screen":2477,"minecraft:jukebox":1,"theatrical:basic_lighting_desk":3},"minecraft:picked_up":{"brewery:beer_nettle":3,"brewery:whiskey_ak":1,"net_music_list:manual":1,"minecraft:coal_block":63,"supplementaries:music_disc_heave_ho":1,"webdisplays:craftcomp_batpack":1,"xercapaint:item_canvas_large":3,"refurbished_furniture:knife":1,"netmusic:music_cd":28,"minecraft:firework_rocket":639,"xercapaint:item_canvas_long":1,"refurbished_furniture:meatlovers_pizza_slice":1,"webdisplays:laserpointer":1,"minecraft:lever":1,"theatrical:truss":1},"minecraft:dropped":{"netmusic:music_cd":8,"webdisplays:craftcomp_batpack":1,"theatrical:configuration_card":1,"xercapaint:item_canvas_large":1,"minecraft:coal_block":64,"xercapaint:item_palette":1},"minecraft:killed":{"minecraft:wandering_trader":1}},"DataVersion":3465}