{"stats":{"minecraft:custom":{"minecraft:time_since_rest":114108,"minecraft:sprint_one_cm":160,"minecraft:crouch_one_cm":4,"minecraft:play_time":114108,"minecraft:walk_one_cm":66748,"minecraft:sneak_time":1634,"minecraft:jump":108,"minecraft:leave_game":1,"minecraft:time_since_death":114108,"minecraft:total_world_time":114108,"minecraft:fly_one_cm":658802},"minecraft:used":{"theatricalextralights:laser":3,"theatricalextralights:a2x2par64_blue":2,"theatricalextralights:x8par_warm":1,"theatrical:pipe":17,"theatrical:truss":331,"theatricalextralights:mac_vip":4,"minecraft:oak_planks":4,"theatricalextralights:washlight":22,"minecraft:spruce_planks":1,"theatricalextralights:rgb_bar":2,"theatricalextralights:strobe":1,"supplementaries:speaker_block":174,"theatrical:basic_lighting_desk":8},"minecraft:picked_up":{"theatrical:configuration_card":1}},"DataVersion":3465}