{"stats":{"minecraft:custom":{"minecraft:mob_kills":2,"minecraft:play_record":1,"minecraft:interact_with_crafting_table":24,"minecraft:open_shulker_box":3,"minecraft:leave_game":20,"minecraft:time_since_death":1293931,"minecraft:time_since_rest":1293931,"minecraft:sprint_one_cm":1149644,"minecraft:walk_one_cm":1153143,"minecraft:drop":47,"minecraft:damage_dealt":400,"minecraft:fly_one_cm":8330666,"minecraft:open_chest":36,"minecraft:crouch_one_cm":33870,"minecraft:play_time":1293931,"minecraft:sneak_time":20520,"minecraft:jump":8478,"minecraft:total_world_time":1293931,"minecraft:inspect_dispenser":73},"minecraft:used":{"theatricalextralights:x8par_red":8,"webdisplays:linker":69,"minecraft:oak_fence":6,"webdisplays:ownerthief":2,"supplementaries:cog_block":109,"minecraft:netherite_sword":4,"theatricalextralights:moving_vl2c":1,"theatrical:led_panel":3,"theatrical:truss":773,"webdisplays:keyboard":5,"minecraft:flint_and_steel":34,"theatricalextralights:moving_beam":1,"minecraft:dispenser":83,"minecraft:redstone":6,"minecraft:oak_planks":81,"supplementaries:crystal_display":1,"xercapaint:item_easel":2,"minecraft:chest":2,"minecraft:spruce_planks":50,"minecraft:tinted_glass":9,"minecraft:redstone_block":63,"refurbished_furniture:orange_sofa":12,"theatricalextralights:laser":3,"theatrical:led_fresnel":3,"supplementaries:timber_frame":2,"supplementaries:redstone_illuminator":2,"minecraft:dirt":157,"minecraft:crafting_table":1,"supplementaries:music_disc_heave_ho":1,"minecraft:spruce_stairs":24,"refurbished_furniture:television":12,"theatrical:moving_light":4,"brewery:beer_nettle":4,"refurbished_furniture:computer":8,"minecraft:stripped_spruce_log":40,"netmusic:music_player":6,"netmusic:cd_burner":4,"minecraft:black_wool":256,"minecraft:redstone_torch":1,"minecraft:dark_oak_planks":233,"refurbished_furniture:dark_electricity_generator":2,"theatricalextralights:a2x2par64_red":5,"supplementaries:pedestal":2,"minecraft:lever":37,"minecraft:light":32,"webdisplays:rctrl":23,"theatricalextralights:followspot":1,"minecraft:black_concrete":4,"minecraft:firework_rocket":672,"supplementaries:cage":2,"theatrical:tank_trap":4,"minecraft:command_block":9,"minecraft:grass_block":648,"minecraft:oak_stairs":1,"farm_and_charm:beetroot_bag":1,"minecraft:stone_button":2,"minecraft:orange_shulker_box":3,"webdisplays:server":2,"webdisplays:redctrl":5,"net_music_list:ender_music_player":4,"xercapaint:item_canvas_large":23,"refurbished_furniture:spruce_table":2,"supplementaries:speaker_block":74,"brewery:whiskey_ak":1,"minecraft:repeater":8,"supplementaries:lock_block":1,"theatrical:pipe":3,"minecraft:black_stained_glass":28,"minecraft:stripped_oak_wood":1,"supplementaries:timber_cross_brace":4,"theatrical:redstone_interface":3,"minecraft:glass_pane":5,"farm_and_charm:chicken_coop":1,"webdisplays:screencfg":139,"minecraft:observer":9,"minecraft:jukebox":1,"webdisplays:screen":3972,"theatrical:basic_lighting_desk":3},"minecraft:picked_up":{"brewery:beer_nettle":3,"minecraft:ladder":5,"net_music_list:manual":1,"brewery:whiskey_ak":1,"minecraft:gunpowder":256,"brewery:beer_wheat":1,"xercapaint:item_canvas":1,"brewery:whiskey_cristelwalker":1,"minecraft:coal_block":188,"brewery:beer_hops":1,"supplementaries:music_disc_heave_ho":1,"minecraft:orange_shulker_box":3,"webdisplays:craftcomp_batpack":1,"net_music_list:music_list":1,"xercapaint:item_canvas_large":13,"refurbished_furniture:knife":1,"minecraft:trident":1,"netmusic:music_cd":29,"minecraft:tnt":65,"minecraft:firework_rocket":1986,"xercapaint:item_canvas_long":4,"refurbished_furniture:meatlovers_pizza_slice":1,"webdisplays:laserpointer":1,"minecraft:lever":1,"theatrical:truss":1,"webdisplays:ownerthief":1},"minecraft:dropped":{"webdisplays:ownerthief":1,"netmusic:music_cd":9,"webdisplays:craftcomp_batpack":1,"net_music_list:music_list":1,"theatrical:configuration_card":1,"xercapaint:item_canvas_large":4,"minecraft:coal_block":126,"minecraft:trident":1,"minecraft:ladder":9,"xercapaint:item_palette":1,"minecraft:firework_rocket":1066},"minecraft:crafted":{"minecraft:firework_star":1088,"minecraft:firework_rocket":3072},"minecraft:killed":{"minecraft:wandering_trader":2}},"DataVersion":3465}