{"stats":{"minecraft:used":{"theatricalextralights:moving_vl6":1,"webdisplays:linker":5,"minecraft:dark_oak_planks":22,"minecraft:brown_terracotta":94,"webdisplays:rctrl":4,"theatricalextralights:moving_vl2c":2,"theatrical:truss":1779,"minecraft:chain":88,"theatrical:moving_light":25,"minecraft:spruce_planks":205,"minecraft:white_concrete":34,"minecraft:gray_wool":382,"webdisplays:screencfg":2,"supplementaries:speaker_block":172,"theatricalextralights:strobe":79,"webdisplays:screen":297,"minecraft:stripped_spruce_log":106},"minecraft:custom":{"minecraft:open_chest":1,"minecraft:time_since_rest":121729,"minecraft:sprint_one_cm":1954,"minecraft:crouch_one_cm":466,"minecraft:play_time":121729,"minecraft:walk_one_cm":42960,"minecraft:sneak_time":7168,"minecraft:drop":1,"minecraft:jump":70,"minecraft:time_since_death":121729,"minecraft:total_world_time":121729,"minecraft:fly_one_cm":1246697,"minecraft:inspect_dispenser":1},"minecraft:picked_up":{"supplementaries:speaker_block":1,"minecraft:firework_rocket":150,"theatricalextralights:moving_vl6":1,"netmusic:music_cd":1},"minecraft:dropped":{"supplementaries:speaker_block":1}},"DataVersion":3465}