{"stats":{"minecraft:custom":{"minecraft:time_since_rest":122926,"minecraft:crouch_one_cm":82,"minecraft:sprint_one_cm":52617,"minecraft:play_time":122926,"minecraft:walk_one_cm":125942,"minecraft:sneak_time":207,"minecraft:drop":2,"minecraft:jump":1050,"minecraft:leave_game":1,"minecraft:time_since_death":122926,"minecraft:total_world_time":122926,"minecraft:fly_one_cm":238078},"minecraft:picked_up":{"minecraft:splash_potion":1,"netmusic:music_cd":1},"minecraft:used":{"theatrical:led_fresnel":1,"webdisplays:linker":3,"theatrical:tank_trap":4,"minecraft:dirt":3,"theatrical:led_panel":3,"theatrical:pipe":11,"theatrical:truss":20,"webdisplays:keyboard":2,"minecraft:grass_block":13,"theatrical:redstone_interface":6,"minecraft:oak_planks":31,"webdisplays:server":1,"webdisplays:redctrl":71,"theatrical:moving_light":44,"theatrical:moving_wash":3,"webdisplays:screen":11,"theatrical:basic_lighting_desk":11,"minecraft:splash_potion":188,"minecraft:birch_stairs":1},"minecraft:dropped":{"netmusic:music_cd":1,"minecraft:splash_potion":1}},"DataVersion":3465}