{"stats":{"minecraft:used":{"theatricalextralights:moving_vl6":1,"webdisplays:linker":5,"minecraft:dark_oak_planks":22,"minecraft:brown_terracotta":76,"webdisplays:rctrl":4,"theatricalextralights:moving_vl2c":2,"theatrical:truss":1040,"minecraft:chain":20,"theatrical:moving_light":16,"minecraft:spruce_planks":205,"minecraft:white_concrete":34,"webdisplays:screencfg":1,"supplementaries:speaker_block":150,"theatricalextralights:strobe":48,"webdisplays:screen":297,"minecraft:stripped_spruce_log":105},"minecraft:custom":{"minecraft:open_chest":1,"minecraft:time_since_rest":91729,"minecraft:sprint_one_cm":1954,"minecraft:crouch_one_cm":344,"minecraft:play_time":91729,"minecraft:walk_one_cm":41839,"minecraft:sneak_time":5851,"minecraft:drop":1,"minecraft:jump":68,"minecraft:time_since_death":91729,"minecraft:total_world_time":91729,"minecraft:fly_one_cm":919991,"minecraft:inspect_dispenser":1},"minecraft:picked_up":{"supplementaries:speaker_block":1,"minecraft:firework_rocket":126,"theatricalextralights:moving_vl6":1,"netmusic:music_cd":1},"minecraft:dropped":{"supplementaries:speaker_block":1}},"DataVersion":3465}