{"stats":{"minecraft:picked_up":{"netmusic:music_cd":5},"minecraft:custom":{"minecraft:jump":196,"minecraft:time_since_rest":75179,"minecraft:crouch_one_cm":1350,"minecraft:leave_game":1,"minecraft:play_time":75179,"minecraft:sprint_one_cm":38300,"minecraft:time_since_death":75179,"minecraft:walk_one_cm":49143,"minecraft:sneak_time":2104,"minecraft:total_world_time":75179,"minecraft:fly_one_cm":404423},"minecraft:used":{"brewery:whiskey_lilitusinglemalt":1,"webdisplays:linker":6,"minecraft:dark_oak_planks":2,"minecraft:glow_item_frame":1,"webdisplays:rctrl":2,"webdisplays:keyboard":2,"webdisplays:screen":4,"netmusic:music_player":1}},"DataVersion":3465}