{"stats":{"minecraft:picked_up":{"refurbished_furniture:wrench":1,"netmusic:music_cd":83,"xercapaint:item_canvas":1},"minecraft:dropped":{"netmusic:music_cd":64},"minecraft:used":{"brewery:whiskey_lilitusinglemalt":1,"webdisplays:linker":6,"minecraft:glow_item_frame":2,"minecraft:dark_oak_planks":2,"webdisplays:rctrl":2,"minecraft:sand":69,"xercapaint:item_canvas":9,"webdisplays:keyboard":2,"minecraft:barrier":1,"supplementaries:statue":1,"minecraft:gray_wool":2,"yuushya:fire_extinguisher":1,"webdisplays:screen":4,"theatrical:basic_lighting_desk":3,"netmusic:music_player":2},"minecraft:custom":{"minecraft:time_since_rest":53299,"minecraft:open_chest":3,"minecraft:sprint_one_cm":110292,"minecraft:crouch_one_cm":11987,"minecraft:play_time":245514,"minecraft:open_shulker_box":20,"minecraft:deaths":4,"minecraft:damage_taken":280,"minecraft:walk_one_cm":123307,"minecraft:sneak_time":7004,"minecraft:drop":2,"minecraft:jump":505,"minecraft:leave_game":5,"minecraft:time_since_death":53244,"minecraft:sleep_in_bed":1,"minecraft:climb_one_cm":5090,"minecraft:total_world_time":245514,"minecraft:fly_one_cm":802804}},"DataVersion":3465}