{"stats":{"minecraft:custom":{"minecraft:time_since_rest":685116,"minecraft:sprint_one_cm":300698,"minecraft:walk_one_cm":449511,"minecraft:mob_kills":1,"minecraft:drop":5,"minecraft:damage_dealt":200,"minecraft:play_record":1,"minecraft:fly_one_cm":2572763,"minecraft:crouch_one_cm":17638,"minecraft:play_time":685116,"minecraft:sneak_time":9167,"minecraft:jump":2293,"minecraft:leave_game":14,"minecraft:time_since_death":685116,"minecraft:total_world_time":685116},"minecraft:killed":{"minecraft:wandering_trader":1},"minecraft:picked_up":{"brewery:beer_nettle":1,"supplementaries:music_disc_heave_ho":1,"webdisplays:craftcomp_batpack":1,"xercapaint:item_canvas_large":1,"netmusic:music_cd":21,"net_music_list:manual":1,"theatrical:truss":1},"minecraft:used":{"theatricalextralights:x8par_red":8,"minecraft:redstone_torch":1,"webdisplays:linker":48,"minecraft:firework_rocket":652,"minecraft:netherite_sword":2,"theatricalextralights:followspot":1,"minecraft:lever":6,"supplementaries:cog_block":7,"theatricalextralights:a2x2par64_red":5,"webdisplays:rctrl":14,"minecraft:black_wool":254,"minecraft:black_concrete":3,"theatricalextralights:moving_vl2c":1,"theatrical:tank_trap":1,"theatrical:led_panel":3,"theatrical:truss":4,"webdisplays:keyboard":5,"minecraft:command_block":1,"theatricalextralights:moving_beam":1,"minecraft:grass_block":58,"minecraft:oak_stairs":1,"minecraft:oak_planks":14,"minecraft:stone_button":2,"webdisplays:server":2,"xercapaint:item_easel":1,"webdisplays:redctrl":2,"minecraft:tinted_glass":6,"net_music_list:ender_music_player":2,"minecraft:redstone_block":2,"refurbished_furniture:orange_sofa":12,"theatrical:led_fresnel":3,"minecraft:dirt":1,"theatrical:pipe":3,"minecraft:black_stained_glass":28,"supplementaries:music_disc_heave_ho":1,"theatrical:redstone_interface":2,"minecraft:glass_pane":5,"theatrical:moving_light":4,"brewery:beer_nettle":1,"webdisplays:screencfg":102,"webdisplays:screen":2474,"minecraft:jukebox":1,"theatrical:basic_lighting_desk":3,"minecraft:stripped_spruce_log":11,"netmusic:music_player":1,"netmusic:cd_burner":4},"minecraft:dropped":{"netmusic:music_cd":4,"webdisplays:craftcomp_batpack":1}},"DataVersion":3465}