{"stats":{"minecraft:custom":{"minecraft:time_since_rest":415313,"minecraft:sprint_one_cm":212821,"minecraft:walk_one_cm":595552,"minecraft:drop":8,"minecraft:fly_one_cm":1241251,"minecraft:crouch_one_cm":94,"minecraft:play_time":415313,"minecraft:sneak_time":1165,"minecraft:jump":2959,"minecraft:leave_game":3,"minecraft:time_since_death":415313,"minecraft:total_world_time":415313},"minecraft:picked_up":{"minecraft:splash_potion":1,"webdisplays:server":1,"netmusic:music_cd":1,"minecraft:redstone":133,"minecraft:spruce_planks":1,"theatrical:truss":64,"minecraft:oak_button":1},"minecraft:used":{"webdisplays:linker":3,"minecraft:black_terracotta":5,"minecraft:black_wool":7,"minecraft:black_concrete":560,"supplementaries:relayer":9,"minecraft:lever":17,"webdisplays:rctrl":1,"theatricalextralights:followspot":34,"theatrical:tank_trap":5,"supplementaries:bellows":6,"theatricalextralights:sharplus":10,"theatricalextralights:moving_vl2c":1,"theatrical:led_panel":4,"theatrical:truss":513,"webdisplays:keyboard":3,"theatricalextralights:par1000_white":1,"theatricalextralights:x8par_purple":1,"minecraft:grass_block":18,"minecraft:oak_stairs":11,"minecraft:redstone":62,"minecraft:oak_button":2,"theatricalextralights:blinder_warm":1,"minecraft:oak_planks":294,"webdisplays:server":30,"supplementaries:crystal_display":3,"theatricalextralights:atomictilt":32,"net_music_list:ender_music_player":3,"minecraft:spruce_planks":660,"webdisplays:redctrl":72,"theatrical:moving_wash":10,"minecraft:tinted_glass":136,"supplementaries:cannon":1,"refurbished_furniture:orange_sofa":3,"supplementaries:sconce_lever":1,"minecraft:redstone_block":59,"refurbished_furniture:spruce_table":11,"supplementaries:speaker_block":12,"theatrical:led_fresnel":5,"minecraft:light_gray_wool":39,"theatricalextralights:moving500":3,"minecraft:repeater":12,"minecraft:dirt":3,"theatricalextralights:beam_7r":3,"theatrical:pipe":16,"theatricalextralights:moving_scan":49,"supplementaries:faucet":5,"theatrical:redstone_interface":6,"theatrical:moving_light":49,"theatricalextralights:strobe":16,"minecraft:black_concrete_powder":20,"minecraft:stripped_spruce_log":6,"minecraft:birch_stairs":1,"netmusic:computer":2,"minecraft:splash_potion":188,"webdisplays:screen":26,"theatrical:basic_lighting_desk":20,"netmusic:cd_burner":1},"minecraft:dropped":{"theatrical:truss":65,"netmusic:music_cd":1,"minecraft:spruce_planks":1,"minecraft:splash_potion":1,"net_music_list:manual":1,"webdisplays:server":1,"minecraft:redstone":64}},"DataVersion":3465}