{"stats":{"minecraft:dropped":{"school:alcohol_lamp":1},"minecraft:picked_up":{"school:alcohol_lamp":2,"minecraft:dirt":23},"minecraft:custom":{"minecraft:jump":89,"minecraft:time_since_rest":54446,"minecraft:leave_game":1,"minecraft:sprint_one_cm":36013,"minecraft:play_time":54446,"minecraft:time_since_death":54446,"minecraft:walk_one_cm":140300,"minecraft:sneak_time":128,"minecraft:total_world_time":54446,"minecraft:drop":1,"minecraft:fly_one_cm":362850},"minecraft:used":{"school:pcmc":5,"minecraft:sea_lantern":2,"yuushya:toilet":6,"school:alcohol_lamp":20,"refurbished_furniture:oak_table":14,"minecraft:grass_block":8}},"DataVersion":3465}