{"stats":{"minecraft:dropped":{"school:chair":1,"school:podium":1,"school:strip_chandelier":2,"yuushya:traffic_sign_16":1,"minecraft:quartz_block":3,"school:tabletennistable":2,"minecraft:stone_bricks":2,"minecraft:iron_bars":1},"minecraft:mined":{"school:tabletennistable":1},"minecraft:picked_up":{"school:chair":1,"refurbished_furniture:wrench":1,"school:strip_chandelier":2,"school:desk":1,"yuushya:jungle_tall_door":6,"xercapaint:item_canvas":5,"school:fluorescentlamps":1,"minecraft:oak_sign":2,"minecraft:stone_bricks":1,"brewery:whiskey_highland_hearth":1,"school:tabletennistable":2,"xercapaint:item_easel":1,"yuushya:oak_tall_door":2,"yuushya:villa_0":1,"yuushya:butterfly":1,"yuushya:head_bucket":1,"xercapaint:item_palette":1,"school:top_lamp":1,"yuushya:toilet":1,"minecraft:quartz_block":3,"school:podium":1,"minecraft:white_shulker_box":1,"minecraft:iron_bars":1},"minecraft:custom":{"minecraft:open_shulker_box":1,"minecraft:interact_with_stonecutter":2,"minecraft:leave_game":5,"minecraft:time_since_death":156918,"minecraft:time_since_rest":156962,"minecraft:walk_one_cm":995391,"minecraft:sprint_one_cm":374787,"minecraft:damage_taken":10630,"minecraft:drop":13,"minecraft:fly_one_cm":1517592,"minecraft:crouch_one_cm":2358,"minecraft:play_time":314600,"minecraft:deaths":19,"minecraft:sneak_time":3559,"minecraft:jump":1446,"minecraft:total_world_time":314600,"minecraft:fall_one_cm":101649,"minecraft:inspect_dispenser":3},"minecraft:used":{"minecraft:quartz_bricks":1,"school:ac_out":4,"minecraft:cherry_sapling":1,"minecraft:water_bucket":4,"minecraft:iron_bars":162,"school:podium":13,"xercapaint:item_canvas":4,"yuushya:electric_motorcycle":26,"minecraft:redstone":82,"minecraft:ladder":24,"yuushya:car_yellow_part_b":1,"minecraft:oak_sign":8,"xercapaint:item_easel":1,"yuushya:traffic_sign_16":7,"minecraft:white_shulker_box":1,"yuushya:recycle_bin_1":3,"yuushya:car_yellow_part_a":2,"yuushya:blackboard":3,"yuushya:fire_extinguisher":4,"minecraft:quartz_stairs":61,"school:tabletennistable":8,"school:desk":79,"school:acina":15,"school:blacktallwallcorner":5,"school:classroomdoors":12,"yuushya:car_white_part_a":20,"refurbished_furniture:doorbell":1,"yuushya:octagon_pavilion":1,"yuushya:car_blue_part_a":3,"school:ac_large_out":1,"minecraft:anvil":25,"yuushya:park_stool":1,"yuushya:dining_truck":2,"minecraft:oak_slab":9,"school:chair":86,"yuushya:white_windows_door":5,"minecraft:blue_ice":4,"school:squattingurinal":3,"school:largeslidingwindow":3,"yuushya:toilet":63,"school:glass_door":15,"school:toiletdoors_mi":2,"yuushya:public_toilet_sign_woman":21,"yuushya:bicycle":1,"yuushya:white_windows_0":2,"school:smallwindows_1":14,"school:seewo":2,"school:tall_wall":100,"yuushya:classical_white_door_top":4,"minecraft:packed_ice":4,"minecraft:sticky_piston":19,"minecraft:glass":2,"minecraft:netherite_block":231,"minecraft:lever":2,"yuushya:sakura_tree":2,"minecraft:lava_bucket":2,"school:greytallwall":35,"minecraft:bookshelf":12,"yuushya:power_distributor":2,"minecraft:grass_block":482,"yuushya:bicycle_cyan_wool":45,"minecraft:quartz_block":4834,"school:seewo_bsod":2,"school:black_board":2,"yuushya:car_blue_part_b":3,"yuushya:park_stool_light_gray_concrete":4,"school:deskwithdesktopcomputer":14,"minecraft:smooth_quartz":217,"yuushya:car_white_part_b":11,"yuushya:truck_head_white":2,"minecraft:stone_bricks":858,"minecraft:item_frame":6,"minecraft:redstone_lamp":14,"school:strip_chandelier":3,"school:tall_wall_corner":2,"minecraft:glass_pane":19,"minecraft:ice":4,"minecraft:repeating_command_block":1,"yuushya:sakura_tree_small":2,"brewery:whiskey_highland_hearth":6,"school:fluorescentlamps":13,"minecraft:oak_hanging_sign":2,"yuushya:public_toilet_sign_man":16,"minecraft:splash_potion":250,"minecraft:bone_meal":78,"refurbished_furniture:oak_table":13},"minecraft:crafted":{"yuushya:bicycle_cyan_wool":1,"yuushya:park_stool_light_gray_concrete":1}},"DataVersion":3465}