{"stats":{"minecraft:used":{"theatricalextralights:moving_vl6":1,"minecraft:chain":7,"minecraft:brown_terracotta":28,"theatrical:moving_light":16,"theatricalextralights:moving_vl2c":2,"theatrical:truss":22,"theatricalextralights:strobe":47,"supplementaries:speaker_block":35},"minecraft:custom":{"minecraft:jump":11,"minecraft:time_since_rest":19729,"minecraft:crouch_one_cm":238,"minecraft:play_time":19729,"minecraft:time_since_death":19729,"minecraft:walk_one_cm":8560,"minecraft:sneak_time":1083,"minecraft:total_world_time":19729,"minecraft:fly_one_cm":140165},"minecraft:picked_up":{"theatricalextralights:moving_vl6":1,"netmusic:music_cd":1}},"DataVersion":3465}