{"stats":{"minecraft:used":{"minecraft:spruce_planks":595,"minecraft:dirt":28,"minecraft:black_concrete":62,"minecraft:white_concrete":147,"theatrical:truss":1079,"brewery:whiskey_carrasconlabel":1,"webdisplays:screen":732,"minecraft:stripped_spruce_log":387,"minecraft:grass_block":2,"refurbished_furniture:cheese_toastie":1},"minecraft:custom":{"minecraft:jump":295,"minecraft:time_since_rest":270205,"minecraft:crouch_one_cm":155,"minecraft:leave_game":3,"minecraft:play_time":270205,"minecraft:sprint_one_cm":47987,"minecraft:time_since_death":270205,"minecraft:walk_one_cm":316013,"minecraft:sneak_time":648,"minecraft:total_world_time":270205,"minecraft:fly_one_cm":1454749}},"DataVersion":3465}