{"stats":{"minecraft:picked_up":{"minecraft:redstone_block":1,"supplementaries:bomb_blue":128,"minecraft:oak_stairs":5,"webdisplays:server":1,"netmusic:music_player":1,"minecraft:pink_shulker_box":20,"webdisplays:upgrade_gps":1,"minecraft:tnt_minecart":1,"minecraft:smooth_stone":8,"minecraft:spruce_planks":2,"minecraft:red_dye":2,"minecraft:enchanted_golden_apple":37,"minecraft:coal_block":351,"farm_and_charm:pitchfork":1,"webdisplays:screen":2,"supplementaries:speaker_block":1,"minecraft:torch":4,"net_music_list:music_list":23,"brewery:half_chicken":945,"minecraft:black_dye":1,"refurbished_furniture:light_toaster":1,"minecraft:command_block":6,"minecraft:blue_dye":2,"theatrical:basic_lighting_desk":3,"farm_and_charm:farmers_bread":447,"supplementaries:soap":65,"minecraft:magenta_dye":1,"refurbished_furniture:spatula":2,"minecraft:light_gray_dye":1,"net_music_list:manual":1,"minecraft:dirt":91,"farm_and_charm:tool_rack":1,"minecraft:light_blue_dye":2,"minecraft:oak_planks":2,"brewery:beer_hops":3,"brewery:pork_knuckle":696,"webdisplays:craftcomp_batpack":1,"refurbished_furniture:recycle_bin":175,"minecraft:sand":109,"refurbished_furniture:knife":1,"minecraft:stripped_spruce_log":1,"minecraft:grass_block":5,"minecraft:diamond_block":17,"minecraft:mossy_cobblestone":4,"minecraft:netherite_block":64,"minecraft:polished_andesite":1,"xercapaint:item_canvas_long":3,"minecraft:black_concrete":20,"minecraft:lever":5,"theatrical:redstone_interface":1,"supplementaries:bubble_blower":3,"webdisplays:ownerthief":1,"minecraft:cyan_dye":1,"minecraft:firework_star":1,"minecraft:splash_potion":1,"minecraft:ladder":1,"brewery:sausage":1,"brewery:fried_chicken":513,"minecraft:elytra":1,"farm_and_charm:dog_food":320,"minecraft:moss_carpet":1,"supplementaries:cog_block":2,"brewery:whiskey_cristelwalker":4,"minecraft:chest":3,"xercapaint:item_easel":1,"minecraft:orange_dye":1,"theatricalextralights:strobe":1,"brewery:whiskey_jojannik":5,"supplementaries:trapped_present":1,"minecraft:gray_dye":1,"minecraft:fire_charge":26,"minecraft:white_dye":1,"minecraft:trident":1,"minecraft:redstone":136,"minecraft:brown_dye":1,"minecraft:dark_oak_planks":44,"theatricalextralights:followspot":1,"brewery:whiskey_lilitusinglemalt":4,"supplementaries:present_red":14,"theatricalextralights:sharplus":1,"netmusic:cd_burner":1,"minecraft:white_wool":1,"minecraft:stripped_oak_log":3,"brewery:beer_nettle":5,"brewery:beer_haley":2,"minecraft:purple_dye":1,"minecraft:yellow_dye":1,"webdisplays:craftcomp_peripheral":1,"minecraft:cobblestone_stairs":2,"minecraft:gunpowder":1,"brewery:beer_wheat":21,"xercapaint:item_canvas":1,"minecraft:paper":65,"brewery:breathalyzer":1,"minecraft:green_dye":1,"minecraft:scaffolding":15,"minecraft:oak_slab":1,"xercapaint:item_canvas_large":12,"supplementaries:confetti_popper":1,"netmusic:music_cd":273,"xercapaint:item_palette":1,"minecraft:firework_rocket":8,"minecraft:lime_dye":1,"webdisplays:laserpointer":2,"theatrical:truss":69,"minecraft:birch_sign":1,"refurbished_furniture:bread_slice":12,"minecraft:oak_button":1,"minecraft:hopper":2,"minecraft:black_wool":1,"minecraft:damaged_anvil":1,"supplementaries:trapped_present_red":89,"minecraft:pink_dye":1,"refurbished_furniture:television_remote":4},"minecraft:crafted":{"minecraft:firework_star":3,"supplementaries:bubble_blower":1,"minecraft:firework_rocket":12},"minecraft:custom":{"minecraft:interact_with_crafting_table":8,"minecraft:open_shulker_box":18,"minecraft:leave_game":34,"minecraft:time_since_death":275101,"minecraft:sprint_one_cm":1104161,"minecraft:drop":1308,"minecraft:talked_to_villager":14,"minecraft:play_time":4883626,"minecraft:deaths":21,"minecraft:jump":12933,"minecraft:walk_on_water_one_cm":4237,"minecraft:sleep_in_bed":1,"minecraft:damage_dealt":70,"minecraft:crouch_one_cm":16023,"minecraft:inspect_dispenser":36,"minecraft:mob_kills":15,"minecraft:interact_with_anvil":4,"minecraft:inspect_hopper":21,"minecraft:damage_dealt_resisted":252,"minecraft:climb_one_cm":7238,"minecraft:walk_one_cm":3041812,"minecraft:sneak_time":16467,"minecraft:walk_under_water_one_cm":254,"minecraft:boat_one_cm":4725,"minecraft:total_world_time":4883626,"minecraft:time_since_rest":275350,"minecraft:damage_taken":4455,"minecraft:fly_one_cm":7270161,"minecraft:open_chest":132,"minecraft:aviate_one_cm":120150,"minecraft:fall_one_cm":30636},"minecraft:killed":{"minecraft:iron_golem":1,"minecraft:wandering_trader":5,"minecraft:villager":8},"minecraft:mined":{"farm_and_charm:tool_rack":1},"minecraft:dropped":{"refurbished_furniture:light_toaster":3,"minecraft:repeating_command_block":1,"webdisplays:laserpointer":3,"minecraft:orange_dye":1,"xercapaint:item_canvas":2,"supplementaries:speaker_block":1,"webdisplays:server":1,"minecraft:cobblestone_stairs":2,"minecraft:dirt":4,"refurbished_furniture:wrench":1,"farm_and_charm:farmers_bread":384,"minecraft:yellow_dye":1,"minecraft:snowball":1,"brewery:whiskey_lilitusinglemalt":1,"minecraft:sand":64,"minecraft:stripped_oak_wood":1,"minecraft:black_concrete":2,"minecraft:dark_oak_planks":12,"minecraft:white_wool":1,"minecraft:gray_dye":1,"net_music_list:manual":1,"minecraft:lever":5,"webdisplays:screen":4,"brewery:half_chicken":1201,"xercapaint:item_easel":2,"minecraft:pink_dye":1,"minecraft:lime_dye":1,"xercapaint:item_canvas_large":9,"brewery:brewery_banner":1,"supplementaries:soap":1,"theatrical:truss":65,"brewery:beer_wheat":4,"minecraft:gunpowder":1,"minecraft:lingering_potion":1,"minecraft:hopper":1,"minecraft:chest":1,"refurbished_furniture:knife":1,"minecraft:white_dye":1,"minecraft:spruce_slab":1,"refurbished_furniture:television_remote":4,"minecraft:splash_potion":6,"refurbished_furniture:orange_sofa":1,"minecraft:egg":1,"minecraft:firework_rocket":263,"webdisplays:minepad":1,"minecraft:oak_slab":3,"minecraft:stripped_spruce_log":1,"webdisplays:ownerthief":1,"minecraft:black_dye":1,"netmusic:music_cd":19,"brewery:breathalyzer":2,"supplementaries:present_red":1,"net_music_list:music_list":18,"minecraft:smooth_quartz_stairs":1,"webdisplays:upgrade_gps":2,"minecraft:cyan_dye":1,"brewery:pork_knuckle":893,"minecraft:spectral_arrow":1,"xercapaint:item_canvas_long":5,"minecraft:purple_dye":1,"minecraft:grass_block":10,"minecraft:polished_andesite":2,"brewery:beer_haley":1,"minecraft:gray_wool":3,"minecraft:blue_dye":2,"netmusic:cd_burner":2,"minecraft:green_dye":1,"minecraft:white_concrete":1,"supplementaries:bomb_blue":256,"minecraft:fire_charge":1,"minecraft:brown_terracotta":1,"minecraft:oak_stairs":4,"webdisplays:craftcomp_peripheral":2,"minecraft:red_dye":1,"supplementaries:trapped_present":1,"supplementaries:altimeter":1,"minecraft:paper":65,"xercapaint:item_palette":2,"minecraft:redstone":65,"minecraft:polished_diorite":1,"minecraft:moss_carpet":1,"minecraft:brown_dye":1,"webdisplays:craftcomp_batpack":2,"netmusic:music_player":1,"minecraft:smooth_stone_slab":1,"supplementaries:cog_block":1,"farm_and_charm:dog_food":192,"minecraft:stripped_oak_log":3,"brewery:fried_chicken":897,"minecraft:damaged_anvil":1,"minecraft:dirt_path":1,"supplementaries:clock_block":1,"brewery:sausage":2,"minecraft:flint_and_steel":1,"supplementaries:trapped_present_red":16,"refurbished_furniture:light_electricity_generator":1,"minecraft:light_blue_dye":2,"minecraft:spruce_planks":2,"minecraft:netherite_block":64,"minecraft:pink_shulker_box":9,"refurbished_furniture:meatlovers_pizza_slice":1,"brewery:dumplings":1,"refurbished_furniture:white_sofa":1,"refurbished_furniture:spatula":1,"supplementaries:bubble_blower":2,"minecraft:light_gray_dye":1,"minecraft:bow":1,"minecraft:magenta_dye":1,"supplementaries:cannonball":1,"xercapaint:item_canvas_tall":1,"theatrical:basic_lighting_desk":1},"minecraft:used":{"refurbished_furniture:jungle_chair":7,"theatricalextralights:moving_vl2c":3,"minecraft:ladder":3,"minecraft:elytra":1,"xercapaint:item_easel":6,"minecraft:black_carpet":2,"minecraft:chest":50,"brewery:fried_chicken":107,"supplementaries:redstone_illuminator":6,"supplementaries:trapped_present_red":288,"minecraft:soul_sand":4,"farm_and_charm:sausage_with_oat_patty":8,"brewery:sausage":50,"refurbished_furniture:pink_lamp":2,"minecraft:snowball":287,"minecraft:stripped_spruce_log":8,"supplementaries:trapped_present":2,"refurbished_furniture:dark_oak_light_ceiling_fan":3,"minecraft:glass":1,"amendments:dragon_charge":242,"theatricalextralights:followspot":37,"minecraft:grass_block":1125,"webdisplays:server":30,"theatricalextralights:atomictilt":32,"minecraft:bedrock":9,"supplementaries:bomb_blue":107,"brewery:beer_haley":10,"minecraft:repeater":12,"minecraft:redstone_lamp":3,"net_music_list:music_list":17,"theatrical:pipe":16,"minecraft:bow":5,"supplementaries:ash":276,"minecraft:egg":25,"netmusic:computer":2,"theatrical:basic_lighting_desk":36,"brewery:beer_elemental_spawn_egg":23,"webdisplays:ownerthief":1,"minecraft:damaged_anvil":22,"theatrical:truss":837,"refurbished_furniture:jungle_desk":11,"minecraft:oak_planks":306,"brewery:whiskey_cristelwalker":21,"minecraft:ender_pearl":9,"refurbished_furniture:light_stove":3,"minecraft:redstone_block":142,"minecraft:white_wool":10,"brewery:barrel_main":1,"theatricalextralights:moving500":3,"minecraft:sand":88,"theatrical:moving_light":54,"minecraft:gray_concrete":2,"minecraft:lingering_potion":34,"minecraft:black_concrete_powder":20,"refurbished_furniture:computer":1,"minecraft:black_terracotta":5,"minecraft:lever":29,"refurbished_furniture:black_lamp":1,"minecraft:black_concrete":1030,"minecraft:firework_rocket":280,"supplementaries:bellows":6,"theatrical:tank_trap":5,"refurbished_furniture:light_range_hood":1,"minecraft:light_gray_concrete":2,"minecraft:barrier":1,"supplementaries:clock_block":1,"theatricalextralights:blinder_warm":1,"supplementaries:cannon":1,"net_music_list:ender_music_player":3,"refurbished_furniture:spruce_table":12,"farm_and_charm:simple_tomato_soup":18,"minecraft:fire_charge":827,"minecraft:coal_block":1,"minecraft:stripped_oak_wood":2,"theatrical:redstone_interface":13,"minecraft:white_concrete":2,"supplementaries:soap":2,"brewery:pork_knuckle":264,"supplementaries:cog_block":96,"minecraft:trident":47,"theatricalextralights:sharplus":47,"minecraft:flint_and_steel":34,"brewery:mashed_potatoes":47,"minecraft:redstone":69,"supplementaries:crystal_display":3,"minecraft:spruce_planks":680,"minecraft:tinted_glass":136,"refurbished_furniture:light_fridge":1,"refurbished_furniture:orange_sofa":5,"brewery:breathalyzer":3,"brewery:beer_hops":19,"minecraft:dirt":137,"theatricalextralights:beam_7r":5,"minecraft:anvil":2,"theatricalextralights:truss_3lights":1,"minecraft:hopper":13,"supplementaries:faucet":5,"xercapaint:item_canvas_long":8,"farm_and_charm:tool_rack":1,"brewery:dumplings":146,"refurbished_furniture:television":183,"supplementaries:present_red":8,"brewery:whiskey_carrasconlabel":9,"theatricalextralights:strobe":61,"netmusic:music_player":14,"refurbished_furniture:recycle_bin":1,"minecraft:dark_oak_planks":398,"webdisplays:rctrl":1,"brewery:brewery_banner":1,"brewery:bar_counter":4,"minecraft:oak_stairs":23,"minecraft:slime_block":40,"refurbished_furniture:light_toaster":1,"supplementaries:speaker_block":94,"minecraft:light_gray_wool":39,"refurbished_furniture:bread_slice":1,"brewery:whiskey_jojannik":9,"webdisplays:screencfg":34,"minecraft:enchanted_golden_apple":5,"webdisplays:linker":25,"supplementaries:blackboard":3,"minecraft:water_bucket":9,"brewery:half_chicken":34,"brewery:potato_salad":11,"theatrical:led_panel":4,"xercapaint:item_canvas":6,"minecraft:dirt_path":127,"webdisplays:keyboard":5,"theatricalextralights:x8par_purple":1,"minecraft:polished_andesite":8,"theatrical:moving_wash":50,"minecraft:birch_boat":1,"supplementaries:sconce_lever":1,"theatrical:led_fresnel":6,"brewery:beer_wheat":262,"supplementaries:slingshot":14,"minecraft:diamond_block":69,"minecraft:oak_slab":24,"theatricalextralights:moving_scan":50,"minecraft:tnt":20,"minecraft:crafting_table":1,"supplementaries:bomb":61,"refurbished_furniture:oak_light_ceiling_fan":1,"brewery:beer_nettle":10,"netmusic:cd_burner":1,"brewery:whiskey_lilitusinglemalt":68,"refurbished_furniture:dark_electricity_generator":13,"supplementaries:relayer":9,"minecraft:black_wool":57,"minecraft:command_block":5,"theatricalextralights:par1000_white":2,"minecraft:oak_button":2,"webdisplays:redctrl":73,"xercapaint:item_canvas_large":104,"refurbished_furniture:light_electricity_generator":16,"brewery:whiskey_ak":25,"brewery:beer_mug":1,"refurbished_furniture:workbench":3,"minecraft:pink_shulker_box":25,"minecraft:glass_pane":12,"minecraft:repeating_command_block":2,"refurbished_furniture:black_bath":8,"minecraft:splash_potion":710,"minecraft:gray_wool":60,"minecraft:smooth_stone":2,"webdisplays:screen":493,"minecraft:birch_stairs":1}},"DataVersion":3465}