{"stats":{"minecraft:picked_up":{"brewery:table":2,"yuushya:apple":3,"kaleidoscope_doll:doll_11":4,"supplementaries:ash_bricks":1,"camera:camera":1,"supplementaries:jar":3,"yuushya:jellie":2,"school:chalk_smg":1,"kaleidoscope_doll:doll_entity_item":2,"netmusic:music_player":1,"kaleidoscope_cookery:raw_cow_offal":4,"candlelight:candlelight_standard":2,"xercapaint:item_canvas_tall":6,"minecraft:spruce_planks":2,"minecraft:written_book":3,"minecraft:smooth_quartz":1,"immersive_paintings:glow_painting":4,"minecraft:melon_slice":8,"minecraft:coal_block":108,"minecraft:stick":97,"yuushya:casserole_1":1,"net_music_list:music_list":1,"minecraft:porkchop":1,"yuushya:gas_stove_block":1,"yuushya:wood_blueprint":1,"farm_and_charm:lamb_ham":64,"minecraft:gray_stained_glass_pane":1,"minecraft:yellow_banner":3,"refurbished_furniture:television":2,"minecraft:blaze_rod":1,"yuushya:calico":3,"brewery:rope":1,"yuushya:steel_pot":1,"brewery:whiskey_carrasconlabel":1,"minecraft:bone":1,"yuushya:pressure_cooker":1,"minecraft:wheat_seeds":2,"amendments:dragon_charge":1,"minecraft:bamboo":1,"camera:image":1,"yuushya:gas_stove":1,"brewery:pork_knuckle":1,"refurbished_furniture:recycle_bin":1,"minecraft:sand":64,"minecraft:stripped_spruce_log":1,"yuushya:white_cat":2,"minecraft:grass_block":1,"candlelight:cooking_pot":1,"farm_and_charm:tomato_seeds":54,"minecraft:light_gray_concrete":2,"xercapaint:item_canvas_long":1,"minecraft:blue_ice":1,"minecraft:bone_meal":1,"minecraft:bread":7,"yuushya:frying_pan":1,"minecraft:dolphin_spawn_egg":1,"kaleidoscope_doll:doll_327":4,"minecraft:ladder":12,"brewery:fried_chicken":1,"chinacraft:moon_cake":1,"yuushya:mounted_cloth_0":2,"minecraft:item_frame":2,"farm_and_charm:scarecrow":1,"minecraft:netherite_sword":1,"kaleidoscope_cookery:rice_panicle":1,"brewery:barrel_main":1,"brewery:whiskey_cristelwalker":1,"xercapaint:item_easel":1,"immersive_paintings:painting":1,"minecraft:bowl":11,"yuushya:soda":4,"school:student_milk":1,"candlelight:oak_shelf":1,"minecraft:fire_charge":2,"minecraft:stone_button":1,"minecraft:music_disc_11":2,"minecraft:trident":2,"minecraft:carrot":2,"minecraft:dark_oak_planks":2,"brewery:whiskey_lilitusinglemalt":3,"yuushya:ragdoll":1,"brewery:brewery_banner":3,"brewery:beer_haley":1,"minecraft:ochre_froglight":2,"candlelight:cooking_pan":1,"kaleidoscope_doll:purple_doll_gift_box":3,"minecraft:gunpowder":384,"brewery:beer_wheat":5,"xercapaint:item_canvas":12,"yuushya:orange_cat":1,"brewery:breathalyzer":2,"minecraft:stripped_oak_wood":2,"yuushya:siamese":1,"yuushya:casserole_0":1,"webdisplays:keyboard":2,"webdisplays:upgrade_lasermouse":2,"xercapaint:item_canvas_large":11,"minecraft:amethyst_shard":1,"minecraft:red_banner":1,"yuushya:black_cat":1,"netmusic:music_cd":45,"minecraft:sea_lantern":1,"minecraft:firework_rocket":256,"kaleidoscope_cookery:stockpot":1,"minecraft:polished_diorite":1,"webdisplays:linker":2,"webdisplays:laserpointer":2,"supplementaries:awning_red":1,"brewery:whiskey_smokey_reverie":1},"minecraft:dropped":{"webdisplays:laserpointer":2,"minecraft:porkchop":1,"xercapaint:item_canvas":3,"yuushya:white_cat":1,"kaleidoscope_doll:doll_327":1,"webdisplays:linker":1,"kaleidoscope_cookery:stockpot":1,"kaleidoscope_cookery:rice_panicle":1,"brewery:beer_nettle":3,"brewery:table":1,"minecraft:item_frame":1,"minecraft:music_disc_11":1,"minecraft:deepslate_tile_stairs":1,"yuushya:mounted_cloth_0":2,"minecraft:stripped_dark_oak_wood":1,"brewery:whiskey_lilitusinglemalt":4,"kaleidoscope_doll:tweaks_tool":1,"minecraft:sand":128,"minecraft:stripped_oak_wood":2,"minecraft:black_concrete":2,"minecraft:tropical_fish_spawn_egg":1,"minecraft:dark_oak_planks":3,"webdisplays:upgrade_lasermouse":1,"brewery:sideboard":1,"webdisplays:screen":1,"minecraft:netherite_sword":2,"camera:image":3,"minecraft:stripped_dark_oak_log":1,"brewery:whiskey_carrasconlabel":1,"xercapaint:item_canvas_large":1,"brewery:brewery_banner":2,"chinacraft:moon_cake":1,"minecraft:carrot":2,"farm_and_charm:tomato_seeds":21,"yuushya:button_sign_love":1,"brewery:beer_wheat":3,"minecraft:sea_lantern":1,"brewery:whiskey_jojannik":3,"minecraft:ochre_froglight":2,"minecraft:ladder":5,"minecraft:yellow_banner":1,"brewery:beer_hops":3,"supplementaries:confetti_popper":65,"minecraft:egg":1,"minecraft:wheat_seeds":2,"netmusic:music_cd":70,"minecraft:gray_stained_glass_pane":1,"brewery:breathalyzer":2,"immersive_paintings:glow_painting":12,"chinacraft:fire_spell":1,"minecraft:light_gray_stained_glass_pane":1,"minecraft:oak_fence":1,"minecraft:grass_block":7,"school:piece_of_test_book":1,"minecraft:stick":2,"supplementaries:present_lime":1,"supplementaries:ash_bricks":2,"minecraft:smooth_quartz":2,"amendments:dragon_charge":1,"refurbished_furniture:oak_toilet":1,"supplementaries:slidy_block":1,"minecraft:redstone":1,"minecraft:snow_block":1,"minecraft:polished_diorite":1,"minecraft:farmland":1,"minecraft:chiseled_quartz_block":2,"refurbished_furniture:television":1,"brewery:whiskey_cristelwalker":5,"supplementaries:jar":3,"brewery:fried_chicken":1,"yuushya:button_sign_like":1,"minecraft:light_gray_concrete":2,"kaleidoscope_doll:doll_11":3,"kaleidoscope_doll:doll_entity_item":12,"refurbished_furniture:light_electricity_generator":1,"minecraft:filled_map":2,"minecraft:snow":1,"school:chalk_smg":1,"yuushya:ceiling_vine":1,"minecraft:spruce_planks":2,"brewery:rope":2,"webdisplays:keyboard":2,"yuushya:piano_black_concrete":1,"xercapaint:item_canvas_tall":1},"minecraft:used":{"kaleidoscope_cookery:pot":1,"kaleidoscope_cookery:scarecrow":4,"minecraft:jack_o_lantern":1,"school:extralargeslidingwindows":4,"yuushya:fire_hydrant":2,"minecraft:purple_candle":4,"yuushya:black_cat":1,"minecraft:light_gray_stained_glass_pane":167,"candlelight:hearth":5,"candlelight:glass":12,"minecraft:elytra":1,"minecraft:ladder":5,"yuushya:ceiling_cctv_camera":6,"kaleidoscope_doll:doll_11":1,"xercapaint:item_easel":16,"minecraft:axolotl_spawn_egg":1,"kaleidoscope_cookery:shawarma_spit":3,"minecraft:chest":31,"brewery:netherite_brewingstation":10,"yuushya:fire_extinguisher":4,"minecraft:vex_spawn_egg":2,"minecraft:quartz_stairs":4,"kaleidoscope_cookery:fearsome_thick_soup":1,"minecraft:player_head":1,"minecraft:mooshroom_spawn_egg":2,"brewery:fried_chicken":5,"minecraft:spruce_leaves":692,"supplementaries:globe":1,"kaleidoscope_cookery:slime_ball_meal":5,"kaleidoscope_doll:doll_machine":2,"kaleidoscope_cookery:fondant_spider_eye":1,"refurbished_furniture:white_sofa":45,"candlelight:typewriter_iron":2,"yuushya:oxeye_daisy":1,"kaleidoscope_doll:doll_entity_item":44,"minecraft:snowball":3189,"minecraft:stripped_spruce_log":621,"yuushya:lengthened_rain_shed_0":9,"yuushya:fireflies":1,"minecraft:warden_spawn_egg":2,"minecraft:wandering_trader_spawn_egg":4158,"yuushya:vine":12,"amendments:dragon_charge":40,"yuushya:packed_green_apple_crate":3,"yuushya:coconut":2,"kaleidoscope_cookery:suspicious_stir_fry":1,"chinacraft:chinese_garden_dog_spawn_egg":2,"yuushya:steel_pot":1,"chinacraft:qing_dynasty_zombie_spawn_egg":1,"minecraft:lava_bucket":1,"minecraft:stripped_dark_oak_wood":111,"minecraft:lime_banner":9,"minecraft:villager_spawn_egg":6,"chinacraft:moon_cake":3,"minecraft:red_wool":3,"supplementaries:blackstone_tile":5,"yuushya:packed_apple_crate":2,"minecraft:lantern":5,"minecraft:grass_block":12,"yuushya:top_vine":17,"yuushya:coffee_machine":7,"webdisplays:server":1,"refurbished_furniture:light_microwave":1,"kaleidoscope_cookery:sweet_and_sour_ender_pearls":10,"yuushya:potted_cactus":2,"yuushya:button_sign_love":3,"candlelight:painting":5,"kaleidoscope_doll:doll_162":1,"minecraft:tropical_fish_spawn_egg":1,"minecraft:stone_bricks":6,"yuushya:food_gift_box":3,"immersive_paintings:glow_graffiti":5,"supplementaries:goblet":2,"refurbished_furniture:spruce_chair":53,"kaleidoscope_cookery:chorus_fried_egg":2,"supplementaries:candy":18,"candlelight:chair":34,"minecraft:item_frame":11,"supplementaries:bomb_blue":20,"brewery:beer_haley":18,"kaleidoscope_doll:doll_294":4,"yuushya:title_gray":2,"brewery:brewfest_hat_red":1,"minecraft:bow":78,"minecraft:snow":127,"yuushya:mounted_cloth_0":2,"minecraft:written_book":31,"supplementaries:bunting":67,"yuushya:sorted_mug":2,"yuushya:button_sign_notice":1,"yuushya:form_trans_item":10,"yuushya:tanghulu":5,"yuushya:ragdoll":1,"school:student_milk":5,"minecraft:egg":937,"yuushya:white_cat":1,"minecraft:pearlescent_froglight":3,"supplementaries:chinacraft/sign_post_peach":1,"refurbished_furniture:oak_table":2,"minecraft:stripped_spruce_wood":38,"minecraft:zoglin_spawn_egg":3,"candlelight:beef_wellington":1,"yuushya:pressure_cooker":1,"brewery:beer_elemental_spawn_egg":59,"minecraft:zombie_horse_spawn_egg":2,"minecraft:leather_leggings":1,"minecraft:end_rod":26,"yuushya:melon":3,"candlelight:birch_shelf":11,"yuushya:jellie":2,"minecraft:witch_spawn_egg":1,"yuushya:mounted_sakura_sprout":1,"kaleidoscope_cookery:sickle":3,"kaleidoscope_cookery:end_style_sashimi":1,"brewery:whiskey_cristelwalker":5,"xercapaint:item_canvas_tall":2,"minecraft:leather_chestplate":1,"yuushya:large_vine":4,"kaleidoscope_cookery:stove":3,"yuushya:tiles_fix_upper":2,"minecraft:redstone_block":6,"farm_and_charm:farmers_bread":7,"refurbished_furniture:oak_toilet":1,"farm_and_charm:ribwort_tea_cup":2,"kaleidoscope_doll:doll_597":1,"candlelight:oak_shelf":8,"brewery:barrel_main":8,"minecraft:sand":4,"yuushya:dining_truck":1,"kaleidoscope_cookery:fondant_pie":1,"minecraft:loom":1,"refurbished_furniture:warped_chair":7,"yuushya:frying_pan":1,"refurbished_furniture:spruce_desk":2,"immersive_paintings:glow_painting":69,"minecraft:crossbow":104,"minecraft:chiseled_quartz_block":260,"minecraft:ochre_froglight":57,"minecraft:lingering_potion":1631,"yuushya:mug":1,"candlelight:lasagne":1,"kaleidoscope_doll:doll_342":1,"yuushya:oden_cooker":2,"yuushya:black_acrylic":4,"minecraft:lever":6,"school:window_black_down_single":8,"minecraft:black_concrete":363,"refurbished_furniture:birch_light_ceiling_fan":5,"minecraft:firework_rocket":1692,"yuushya:cctv_camera":6,"brewery:patterned_carpet":61,"minecraft:gray_stained_glass_pane":30,"minecraft:light_gray_concrete":231,"farm_and_charm:plow":1,"yuushya:fish_tank_a_top":5,"kaleidoscope_doll:doll_87":1,"yuushya:display_cabinet":17,"minecraft:verdant_froglight":5,"minecraft:stone_button":1,"supplementaries:clock_block":1,"supplementaries:cannon":5,"yuushya:long_poster":5,"brewery:beer_oat":2,"refurbished_furniture:white_toilet":1,"kaleidoscope_cookery:dongpo_pork":3,"brewery:bench":24,"kaleidoscope_cookery:kitchenware_racks":2,"brewery:whiskey_smokey_reverie":11,"brewery:sideboard":1,"minecraft:fire_charge":90,"minecraft:coal_block":1,"minecraft:suspicious_gravel":2,"kaleidoscope_cookery:millstone":3,"candlelight:lettuce_tomato":1,"minecraft:stripped_oak_wood":612,"kaleidoscope_cookery:crystal_lamb_chop":1,"minecraft:smithing_table":1,"minecraft:medium_amethyst_bud":5,"supplementaries:checker_block":11,"kaleidoscope_cookery:chopping_board":1,"kaleidoscope_cookery:pan_seared_knight_steak":2,"brewery:gingerbread":3,"supplementaries:soap":1,"kaleidoscope_cookery:frost_lamb_chop":2,"minecraft:trader_llama_spawn_egg":4,"camera:image_frame":2,"yuushya:sign_23":3,"kaleidoscope_doll:doll_327":3,"brewery:dark_brew":6274,"brewery:pork_knuckle":2,"refurbished_furniture:oak_storage_cabinet":8,"supplementaries:slidy_block":3,"minecraft:oak_fence":14,"yuushya:piled_paper_cups":2,"candlelight:sideboard":4,"yuushya:round_ceiling_lamp":25,"yuushya:goods_shelf_mug":3,"minecraft:trident":16,"minecraft:netherite_sword":3,"supplementaries:lumisene_bottle":2,"yuushya:rusty_ventilator":1,"yuushya:button_sign_like":2,"kaleidoscope_doll:doll_154":1,"minecraft:flint_and_steel":97,"brewery:mashed_potatoes":3,"minecraft:armor_stand":3,"minecraft:redstone":12,"yuushya:gas_stove":1,"yuushya:guitar":2,"minecraft:spruce_planks":430,"farm_and_charm:supply_cart":2,"refurbished_furniture:light_fridge":3,"brewery:breathalyzer":9,"minecraft:stripped_birch_wood":9,"brewery:beer_hops":4,"yuushya:sign_13":2,"minecraft:anvil":3,"yuushya:potted_sprout":6,"yuushya:ventilator":4,"supplementaries:faucet":1,"farm_and_charm:tool_rack":1,"candlelight:table_set":4,"yuushya:tanghulu_tree":2,"yuushya:potted_tall_maple":2,"farm_and_charm:carrot_bag":1,"brewery:dumplings":9,"refurbished_furniture:television":12,"candlelight:table_sign":3,"minecraft:oak_wood":1,"candlelight:tomato_mozzarella_salad":1,"kaleidoscope_doll:doll_419":1,"minecraft:allay_spawn_egg":1,"brewery:whiskey_carrasconlabel":8,"yuushya:ceiling_vine":2,"yuushya:hanging_sakura_sprout":2,"netmusic:music_player":3,"refurbished_furniture:white_stool":7,"minecraft:polished_diorite":508,"yuushya:paper_cup":2,"minecraft:shroomlight":6,"supplementaries:jar":3,"school:billboards":1,"minecraft:dark_oak_planks":185,"candlelight:quartz_kitchen_sink":5,"refurbished_furniture:recycle_bin":5,"brewery:table":120,"yuushya:sorted_milk":5,"yuushya:cold_juice_dispenser":4,"minecraft:sea_lantern":4,"yuushya:gas_stove_block":3,"farm_and_charm:mincer":1,"brewery:brewery_banner":11,"yuushya:black_bow_gift_box_light_blue_concrete":2,"brewery:bar_counter":39,"candlelight:oak_big_table":6,"candlelight:candlelight_standard":5,"farm_and_charm:window_sill":10,"yuushya:piano_black_concrete":1,"immersive_paintings:painting":7,"school:upperwideglasswindows_wh":7,"school:casementwindows_1x_12":1,"minecraft:filled_map":1,"brewery:brewfest_hat":1,"brewery:beer_barley":7,"candlelight:bamboo_counter":11,"minecraft:chicken_spawn_egg":20,"yuushya:knife_rest":2,"refurbished_furniture:light_toaster":2,"minecraft:red_candle":22,"refurbished_furniture:cyan_trampoline":6,"minecraft:smooth_quartz":1,"supplementaries:speaker_block":2,"supplementaries:lumisene_bucket":27,"kaleidoscope_cookery:steamer":8,"kaleidoscope_doll:doll_310":1,"minecraft:gunpowder":1,"minecraft:glowstone":10,"brewery:whiskey_jojannik":6,"yuushya:blender":2,"kaleidoscope_cookery:chili_ristra":3,"minecraft:sniffer_spawn_egg":2,"minecraft:wolf_spawn_egg":11,"brewery:wall_cabinet":10,"yuushya:beef_plate":1,"school:laboratory_sugar":2,"brewery:brewfest_regalia":1,"minecraft:deepslate_tile_stairs":1,"farm_and_charm:silo_copper":13,"brewery:pretzel":1,"farm_and_charm:grandmothers_strawberry_cake":10,"yuushya:small_coffee":2,"supplementaries:statue":1,"brewery:whiskey_jamesons_malt":6,"yuushya:birch_tall_door":12,"farm_and_charm:chicken_coop":2,"webdisplays:screencfg":2,"yuushya:shop_sign":1,"candlelight:cooking_pot":1,"minecraft:turtle_spawn_egg":1,"supplementaries:blackboard":12,"webdisplays:linker":28,"farm_and_charm:pet_bowl":4,"minecraft:yellow_banner":8,"yuushya:black_bow_gift_box_black_concrete":6,"yuushya:hanging_white_tulip":5,"brewery:half_chicken":4,"brewery:potato_salad":1,"yuushya:cat_lover_gift_box":4,"xercapaint:item_canvas":9,"kaleidoscope_cookery:dark_cuisine":2,"webdisplays:keyboard":4,"minecraft:lodestone":5,"minecraft:snow_block":262,"yuushya:large_water_bottle":1,"farm_and_charm:scarecrow":8,"yuushya:potted_red_tulip":1,"minecraft:polished_andesite":4,"minecraft:lime_wool":3,"yuushya:fish_tank_a_bottom":2,"supplementaries:daub":322,"supplementaries:sconce_lever":1,"yuushya:hay_table":1,"yuushya:casserole_0":1,"minecraft:spruce_fence_gate":1,"minecraft:leather_boots":1,"brewery:beer_wheat":19,"supplementaries:slingshot":2,"supplementaries:chinacraft/sign_post_mulberry":2,"refurbished_furniture:gray_kitchen_cabinetry":24,"yuushya:fluorescent_lamp":1,"refurbished_furniture:light_blue_kitchen_cabinetry":5,"minecraft:glow_item_frame":1,"yuushya:idol_gift_box":4,"kaleidoscope_doll:doll_441":4,"brewery:brewfest_dress":1,"yuushya:butterfly_blue":1,"brewery:brewfest_shoes":1,"brewery:whiskey_maggoallan":4,"minecraft:stripped_dark_oak_log":51,"yuushya:businessman_gift_box":2,"minecraft:oak_slab":57,"candlelight:table_bowl":4,"minecraft:crafting_table":2,"supplementaries:ash_bricks":259,"chinacraft:lantern_festival_lanterns":5,"refurbished_furniture:oak_light_ceiling_fan":1,"minecraft:yellow_stained_glass_pane":4,"yuushya:apple":1,"minecraft:campfire":1,"minecraft:polar_bear_spawn_egg":1,"school:sighing_cat_spawn_egg":5,"farm_and_charm:chicken_nest":1,"kaleidoscope_doll:doll_587":1,"kaleidoscope_cookery:stockpot":1,"yuushya:big_poster":1,"kaleidoscope_doll:purple_doll_gift_box":9,"school:glass_door":2,"brewery:beer_nettle":5,"minecraft:cake":1,"minecraft:spruce_log":57,"yuushya:sign_20":4,"netmusic:cd_burner":3,"brewery:whiskey_lilitusinglemalt":13,"minecraft:oak_log":12,"minecraft:light_blue_candle":9,"kaleidoscope_cookery:blaze_lamb_chop":1,"minecraft:piston":1,"minecraft:ghast_spawn_egg":1,"yuushya:exit_sign_middle":1,"minecraft:pig_spawn_egg":3,"minecraft:oak_button":2,"yuushya:water_dispenser":2,"minecraft:map":1,"school:black_board":4,"yuushya:mounted_bush":2,"kaleidoscope_doll:doll_600":1,"yuushya:easel_with_canvas":2,"xercapaint:item_canvas_large":24,"supplementaries:awning_red":25,"refurbished_furniture:light_electricity_generator":5,"school:upperwideglasswindows_black":6,"supplementaries:rope":25,"brewery:whiskey_ak":6,"yuushya:hanging_goods_candy":3,"minecraft:yellow_wool":1,"yuushya:siamese":6,"minecraft:fishing_rod":336,"yuushya:button_sign_share":1,"farm_and_charm:feeding_trough":1,"yuushya:hanging_peking_roast_duck":5,"brewery:beer_mug":4,"refurbished_furniture:gray_kitchen_drawer":8,"yuushya:umbrella_red":1,"kaleidoscope_cookery:pufferfish_soup":1,"yuushya:black_windows_deviated_1":2,"farm_and_charm:water_sprinkler":38,"yuushya:button_sign_star":1,"farm_and_charm:rotten_tomato":2257,"minecraft:red_banner":15,"yuushya:orange_cat":1,"minecraft:pillager_spawn_egg":2,"yuushya:hanging_oak_sprout":15,"school:codeforstudents":1,"yuushya:chopping_board":1,"brewery:whiskey_highland_hearth":1,"refurbished_furniture:oak_chair":5,"candlelight:tool_rack":3,"brewery:drawer":5,"webdisplays:screen":259,"brewery:brewfest_trousers":1,"candlelight:pork_ribs":3,"yuushya:pudding":3,"supplementaries:awning_light_gray":5},"minecraft:custom":{"minecraft:interact_with_crafting_table":3,"minecraft:open_shulker_box":12,"minecraft:leave_game":13,"minecraft:time_since_death":74438,"minecraft:sprint_one_cm":882940,"minecraft:drop":270,"minecraft:talked_to_villager":14,"minecraft:play_time":1216343,"minecraft:deaths":5,"minecraft:jump":6504,"minecraft:walk_on_water_one_cm":378,"minecraft:interact_with_loom":2,"minecraft:damage_dealt":968,"minecraft:crouch_one_cm":23142,"minecraft:inspect_dispenser":6,"minecraft:interact_with_smithing_table":2,"minecraft:interact_with_anvil":21,"minecraft:mob_kills":12,"minecraft:climb_one_cm":3680,"minecraft:walk_one_cm":2197724,"minecraft:sneak_time":14658,"minecraft:walk_under_water_one_cm":866,"minecraft:total_world_time":1216343,"minecraft:tune_noteblock":581,"minecraft:interact_with_stonecutter":8,"minecraft:time_since_rest":74460,"minecraft:damage_taken":1520,"minecraft:swim_one_cm":688,"minecraft:fly_one_cm":6762218,"minecraft:open_chest":85,"minecraft:aviate_one_cm":1183744,"minecraft:fall_one_cm":18031},"minecraft:mined":{"kaleidoscope_doll:doll_327":3,"yuushya:jellie":1,"farm_and_charm:scarecrow":1,"kaleidoscope_doll:purple_doll_gift_box":5,"yuushya:cat_lover_gift_box":1},"minecraft:crafted":{"minecraft:leather_chestplate":1,"yuushya:tiles_fix_upper":4,"minecraft:leather_leggings":2,"minecraft:leather_boots":2,"yuushya:black_bow_gift_box_light_blue_concrete":1,"minecraft:leather_helmet":2,"minecraft:air":0,"yuushya:piano_black_concrete":1,"yuushya:black_bow_gift_box_black_concrete":1},"minecraft:killed":{"minecraft:iron_golem":1,"minecraft:allay":1,"minecraft:wandering_trader":1,"minecraft:villager":9}},"DataVersion":3465}