{"stats":{"minecraft:used":{"theatricalextralights:moving_vl6":1,"minecraft:dark_oak_planks":18,"minecraft:brown_terracotta":45,"theatricalextralights:moving_vl2c":2,"theatrical:truss":274,"minecraft:chain":10,"theatrical:moving_light":16,"minecraft:spruce_planks":84,"minecraft:white_concrete":25,"supplementaries:speaker_block":75,"theatricalextralights:strobe":47,"webdisplays:screen":6,"minecraft:stripped_spruce_log":17},"minecraft:custom":{"minecraft:open_chest":1,"minecraft:time_since_rest":49729,"minecraft:sprint_one_cm":1954,"minecraft:crouch_one_cm":311,"minecraft:play_time":49729,"minecraft:walk_one_cm":22747,"minecraft:sneak_time":3290,"minecraft:drop":1,"minecraft:jump":52,"minecraft:time_since_death":49729,"minecraft:total_world_time":49729,"minecraft:fly_one_cm":484352,"minecraft:inspect_dispenser":1},"minecraft:picked_up":{"supplementaries:speaker_block":1,"minecraft:firework_rocket":126,"theatricalextralights:moving_vl6":1,"netmusic:music_cd":1},"minecraft:dropped":{"supplementaries:speaker_block":1}},"DataVersion":3465}