{"stats":{"minecraft:dropped":{"minecraft:quartz_pillar":1},"minecraft:used":{"school:itmusthavebeen_optifinetodoit":2,"minecraft:black_concrete":66,"minecraft:dirt":28,"theatrical:truss":1079,"minecraft:terracotta":1,"minecraft:quartz_pillar":239,"refurbished_furniture:cheese_toastie":1,"minecraft:grass_block":2,"minecraft:spruce_planks":595,"minecraft:white_concrete":156,"brewery:whiskey_carrasconlabel":1,"webdisplays:screen":732,"minecraft:stripped_spruce_log":387},"minecraft:custom":{"minecraft:time_since_rest":325138,"minecraft:crouch_one_cm":155,"minecraft:sprint_one_cm":76712,"minecraft:play_time":325138,"minecraft:walk_one_cm":422672,"minecraft:sneak_time":648,"minecraft:drop":1,"minecraft:jump":422,"minecraft:leave_game":5,"minecraft:time_since_death":325138,"minecraft:total_world_time":325138,"minecraft:fly_one_cm":2093562},"minecraft:picked_up":{"refurbished_furniture:wrench":1,"minecraft:quartz_pillar":1}},"DataVersion":3465}