{"stats":{"minecraft:picked_up":{"yuushya:cctv_camera":1,"minecraft:redstone_block":2,"yuushya:basketball_hoop_head":1,"brewery:whiskey_ak":1,"chinacraft:high_mountains_and_running_water":1,"minecraft:oak_sign":2,"netmusic:music_player":2,"minecraft:pink_shulker_box":3,"webdisplays:craftcomp_extcard":2,"minecraft:written_book":9,"minecraft:enchanted_golden_apple":3,"minecraft:coal_block":833,"webdisplays:screen":2,"minecraft:stick":4,"minecraft:orange_shulker_box":7,"yuushya:black_iron_fence":1,"net_music_list:music_list":1,"minecraft:farmland":1,"chinacraft:ambush_on_all_sides":1,"refurbished_furniture:doorbell":1,"minecraft:quartz_block":23,"minecraft:command_block":2,"minecraft:end_rod":2,"yuushya:voltage_transformer":1,"minecraft:blaze_powder":576,"minecraft:barrier":1,"refurbished_furniture:oak_light_ceiling_fan":2,"school:strip_chandelier":1,"school:black_board_light":1,"net_music_list:manual":1,"minecraft:dirt":21,"yuushya:phone_a_birch_blindwall":1,"yuushya:acacia_tall_door":1,"brewery:whiskey_carrasconlabel":1,"school:fluorescentlamps":1,"yuushya:black_tall_iron_fence_stairs_sym":1,"school:alcohol_lamp":9,"brewery:pork_knuckle":1,"brewery:beer_hops":1,"webdisplays:craftcomp_batpack":1,"refurbished_furniture:recycle_bin":1,"minecraft:sand":164,"refurbished_furniture:knife":1,"minecraft:grass_block":1,"minecraft:diamond_block":640,"farm_and_charm:tomato_seeds":1,"xercapaint:item_canvas_long":4,"minecraft:sugar":576,"minecraft:slime_block":1,"school:chalk_cannon":8,"minecraft:writable_book":1,"minecraft:lever":4,"webdisplays:minepad":1,"webdisplays:rctrl":2,"minecraft:golden_apple":4,"webdisplays:ownerthief":1,"school:pcw_10":2,"minecraft:ladder":20,"brewery:fried_chicken":1,"refurbished_furniture:wrench":1,"farm_and_charm:plow":1,"chinacraft:stone_lantern":1,"minecraft:item_frame":47,"school:blackconcretestair":1,"minecraft:salmon_spawn_egg":1,"school:tabletennistable":2,"brewery:whiskey_cristelwalker":1,"minecraft:chest":1,"xercapaint:item_easel":1,"school:ironbars":1,"minecraft:trident":1,"minecraft:redstone":3,"minecraft:stone_pressure_plate":2,"minecraft:tnt":65,"minecraft:repeating_command_block":2,"refurbished_furniture:meatlovers_pizza_slice":1,"farm_and_charm:supply_cart":1,"yuushya:traffic_sign_16":1,"school:recalsoom":1,"brewery:beer_nettle":3,"minecraft:yellow_shulker_box":13,"minecraft:filled_map":1,"candlelight:cooking_pan":6,"minecraft:gunpowder":320,"brewery:beer_wheat":6,"school:chalk_rf":1,"xercapaint:item_canvas":18,"minecraft:paper":2,"refurbished_furniture:dark_ceiling_light":1,"minecraft:stone_bricks":3,"refurbished_furniture:dark_lightswitch":4,"minecraft:scaffolding":1718,"yuushya:butterfly":2,"webdisplays:screencfg":2,"xercapaint:item_canvas_large":18,"webdisplays:upgrade_lasermouse":1,"minecraft:sea_lantern":2,"netmusic:music_cd":256,"minecraft:firework_rocket":2002,"yuushya:power_distributor":1,"webdisplays:linker":2,"webdisplays:laserpointer":3,"theatrical:truss":1,"minecraft:cherry_sapling":2,"brewery:whiskey_smokey_reverie":1},"minecraft:dropped":{"minecraft:repeating_command_block":14,"xercapaint:item_canvas":4,"supplementaries:speaker_block":1,"minecraft:lime_shulker_box":1,"school:desk":1,"yuushya:steel_pot":1,"minecraft:bedrock":1,"school:chalk_rf":2,"yuushya:voltage_transformer":1,"minecraft:dirt":2,"minecraft:red_shulker_box":1,"refurbished_furniture:wrench":6,"minecraft:stone_button":1,"school:tabletennistable":1,"yuushya:hakurei_reimu":1,"yuushya:office_chair_decorative_orange_wool":1,"minecraft:writable_book":2,"kaleidoscope_doll:tweaks_tool":1,"webdisplays:upgrade_lasermouse":1,"minecraft:lever":1,"xercapaint:item_easel":3,"yuushya:casserole_0":1,"minecraft:netherite_sword":1,"webdisplays:craftcomp_extcard":1,"school:itmusthavebeen_optifinetodoit":2,"xercapaint:item_canvas_large":4,"chinacraft:moon_cake":1,"minecraft:trident":1,"minecraft:ladder":9,"yuushya:power_distributor":1,"camera:camera":2,"yuushya:gas_stove":1,"yuushya:casserole_1":1,"brewery:whiskey_highland_hearth":1,"school:blackconcretestair":2,"minecraft:chain_command_block":1,"yuushya:oak_windows_0":1,"minecraft:scaffolding":128,"school:fluorescentlamps":2,"minecraft:firework_rocket":1066,"webdisplays:minepad":2,"minecraft:orange_shulker_box":1,"webdisplays:ownerthief":1,"yuushya:head_bucket":1,"school:laboratory_sugar":1,"netmusic:music_cd":22,"yuushya:audio_large_a_black_blindwall":1,"net_music_list:music_list":1,"yuushya:sleeping_ragdoll":1,"refurbished_furniture:recycle_bin":1,"yuushya:toilet":1,"yuushya:white_windows_0":1,"theatrical:configuration_card":1,"minecraft:command_block":3,"minecraft:chiseled_bookshelf":1,"minecraft:coal_block":126,"minecraft:stick":2,"school:strip_chandelier":1,"yuushya:basketball_hoop_head":1,"school:recalsoom":1,"school:top_lamp":1,"refurbished_furniture:oak_light_ceiling_fan":3,"minecraft:yellow_shulker_box":1,"xercapaint:item_palette":3,"school:alcohol_lamp":1,"minecraft:redstone_block":1,"candlelight:cooking_pot":1,"yuushya:pressure_cooker":1,"school:black_board_light":1,"webdisplays:craftcomp_batpack":1,"school:ferule":1,"yuushya:phone_a_birch_blindwall":1,"school:glass_door":1,"yuushya:butterfly":3,"minecraft:slime_block":1,"yuushya:gas_stove_block":1,"school:pcw_10":3,"minecraft:stone":1,"candlelight:cooking_pan":12,"yuushya:phone":1,"yuushya:frying_pan":1,"minecraft:stone_pressure_plate":1,"minecraft:stone_bricks":1,"school:student_milk":1},"minecraft:used":{"school:ac_out":2,"school:pcw_10":31,"minecraft:writable_book":2,"school:windowairconditionergreenwindow":1,"theatricalextralights:moving_vl2c":1,"refurbished_furniture:light_gray_sofa":2,"yuushya:a_light_gray_blindwall":3,"minecraft:smooth_quartz_slab":11,"minecraft:dispenser":83,"minecraft:oak_sign":3,"minecraft:elytra":1,"xercapaint:item_easel":36,"minecraft:ladder":27,"yuushya:ceiling_cctv_camera":147,"school:outdoorslidingdoors_1":35,"yuushya:switch_":7,"minecraft:black_carpet":2,"minecraft:chest":2,"yuushya:basketball_net":1,"minecraft:stone":6,"chinacraft:marble_wall":2,"yuushya:fire_extinguisher":29,"kaleidoscope_doll:doll_37":1,"school:desk":36,"minecraft:quartz_stairs":390,"school:tabletennistable":113,"school:outdoorslidingdoors":3,"minecraft:farmland":2,"yuushya:work_light":2,"theatricalextralights:laser":3,"school:ubuntu_seewo":3,"minecraft:debug_stick":70,"yuushya:high_poster":1,"yuushya:electric_piano":3,"refurbished_furniture:doorbell":33,"school:ac_large_out":1,"yuushya:plain_gift_box":3,"yuushya:road_marking_arrow_forward":3,"yuushya:wheel":2,"yuushya:mounted_tv":1,"school:canteeninsulatedtable":1,"school:toiletdoors":9,"refurbished_furniture:white_sofa":1,"school:slidingwindows_blue":1,"yuushya:road_light":1,"kaleidoscope_doll:doll_121":2,"yuushya:sign_24":1,"kaleidoscope_doll:doll_entity_item":3,"yuushya:piled_magazine":2,"school:main_unit":4,"yuushya:office_chair":1,"school:toiletdoors_mi":16,"school:pushandpullchalkboard_1":6,"school:pushandpullchalkboard_3":6,"yuushya:tree_base":4,"minecraft:stripped_spruce_log":46,"minecraft:obsidian":212,"chinacraft:wood_window7":5,"yuushya:road_marking_3":3,"yuushya:oak_windows_0":140,"minecraft:glass":2,"theatricalextralights:followspot":1,"yuushya:soot_pipe":10,"minecraft:honeycomb":99,"minecraft:lava_bucket":2,"school:mobileblack":2,"refurbished_furniture:oak_basin":6,"yuushya:soot_pipe_exhaust":5,"minecraft:quartz_pillar":6,"school:spacewalker":1,"minecraft:quartz_slab":105,"yuushya:bicycle_cyan_wool":28,"minecraft:grass_block":1829,"yuushya:truck_chassis_wheel":4,"minecraft:quartz_block":9897,"refurbished_furniture:brown_sofa":1,"minecraft:birch_sapling":1,"minecraft:orange_shulker_box":7,"yuushya:coffee_machine":2,"yuushya:telephone_0":1,"webdisplays:server":2,"yuushya:piano_orange_concrete":5,"yuushya:sign_2":1,"yuushya:button_sign_love":1,"kaleidoscope_doll:doll_162":1,"yuushya:generator":6,"refurbished_furniture:dark_lightswitch":73,"yuushya:white_windows_corner_1":14,"minecraft:stone_brick_stairs":13,"minecraft:stone_bricks":776,"minecraft:item_frame":289,"yuushya:ramp_marking_yellow_3":2,"school:dvbcable":2,"minecraft:bedrock":21,"yuushya:vinyl_record_player":1,"kaleidoscope_doll:doll_294":1,"minecraft:repeater":59,"theatrical:pipe":3,"minecraft:written_book":31,"yuushya:air_conditioner":2,"school:school_bell_controller":5,"kaleidoscope_doll:doll_533":1,"minecraft:oak_sapling":1,"yuushya:road_marking_7":2,"yuushya:truck_wheels":1,"yuushya:switch":2,"school:pushandpullchalkboard_2":2,"yuushya:mounted_tv_online":7,"school:student_milk":1,"yuushya:form_trans_item":28,"refurbished_furniture:yellow_sofa":1,"yuushya:oak_windows_door_slide":19,"yuushya:sign_25":1,"yuushya:vending_machine_blue_v":2,"school:pcwxp":2,"school:mobile_red_flags":2,"theatrical:basic_lighting_desk":4,"refurbished_furniture:oak_table":23,"minecraft:stripped_spruce_wood":6,"minecraft:dark_oak_sapling":1,"theatricalextralights:x8par_red":8,"yuushya:office_chair_decorative_orange_wool":8,"school:classcard_2":1,"webdisplays:ownerthief":4,"yuushya:power_house":4,"minecraft:end_rod":16,"yuushya:public_toilet_sign":17,"theatrical:truss":773,"yuushya:normal_truck":3,"yuushya:light_gray_worn_concrete":18,"theatricalextralights:moving_beam":1,"yuushya:electric_motorcycle":9,"yuushya:menu":2,"school:blacktallwall":10,"minecraft:oak_planks":81,"yuushya:button_sign_coin":3,"yuushya:piano_white_concrete":2,"minecraft:sandstone":167,"minecraft:redstone_block":80,"yuushya:pigment_bucket":26,"yuushya:hanzi_banner_11":2,"minecraft:smooth_quartz_stairs":186,"yuushya:piano_light_gray_concrete":3,"minecraft:white_wool":112,"school:classroomdoors":6,"school:pcmc":17,"yuushya:unlocked_safe":1,"school:waterdispenser":23,"minecraft:sand":415,"yuushya:chair_yellow_concrete":25,"yuushya:side_slab":1,"yuushya:frying_pan":1,"yuushya:truck_chassis_end":2,"yuushya:crash_barrel":2,"school:classroom_iron_door":75,"school:squattingurinal":23,"theatrical:moving_light":4,"yuushya:audio_large_birch_planks":16,"yuushya:chalk_box":2,"school:laptop":16,"school:broadcastcrew":12,"yuushya:toilet":10,"school:windowairconditionerbluewindow":3,"yuushya:public_toilet_sign_woman":2,"refurbished_furniture:computer":8,"school:tall_wall":5,"yuushya:audio_large_a_acacia_blindwall":5,"school:circularairconditioning":4,"immersive_paintings:graffiti":1,"kaleidoscope_doll:doll_342":1,"school:seewo":2,"minecraft:redstone_torch":4,"yuushya:tactile_paving":1,"minecraft:sticky_piston":10,"school:pcw_7":1,"yuushya:white_windows_0":280,"yuushya:truck_head_red":9,"minecraft:lever":86,"minecraft:black_concrete":3557,"kaleidoscope_doll:doll_407":2,"minecraft:firework_rocket":672,"theatrical:tank_trap":4,"yuushya:cctv_camera":10,"yuushya:rusty_power_house":1,"minecraft:light_gray_concrete":1,"minecraft:gray_stained_glass_pane":1,"yuushya:safe":1,"yuushya:power_distributor":17,"yuushya:display_cabinet":2,"school:smart_brand":6,"minecraft:stone_button":15,"minecraft:barrier":281,"yuushya:strip_light":5,"yuushya:park_stool_light_gray_concrete":2,"school:canteenkitchenstove":1,"kaleidoscope_doll:doll_64":1,"net_music_list:ender_music_player":8,"refurbished_furniture:spruce_table":10,"minecraft:iron_door":11,"chinacraft:stone_lantern":3,"yuushya:half_side_slab_birch_planks":4,"school:screen":6,"school:pushandpullchalkboard_4":1,"yuushya:phone_a_gray_blindwall":2,"school:smallslidingwindow_blue":3,"school:highspeedrailrailings":323,"minecraft:stripped_oak_wood":3,"yuushya:ramp_marking_yellow_1":1,"yuushya:modern_lamp_1":61,"minecraft:birch_log":1,"yuushya:glass_showcase":14,"minecraft:chain":5,"yuushya:basketball_hoop_head":3,"theatrical:redstone_interface":5,"school:recalsoom":3,"yuushya:beverage_drawer":1,"yuushya:sorted_magazine":1,"minecraft:white_concrete":15,"school:blackconcretestair":357,"yuushya:audio_large_brown_concrete":11,"minecraft:oak_hanging_sign":65,"school:alcohol_lamp":67,"minecraft:bone_meal":15,"kaleidoscope_doll:doll_327":1,"yuushya:sign_23":1,"minecraft:azalea":1,"minecraft:oak_fence":14,"camera:image_frame":3,"refurbished_furniture:oak_bath":2,"minecraft:netherite_sword":23,"school:podium":14,"minecraft:iron_bars":606,"yuushya:button_sign_like":2,"minecraft:flint_and_steel":34,"minecraft:armor_stand":2,"minecraft:redstone":67,"yuushya:scroll_door_0":2,"yuushya:iron_tall_door":1,"minecraft:spruce_planks":52,"minecraft:tinted_glass":38,"yuushya:recycle_bin_1":9,"refurbished_furniture:orange_sofa":15,"school:printer":13,"yuushya:big_sakura":1,"yuushya:ceiling_fan":76,"yuushya:chair_light_blue_concrete":3,"school:acina":30,"yuushya:oak_windows_door":3,"school:loudspeaker":16,"refurbished_furniture:dark_ceiling_light":504,"yuushya:recycle_bin_0":2,"kaleidoscope_doll:doll_45":1,"school:black_board_light":11,"minecraft:dirt":313,"minecraft:target":2,"school:laboratoryexhausthood_2_x_2":1,"kaleidoscope_doll:doll_199":1,"yuushya:embbed_dark_bricks":4,"minecraft:hopper":8,"school:chair":14,"minecraft:spruce_stairs":24,"minecraft:cobblestone_wall":5,"yuushya:tanghulu_tree":3,"refurbished_furniture:television":12,"school:activeopticalaccessdevices":2,"school:outdoorspeakers":17,"yuushya:meshed_air_conditioning_condenser":65,"netmusic:music_player":19,"school:classcard":4,"minecraft:dark_oak_planks":339,"school:billboards":6,"minecraft:stone_brick_slab":12,"school:certificate_of_merit":4,"kaleidoscope_doll:doll_461":1,"school:white_board":2,"minecraft:brown_terracotta":9,"minecraft:red_shulker_box":2,"refurbished_furniture:dark_oak_desk":2,"webdisplays:rctrl":23,"minecraft:sea_lantern":466,"school:orangemusicchair":1,"yuushya:phone":2,"yuushya:tall_safe":1,"minecraft:bookshelf":364,"school:easicamera":1,"immersive_paintings:painting":5,"yuushya:sea_salt_tea":1,"minecraft:oak_stairs":1,"minecraft:slime_block":1,"school:nocrttv":8,"school:seewo_bsod":19,"minecraft:birch_hanging_sign":2,"yuushya:half_side_slab_smooth_marble":34,"kaleidoscope_cookery:stargazy_pie":1,"school:studyhard":1,"yuushya:exit_sign_sym":3,"yuushya:bicycle_stop":1,"minecraft:smooth_quartz":10,"school:deskwithdesktopcomputer":17,"supplementaries:speaker_block":3,"chinacraft:furnace_platform_block":1,"refurbished_furniture:light_blue_sofa":1,"refurbished_furniture:oak_desk":25,"school:pcdelk":34,"school:extralargeslidingwindows_blue":54,"kaleidoscope_doll:doll_310":1,"yuushya:freezer":4,"school:itmusthavebeen_optifinetodoit":35,"yuushya:air_conditioner_floor":1,"minecraft:black_stained_glass":28,"school:strip_chandelier":34,"chinacraft:ambush_on_all_sides":1,"minecraft:iron_trapdoor":7,"school:laboratory_sugar":13,"minecraft:salmon_spawn_egg":2,"yuushya:phone_a_birch_blindwall":3,"yuushya:truck_chassis_outer":14,"school:dtmbdvbt":1,"farm_and_charm:chicken_coop":1,"minecraft:stone_pressure_plate":2,"yuushya:call_bell":2,"yuushya:black_windows_door":2,"webdisplays:screencfg":167,"school:visualacuitychart":3,"minecraft:observer":11,"yuushya:ps4":4,"kaleidoscope_doll:doll_21":1,"school:laboratory_chair":39,"chinacraft:sericulture_frame_block":1,"webdisplays:linker":85,"minecraft:chiseled_bookshelf":6,"yuushya:tall_work_light":1,"yuushya:exit_sign":2,"xercapaint:item_canvas":88,"yuushya:chair":2,"theatrical:led_panel":3,"kaleidoscope_doll:doll_301":1,"school:classcard_3":2,"webdisplays:keyboard":5,"yuushya:black_windows_door_slide":5,"minecraft:glass_bottle":2,"school:old_pc":1,"school:seewo_on":3,"yuushya:large_water_bottle":2,"minecraft:yellow_shulker_box":15,"school:schooltables":13,"school:notv":15,"school:laboratory_pool":17,"yuushya:traffic_sign_16":7,"kaleidoscope_doll:doll_313":1,"school:books":4,"minecraft:cauldron":7,"yuushya:side_slab_birch_planks":3,"yuushya:voltage_transformer":18,"school:balance":4,"chinacraft:stone_mortar_block":1,"theatrical:led_fresnel":3,"brewery:beer_wheat":40,"school:blacktallwallcorner":2,"yuushya:car_white_part_a":8,"yuushya:white_windows_corner_0":9,"refurbished_furniture:lime_sofa":2,"school:old_pc_gslc":37,"yuushya:road_marking_0":4,"yuushya:air_conditioning_condenser":35,"minecraft:oak_slab":19,"school:smallslidingwindow_green":19,"minecraft:crafting_table":1,"yuushya:glass_rainshed":1,"school:canteenkitchencountertop":1,"school:fu":7,"school:toiletdoorpanels_mi":4,"chinacraft:lantern_festival_lanterns":6,"minecraft:birch_sign":40,"school:satellitetelevision":2,"refurbished_furniture:oak_light_ceiling_fan":4,"chinacraft:high_mountains_and_running_water":1,"yuushya:button_sign_dislike":4,"yuushya:ramp_marking_yellow_4":3,"minecraft:lime_shulker_box":2,"school:largeslidingwindow":14,"brewery:beer_nettle":4,"school:spring_festival_couplets":6,"kaleidoscope_doll:doll_413":1,"minecraft:book":1,"yuushya:piano":4,"minecraft:dark_oak_door":2,"kaleidoscope_doll:computer":1,"yuushya:sign_20":1,"netmusic:cd_burner":4,"yuushya:ramp_1":1,"yuushya:big_poster":2,"school:slantaircondition":18,"minecraft:oak_log":12,"refurbished_furniture:dark_electricity_generator":98,"minecraft:piston":1,"minecraft:netherite_block":48,"theatricalextralights:a2x2par64_red":5,"minecraft:light":65,"minecraft:black_wool":299,"refurbished_furniture:light_ceiling_light":25,"minecraft:command_block":45,"yuushya:wire":5,"farm_and_charm:beetroot_bag":1,"minecraft:oak_button":1,"yuushya:water_dispenser":2,"minecraft:map":95,"school:pc":4,"school:radiator":1,"webdisplays:redctrl":5,"school:black_board":4,"yuushya:traffic_lights_0":1,"yuushya:monobloc":70,"school:extralargeslidingwindows_green":2,"xercapaint:item_canvas_large":108,"school:offs_network":7,"yuushya:car_white_part_b":11,"refurbished_furniture:light_electricity_generator":19,"minecraft:spruce_sapling":4,"brewery:whiskey_ak":1,"school:laboratoryexhausthood":10,"yuushya:books":2,"minecraft:fishing_rod":1,"minecraft:enchanted_book":7,"school:laboratory_desk":26,"minecraft:potion":13,"yuushya:laptop":2,"yuushya:wore_lime_wall":2,"refurbished_furniture:dark_oak_drawer":1,"yuushya:jack":23,"yuushya:half_side_slab":1,"school:student_meal":1,"school:fm_radio":6,"school:acin_b":8,"minecraft:glass_pane":5,"yuushya:button_sign_star":2,"refurbished_furniture:oak_drawer":14,"minecraft:pink_shulker_box":2,"school:projector":1,"yuushya:truck_chassis_basic":14,"refurbished_furniture:spruce_dark_ceiling_fan":12,"minecraft:repeating_command_block":16,"webdisplays:screen":4035,"kaleidoscope_doll:doll_357":1,"minecraft:stripped_oak_log":2,"yuushya:desk_lamp_0":2,"refurbished_furniture:jungle_crate":1,"school:codeforstudents":7,"school:laboratory_cabinet":26,"school:fluorescentlamps":129,"minecraft:gray_wool":51,"yuushya:framed_bricks":4,"minecraft:jukebox":2,"school:largeglassslidingwindowsblack":1,"minecraft:smooth_stone":10,"minecraft:splash_potion":1,"refurbished_furniture:oak_chair":3},"minecraft:custom":{"minecraft:interact_with_crafting_table":24,"minecraft:open_shulker_box":225,"minecraft:leave_game":37,"minecraft:time_since_death":62771,"minecraft:sprint_one_cm":5806547,"minecraft:drop":186,"minecraft:play_time":5027854,"minecraft:deaths":7,"minecraft:jump":39030,"minecraft:walk_on_water_one_cm":10453,"minecraft:play_record":3,"minecraft:damage_dealt":1935,"minecraft:crouch_one_cm":128480,"minecraft:use_cauldron":15,"minecraft:inspect_dispenser":75,"minecraft:mob_kills":10,"minecraft:inspect_hopper":24,"minecraft:climb_one_cm":24442,"minecraft:walk_one_cm":5366763,"minecraft:sneak_time":95602,"minecraft:walk_under_water_one_cm":2764,"minecraft:total_world_time":5027854,"minecraft:interact_with_stonecutter":16,"minecraft:time_since_rest":62803,"minecraft:damage_taken":980,"minecraft:swim_one_cm":2412,"minecraft:fly_one_cm":40129519,"minecraft:open_chest":71,"minecraft:aviate_one_cm":28200,"minecraft:fall_one_cm":31895},"minecraft:killed":{"minecraft:wandering_trader":8,"minecraft:villager":2},"minecraft:crafted":{"yuushya:side_slab_birch_planks":1,"yuushya:bicycle_cyan_wool":1,"yuushya:chair_light_blue_concrete":1,"yuushya:piano_orange_concrete":2,"yuushya:phone_a_gray_blindwall":1,"yuushya:half_side_slab_birch_planks":1,"yuushya:piano_white_concrete":1,"yuushya:half_side_slab_smooth_marble":1,"yuushya:audio_large_birch_planks":1,"minecraft:firework_star":1088,"yuushya:phone_a_birch_blindwall":1,"yuushya:chair_yellow_concrete":1,"yuushya:audio_large_a_black_blindwall":1,"yuushya:office_chair_decorative_orange_wool":1,"yuushya:piano_light_gray_concrete":1,"minecraft:firework_rocket":3072}},"DataVersion":3465}