{"stats":{"minecraft:dropped":{"minecraft:dirt":422,"school:highspeedrailrailings":1,"minecraft:birch_fence":1,"minecraft:stone":1,"yuushya:jack":2,"yuushya:ceiling_fan":1,"minecraft:quartz_block":34,"minecraft:barrier":1,"school:laboratory_chair":2,"minecraft:stone_bricks":1,"yuushya:traffic_sign_6":1,"minecraft:sand":1,"minecraft:bedrock":1,"school:laboratory_desk":1},"minecraft:mined":{"yuushya:tactile_paving":1,"school:alcohol_lamp":1},"minecraft:picked_up":{"yuushya:jack":2,"school:alcohol_lamp":63,"minecraft:dirt":550,"school:laboratory_desk":1,"school:laboratory_chair":2,"minecraft:quartz_block":33,"minecraft:stone_bricks":1,"yuushya:ceiling_fan":1,"yuushya:tactile_paving":1},"minecraft:custom":{"minecraft:time_since_rest":90041,"minecraft:sprint_one_cm":140113,"minecraft:damage_taken":110,"minecraft:walk_one_cm":146529,"minecraft:drop":218,"minecraft:fly_one_cm":402659,"minecraft:crouch_one_cm":12045,"minecraft:play_time":90041,"minecraft:walk_under_water_one_cm":131,"minecraft:sneak_time":5161,"minecraft:jump":717,"minecraft:leave_game":5,"minecraft:walk_on_water_one_cm":592,"minecraft:time_since_death":90041,"minecraft:total_world_time":90041,"minecraft:fall_one_cm":4499},"minecraft:used":{"school:laboratory_chair":4,"yuushya:tactile_paving":1,"minecraft:barrier":10,"minecraft:quartz_block":147,"yuushya:ceiling_fan":5,"minecraft:stone_bricks":4,"minecraft:bedrock":4,"school:highspeedrailrailings":3,"school:laboratory_desk":3,"minecraft:dirt":909,"minecraft:sand":1,"yuushya:jack":2,"school:ironbars":2,"school:alcohol_lamp":590,"minecraft:birch_fence":31}},"DataVersion":3465}