{"stats":{"minecraft:dropped":{"minecraft:soul_sand":1,"webdisplays:laserpointer":1,"minecraft:oak_trapdoor":1,"theatrical:moving_light":2,"minecraft:oak_button":1,"netmusic:music_cd":2,"minecraft:dispenser":1,"minecraft:tnt":1,"minecraft:ender_pearl":2,"minecraft:quartz_block":20,"minecraft:smooth_quartz":1,"minecraft:amethyst_block":1,"minecraft:ender_eye":1,"yuushya:beef":1,"minecraft:grass_block":1},"minecraft:picked_up":{"school:alcohol_lamp":1,"minecraft:repeater":5,"yuushya:form_trans_item":1,"netmusic:music_cd":2,"minecraft:redstone":12,"minecraft:amethyst_block":1,"theatrical:moving_light":1,"minecraft:dirt":429,"minecraft:oak_trapdoor":1,"yuushya:sleeping_orange_cat":1,"minecraft:tnt":1,"minecraft:quartz_block":36,"minecraft:dispenser":8,"minecraft:stone_bricks":13,"webdisplays:laserpointer":2,"yuushya:beef":1,"minecraft:lever":25,"minecraft:ender_eye":28,"minecraft:oak_button":1,"school:classroomdoors":2,"minecraft:soul_sand":1},"minecraft:custom":{"minecraft:time_since_rest":28080,"minecraft:sprint_one_cm":3209,"minecraft:damage_taken":560,"minecraft:walk_one_cm":426536,"minecraft:drop":23,"minecraft:fly_one_cm":1117977,"minecraft:open_chest":6,"minecraft:crouch_one_cm":5511,"minecraft:play_time":226552,"minecraft:deaths":4,"minecraft:sneak_time":3164,"minecraft:walk_under_water_one_cm":14360,"minecraft:jump":1281,"minecraft:eat_cake_slice":6,"minecraft:leave_game":6,"minecraft:time_since_death":27280,"minecraft:walk_on_water_one_cm":20858,"minecraft:total_world_time":226552,"minecraft:inspect_dispenser":33},"minecraft:used":{"minecraft:oak_trapdoor":6,"minecraft:dark_oak_planks":198,"minecraft:ender_eye":39,"minecraft:water_bucket":107,"minecraft:lever":81,"yuushya:beef":50,"brewery:mashed_potatoes":7,"minecraft:grass_block":28,"minecraft:oak_button":3,"minecraft:dispenser":84,"minecraft:redstone":202,"minecraft:quartz_block":215,"school:seewo_bsod":14,"minecraft:ender_pearl":95,"minecraft:spruce_planks":38,"minecraft:smooth_quartz":1,"minecraft:stone_bricks":221,"school:classroomdoors":2,"minecraft:repeater":50,"minecraft:soul_sand":55,"minecraft:tnt":497,"minecraft:goat_horn":1,"minecraft:crossbow":4,"theatrical:moving_light":4,"minecraft:spruce_fence":3,"school:alcohol_lamp":2,"webdisplays:screen":6}},"DataVersion":3465}