{"stats":{"minecraft:used":{"webdisplays:linker":4,"minecraft:sticky_piston":1,"supplementaries:cog_block":1,"theatricalextralights:x8par_warm":1,"theatricalextralights:a2x2par64_blue":2,"minecraft:dark_oak_planks":103,"minecraft:lever":10,"supplementaries:relayer":25,"theatrical:truss":1058,"minecraft:daylight_detector":5,"theatricalextralights:par1000_white":1,"minecraft:command_block":3,"minecraft:lantern":7,"minecraft:grass_block":1,"minecraft:oak_sign":3,"minecraft:stone_button":4,"minecraft:oak_planks":12,"minecraft:polished_andesite_stairs":7,"theatricalextralights:washlight":64,"minecraft:spruce_planks":159,"theatrical:moving_wash":1,"minecraft:chest":5,"minecraft:tinted_glass":16,"minecraft:stone":82,"refurbished_furniture:orange_sofa":6,"refurbished_furniture:spruce_table":3,"minecraft:iron_door":3,"supplementaries:speaker_block":256,"minecraft:polished_andesite_slab":285,"theatricalextralights:laser":8,"theatricalextralights:moving_vl6":15,"theatricalextralights:a2x2par64_white":3,"minecraft:rail":16,"net_music_list:music_list":3,"theatricalextralights:beam_7r":17,"theatrical:pipe":17,"theatricalextralights:truss_3lights":3,"minecraft:iron_trapdoor":4,"theatricalextralights:mac_vip":4,"theatrical:redstone_interface":16,"minecraft:chain":3,"minecraft:smooth_stone_slab":2,"minecraft:white_concrete":231,"theatricalextralights:rgb_bar":2,"minecraft:gray_wool":359,"webdisplays:screencfg":3,"minecraft:smooth_stone":143,"theatricalextralights:strobe":1,"webdisplays:screen":291,"theatrical:basic_lighting_desk":11,"minecraft:stripped_spruce_log":59},"minecraft:custom":{"minecraft:time_since_rest":1102034,"minecraft:sprint_one_cm":11142,"minecraft:walk_one_cm":656354,"minecraft:drop":2,"minecraft:fly_one_cm":4714078,"minecraft:open_chest":16,"minecraft:crouch_one_cm":390,"minecraft:play_time":1102034,"minecraft:sneak_time":8239,"minecraft:jump":868,"minecraft:leave_game":7,"minecraft:time_since_death":1102034,"minecraft:total_world_time":1102034,"minecraft:inspect_dispenser":46},"minecraft:picked_up":{"net_music_list:music_list":3,"theatrical:configuration_card":1,"xercapaint:item_canvas":2,"xercapaint:item_canvas_long":1,"minecraft:coal_block":62},"minecraft:dropped":{"theatricalextralights:moving_vl6":1,"net_music_list:music_list":1}},"DataVersion":3465}