{"stats":{"minecraft:dropped":{"minecraft:water_bucket":2,"minecraft:daylight_detector":1,"minecraft:piston":1,"school:ac_large_out":1,"netmusic:music_cd":18,"minecraft:cherry_log":1,"school:chalk_cannon":1,"school:largeslidingwindow":1,"minecraft:salmon_bucket":2,"school:desk":1,"school:spacewalker":2,"yuushya:road_marking_0":1,"school:fitnesstreadmill":2,"minecraft:grass_block":3,"school:rockerboardforchildren":1,"minecraft:red_carpet":5,"yuushya:chair_yellow_concrete":1,"yuushya:tree_base":1,"refurbished_furniture:wrench":2,"school:strip_chandelier":2,"yuushya:road_light":2,"minecraft:salmon_spawn_egg":1,"yuushya:air_conditioner_sym":1,"school:laboratory_light":1,"school:tabletennistable":3,"school:classroomdoors":1,"minecraft:bone_meal":1,"yuushya:hanzi_banner_1":2,"yuushya:road_marking_1":1,"minecraft:tropical_fish_spawn_egg":1,"minecraft:black_concrete":1,"school:broadcastcrew":1,"school:seewo":1,"school:codeforstudents":1,"school:black_board_light":1,"school:highspeedrailrailings":2,"school:chair":2,"minecraft:diamond_block":769,"netmusic:music_player":1,"school:restaurantexhausthood":1,"school:glass_door":1,"refurbished_furniture:television":1,"minecraft:birch_sapling":1,"minecraft:white_carpet":64,"yuushya:recycle_bin_1":1,"minecraft:green_concrete":1,"school:pcw_10":1,"school:podium":2,"school:pushandpullchalkboard_1":1,"school:chalk_smg":2,"minecraft:stone":1,"yuushya:road_marking_3":1,"yuushya:traffic_sign_16":1,"minecraft:cod_bucket":1,"minecraft:quartz_block":4,"minecraft:quartz_stairs":1,"minecraft:stone_bricks":2,"minecraft:birch_sign":1,"yuushya:black_windows_door_slide":2,"minecraft:iron_bars":2,"minecraft:splash_potion":1,"school:tandempedaltrainer":1},"minecraft:mined":{"school:tabletennistable":1},"minecraft:killed":{"minecraft:wandering_trader":1},"minecraft:picked_up":{"yuushya:road_light":2,"refurbished_furniture:wrench":2,"yuushya:jungle_tall_door":6,"school:chalk_smg":1,"minecraft:white_carpet":275,"minecraft:oak_sign":2,"school:tabletennistable":2,"xercapaint:item_easel":1,"minecraft:stone":1,"minecraft:stick":2,"yuushya:head_bucket":1,"yuushya:toilet":1,"minecraft:quartz_block":3,"minecraft:salmon_bucket":1,"school:podium":1,"minecraft:white_shulker_box":1,"minecraft:iron_bars":2,"school:chair":1,"school:strip_chandelier":2,"school:desk":1,"xercapaint:item_canvas":5,"yuushya:black_windows_door_slide":1,"minecraft:red_carpet":5,"school:fluorescentlamps":1,"minecraft:stone_bricks":1,"brewery:whiskey_highland_hearth":1,"school:restaurantexhausthood":1,"yuushya:oak_tall_door":2,"yuushya:villa_0":1,"minecraft:daylight_detector":1,"yuushya:butterfly":1,"school:fitnesstreadmill":1,"yuushya:office_chair_decorative_orange_wool":1,"school:tandempedaltrainer":1,"netmusic:music_cd":19,"minecraft:diamond_block":129,"xercapaint:item_palette":1,"school:top_lamp":1,"school:rockerboardforchildren":1,"yuushya:hanzi_banner_1":1,"minecraft:lever":1,"school:spacewalker":1,"school:highspeedrailrailings":1,"school:pcw_10":1},"minecraft:custom":{"minecraft:mob_kills":1,"minecraft:interact_with_anvil":1,"minecraft:open_shulker_box":2,"minecraft:leave_game":16,"minecraft:time_since_death":526194,"minecraft:climb_one_cm":180,"minecraft:sprint_one_cm":943122,"minecraft:walk_one_cm":2310002,"minecraft:drop":100,"minecraft:talked_to_villager":4,"minecraft:play_time":922858,"minecraft:deaths":26,"minecraft:sneak_time":9820,"minecraft:walk_under_water_one_cm":21219,"minecraft:jump":3446,"minecraft:walk_on_water_one_cm":16801,"minecraft:total_world_time":922858,"minecraft:interact_with_stonecutter":3,"minecraft:time_since_rest":526225,"minecraft:damage_taken":11400,"minecraft:swim_one_cm":3200,"minecraft:fly_one_cm":4371687,"minecraft:crouch_one_cm":4632,"minecraft:fall_one_cm":109466,"minecraft:inspect_dispenser":3},"minecraft:used":{"yuushya:utility_pole":103,"school:pcw_10":11,"school:ac_out":4,"minecraft:cherry_sapling":59,"school:podium":14,"minecraft:iron_bars":211,"minecraft:flint_and_steel":2,"minecraft:red_concrete":534,"minecraft:redstone":91,"yuushya:car_yellow_part_b":1,"minecraft:ladder":24,"minecraft:oak_sign":8,"xercapaint:item_easel":33,"yuushya:ceiling_cctv_camera":10,"minecraft:stone":669,"yuushya:recycle_bin_1":4,"yuushya:fire_extinguisher":4,"minecraft:white_shulker_box":2,"yuushya:blackboard":3,"yuushya:car_yellow_part_a":2,"yuushya:ceiling_fan":96,"minecraft:quartz_stairs":61,"school:tabletennistable":49,"school:desk":79,"school:acina":15,"refurbished_furniture:doorbell":1,"school:ac_large_out":2,"yuushya:car_blue_part_a":3,"yuushya:black_tall_iron_fence_stairs_sym":1,"school:black_board_light":5,"minecraft:anvil":26,"yuushya:park_stool":1,"minecraft:white_carpet":455,"yuushya:road_light":54,"school:chair":128,"yuushya:horizontal_utility_pole":40,"yuushya:white_windows_door":5,"school:fitnesstreadmill":21,"refurbished_furniture:television":4,"minecraft:pink_terracotta":7,"minecraft:acacia_sapling":1,"minecraft:salmon_bucket":12,"school:pushandpullchalkboard_1":1,"school:pushandpullchalkboard_3":3,"yuushya:bicycle":1,"school:toiletdoors_mi":2,"yuushya:tree_base":6,"netmusic:music_player":13,"minecraft:glass":2,"yuushya:road_marking_3":5,"yuushya:classical_white_door_top":4,"minecraft:packed_ice":4,"minecraft:sea_lantern":2,"minecraft:lava_bucket":21,"school:greytallwall":35,"minecraft:bookshelf":12,"school:spacewalker":6,"yuushya:road_marking_2":2,"minecraft:quartz_slab":39,"minecraft:iron_block":34,"minecraft:grass_block":841,"yuushya:bicycle_cyan_wool":45,"minecraft:quartz_block":5363,"school:seewo_bsod":149,"minecraft:chicken_spawn_egg":613,"yuushya:car_blue_part_b":3,"school:deskwithdesktopcomputer":59,"minecraft:tropical_fish_spawn_egg":10,"minecraft:smooth_quartz":217,"yuushya:utility_pole_cross":3,"school:laboratory_light":34,"yuushya:truck_head_white":2,"minecraft:stone_bricks":1235,"minecraft:item_frame":6,"yuushya:vinyl_record_player":1,"minecraft:repeater":1,"minecraft:red_carpet":173,"minecraft:redstone_lamp":14,"school:strip_chandelier":83,"school:tall_wall_corner":2,"yuushya:road_marking_7":225,"minecraft:salmon_spawn_egg":11,"yuushya:form_trans_item":1992,"minecraft:cherry_log":1,"minecraft:observer":5,"refurbished_furniture:oak_table":13,"minecraft:quartz_bricks":1,"minecraft:water_bucket":89,"xercapaint:item_canvas":4,"yuushya:black_windows_door_slide":7,"yuushya:electric_motorcycle":26,"yuushya:traffic_sign_16":7,"yuushya:pigment_bucket":62,"school:blacktallwallcorner":5,"yuushya:car_white_part_a":20,"yuushya:octagon_pavilion":1,"school:classroomdoors":12,"yuushya:road_marking_0":539,"yuushya:dining_truck":2,"yuushya:chair_yellow_concrete":18,"minecraft:tnt":1,"minecraft:oak_slab":9,"minecraft:birch_sign":13,"minecraft:blue_ice":4,"school:squattingurinal":3,"school:largeslidingwindow":6,"school:broadcastcrew":5,"yuushya:toilet":63,"school:glass_door":18,"yuushya:public_toilet_sign_woman":21,"school:smallwindows_1":14,"school:seewo":38,"school:tall_wall":100,"school:restaurantexhausthood":6,"school:slantaircondition":5,"minecraft:sticky_piston":19,"minecraft:piston":1,"yuushya:white_windows_0":2,"minecraft:netherite_block":231,"minecraft:green_concrete":126,"minecraft:lever":4,"yuushya:sakura_tree":2,"minecraft:light":28,"minecraft:black_concrete":391,"school:rockerboardforchildren":16,"minecraft:daylight_detector":1,"minecraft:command_block":2,"yuushya:road_marking_5":15,"yuushya:power_distributor":2,"yuushya:road_marking_1":156,"yuushya:park_stool_light_gray_concrete":4,"school:black_board":2,"yuushya:monobloc":1,"minecraft:oak_pressure_plate":2,"yuushya:car_white_part_b":11,"school:highspeedrailrailings":273,"yuushya:air_conditioner_sym":2,"school:tandempedaltrainer":10,"yuushya:hanzi_banner_1":26,"yuushya:basketball_hoop_head":7,"minecraft:repeating_command_block":2,"minecraft:glass_pane":19,"minecraft:ice":4,"yuushya:sakura_tree_small":2,"brewery:whiskey_highland_hearth":6,"minecraft:white_concrete":250,"school:fluorescentlamps":26,"yuushya:public_toilet_sign_man":16,"minecraft:oak_hanging_sign":2,"minecraft:splash_potion":333,"minecraft:bone_meal":710,"minecraft:jukebox":1},"minecraft:crafted":{"yuushya:bicycle_cyan_wool":1,"yuushya:black_tall_iron_fence_stairs_sym":4,"yuushya:park_stool_light_gray_concrete":1}},"DataVersion":3465}