{
  "minecraft:recipes/decorations/crafting_table": {
    "criteria": {
      "unlock_right_away": "2025-11-29 18:29:33 +0800"
    },
    "done": true
  },
  "farm_and_charm:main/root": {
    "criteria": {
      "example_criterion": "2025-11-29 18:29:34 +0800"
    },
    "done": true
  },
  "school:school_mod": {
    "criteria": {
      "school_mod_0": "2025-11-29 18:29:33 +0800"
    },
    "done": true
  },
  "minecraft:adventure/adventuring_time": {
    "criteria": {
      "minecraft:plains": "2025-11-29 18:29:34 +0800"
    },
    "done": false
  },
  "DataVersion": 3465
}