{"stats":{"minecraft:custom":{"minecraft:time_since_rest":798455,"minecraft:sprint_one_cm":399612,"minecraft:walk_one_cm":564326,"minecraft:mob_kills":1,"minecraft:drop":8,"minecraft:damage_dealt":200,"minecraft:play_record":1,"minecraft:fly_one_cm":3344217,"minecraft:crouch_one_cm":22543,"minecraft:play_time":798455,"minecraft:sneak_time":11834,"minecraft:jump":2907,"minecraft:leave_game":14,"minecraft:time_since_death":798455,"minecraft:total_world_time":798455},"minecraft:used":{"theatricalextralights:x8par_red":8,"minecraft:redstone_torch":1,"webdisplays:linker":54,"minecraft:firework_rocket":652,"minecraft:black_wool":254,"supplementaries:cog_block":7,"refurbished_furniture:dark_electricity_generator":1,"minecraft:lever":6,"theatricalextralights:a2x2par64_red":5,"webdisplays:rctrl":17,"theatricalextralights:followspot":1,"minecraft:black_concrete":3,"theatrical:tank_trap":1,"theatricalextralights:moving_vl2c":1,"theatrical:led_panel":3,"theatrical:truss":702,"webdisplays:keyboard":5,"minecraft:command_block":1,"theatricalextralights:moving_beam":1,"minecraft:grass_block":59,"minecraft:oak_stairs":1,"minecraft:oak_planks":80,"minecraft:stone_button":2,"webdisplays:server":2,"xercapaint:item_easel":2,"webdisplays:redctrl":2,"minecraft:spruce_planks":50,"net_music_list:ender_music_player":3,"minecraft:tinted_glass":9,"xercapaint:item_canvas_large":23,"minecraft:redstone_block":2,"refurbished_furniture:orange_sofa":12,"brewery:whiskey_ak":1,"theatricalextralights:laser":3,"theatrical:led_fresnel":3,"minecraft:dirt":1,"theatrical:pipe":3,"minecraft:black_stained_glass":28,"minecraft:spruce_stairs":24,"supplementaries:music_disc_heave_ho":1,"theatrical:redstone_interface":2,"minecraft:glass_pane":5,"refurbished_furniture:television":10,"theatrical:moving_light":4,"brewery:beer_nettle":4,"webdisplays:screencfg":102,"refurbished_furniture:computer":6,"minecraft:jukebox":1,"webdisplays:screen":2475,"theatrical:basic_lighting_desk":3,"minecraft:stripped_spruce_log":40,"netmusic:music_player":3,"netmusic:cd_burner":4,"minecraft:netherite_sword":2},"minecraft:picked_up":{"brewery:beer_nettle":3,"supplementaries:music_disc_heave_ho":1,"webdisplays:craftcomp_batpack":1,"xercapaint:item_canvas_large":3,"refurbished_furniture:knife":1,"netmusic:music_cd":24,"brewery:whiskey_ak":1,"net_music_list:manual":1,"xercapaint:item_canvas_long":1,"refurbished_furniture:meatlovers_pizza_slice":1,"theatrical:truss":1,"minecraft:coal_block":63},"minecraft:dropped":{"netmusic:music_cd":4,"webdisplays:craftcomp_batpack":1,"xercapaint:item_canvas_large":1,"xercapaint:item_palette":1,"minecraft:coal_block":64},"minecraft:killed":{"minecraft:wandering_trader":1}},"DataVersion":3465}