{"stats":{"minecraft:used":{"theatricalextralights:mac_vip":4,"minecraft:oak_planks":4,"theatricalextralights:a2x2par64_blue":2,"theatricalextralights:x8par_warm":1,"theatricalextralights:rgb_bar":2,"theatrical:pipe":4,"theatrical:truss":54,"supplementaries:speaker_block":11,"theatrical:basic_lighting_desk":7,"theatricalextralights:laser":3},"minecraft:custom":{"minecraft:jump":38,"minecraft:time_since_rest":42108,"minecraft:crouch_one_cm":4,"minecraft:leave_game":1,"minecraft:play_time":42108,"minecraft:sprint_one_cm":160,"minecraft:time_since_death":42108,"minecraft:walk_one_cm":23922,"minecraft:sneak_time":378,"minecraft:total_world_time":42108,"minecraft:fly_one_cm":121266}},"DataVersion":3465}