{"stats":{"minecraft:custom":{"minecraft:mob_kills":10,"minecraft:interact_with_anvil":1,"minecraft:inspect_hopper":2,"minecraft:open_shulker_box":7,"minecraft:damage_dealt_resisted":252,"minecraft:leave_game":11,"minecraft:time_since_death":165314,"minecraft:climb_one_cm":4618,"minecraft:sprint_one_cm":516459,"minecraft:walk_one_cm":1474472,"minecraft:drop":320,"minecraft:talked_to_villager":5,"minecraft:play_time":1200003,"minecraft:deaths":6,"minecraft:sneak_time":7321,"minecraft:jump":6777,"minecraft:total_world_time":1200003,"minecraft:sleep_in_bed":1,"minecraft:time_since_rest":165365,"minecraft:damage_taken":1620,"minecraft:damage_dealt":30,"minecraft:fly_one_cm":4049550,"minecraft:open_chest":24,"minecraft:crouch_one_cm":3608,"minecraft:fall_one_cm":18801,"minecraft:inspect_dispenser":14},"minecraft:used":{"brewery:pork_knuckle":80,"minecraft:trident":47,"supplementaries:cog_block":15,"theatricalextralights:sharplus":47,"theatricalextralights:moving_vl2c":3,"brewery:mashed_potatoes":27,"minecraft:redstone":68,"minecraft:ladder":2,"supplementaries:crystal_display":3,"xercapaint:item_easel":6,"minecraft:spruce_planks":676,"minecraft:chest":2,"minecraft:tinted_glass":136,"refurbished_furniture:orange_sofa":4,"brewery:fried_chicken":90,"brewery:beer_hops":16,"minecraft:dirt":3,"theatricalextralights:beam_7r":5,"supplementaries:faucet":5,"xercapaint:item_canvas_long":5,"refurbished_furniture:pink_lamp":1,"minecraft:snowball":211,"theatricalextralights:strobe":35,"minecraft:stripped_spruce_log":7,"netmusic:music_player":3,"refurbished_furniture:dark_oak_light_ceiling_fan":3,"minecraft:dark_oak_planks":4,"webdisplays:rctrl":1,"theatricalextralights:followspot":37,"minecraft:grass_block":216,"minecraft:oak_stairs":23,"minecraft:slime_block":40,"webdisplays:server":30,"theatricalextralights:atomictilt":32,"supplementaries:speaker_block":40,"supplementaries:bomb_blue":85,"minecraft:light_gray_wool":39,"brewery:beer_haley":3,"brewery:whiskey_jojannik":9,"minecraft:repeater":12,"net_music_list:music_list":9,"theatrical:pipe":16,"minecraft:bow":5,"netmusic:computer":2,"theatrical:basic_lighting_desk":27,"webdisplays:linker":3,"brewery:half_chicken":21,"minecraft:damaged_anvil":21,"xercapaint:item_canvas":1,"theatrical:led_panel":4,"theatrical:truss":659,"minecraft:dirt_path":45,"webdisplays:keyboard":3,"theatricalextralights:x8par_purple":1,"minecraft:oak_planks":306,"brewery:whiskey_cristelwalker":21,"theatrical:moving_wash":13,"supplementaries:sconce_lever":1,"minecraft:redstone_block":142,"brewery:beer_wheat":161,"theatrical:led_fresnel":6,"supplementaries:slingshot":14,"minecraft:white_wool":10,"theatricalextralights:moving500":3,"minecraft:sand":29,"theatricalextralights:moving_scan":50,"minecraft:tnt":20,"supplementaries:bomb":42,"refurbished_furniture:oak_light_ceiling_fan":1,"theatrical:moving_light":54,"minecraft:black_concrete_powder":20,"brewery:beer_nettle":10,"refurbished_furniture:computer":1,"netmusic:cd_burner":1,"brewery:whiskey_lilitusinglemalt":8,"minecraft:black_terracotta":5,"refurbished_furniture:dark_electricity_generator":1,"minecraft:lever":17,"minecraft:black_concrete":564,"supplementaries:relayer":9,"refurbished_furniture:black_lamp":1,"minecraft:black_wool":7,"supplementaries:bellows":6,"theatrical:tank_trap":5,"theatricalextralights:par1000_white":1,"minecraft:command_block":5,"minecraft:oak_button":2,"webdisplays:redctrl":72,"xercapaint:item_canvas_large":32,"theatricalextralights:blinder_warm":1,"supplementaries:cannon":1,"net_music_list:ender_music_player":3,"refurbished_furniture:spruce_table":12,"refurbished_furniture:light_electricity_generator":15,"brewery:beer_mug":1,"refurbished_furniture:workbench":3,"minecraft:stripped_oak_wood":2,"theatrical:redstone_interface":13,"refurbished_furniture:black_bath":8,"minecraft:gray_wool":1,"supplementaries:soap":2,"webdisplays:screen":27,"minecraft:splash_potion":505,"minecraft:birch_stairs":1},"minecraft:picked_up":{"minecraft:redstone_block":1,"minecraft:splash_potion":1,"minecraft:ladder":1,"brewery:fried_chicken":1,"supplementaries:bomb_blue":128,"minecraft:oak_stairs":1,"webdisplays:server":1,"netmusic:music_player":1,"webdisplays:upgrade_gps":1,"supplementaries:cog_block":2,"minecraft:spruce_planks":2,"brewery:whiskey_cristelwalker":4,"minecraft:chest":2,"minecraft:coal_block":64,"supplementaries:speaker_block":1,"theatricalextralights:strobe":1,"brewery:whiskey_jojannik":4,"net_music_list:music_list":15,"minecraft:trident":1,"minecraft:redstone":135,"minecraft:dark_oak_planks":1,"theatricalextralights:followspot":1,"minecraft:command_block":6,"brewery:whiskey_lilitusinglemalt":1,"theatricalextralights:sharplus":1,"minecraft:white_wool":1,"theatrical:basic_lighting_desk":1,"brewery:beer_nettle":5,"brewery:beer_haley":2,"supplementaries:soap":65,"webdisplays:craftcomp_peripheral":1,"net_music_list:manual":1,"brewery:beer_wheat":21,"xercapaint:item_canvas":1,"minecraft:oak_planks":2,"brewery:beer_hops":3,"webdisplays:craftcomp_batpack":1,"xercapaint:item_canvas_large":7,"supplementaries:confetti_popper":1,"minecraft:stripped_spruce_log":1,"xercapaint:item_palette":1,"netmusic:music_cd":132,"minecraft:grass_block":2,"xercapaint:item_canvas_long":2,"webdisplays:laserpointer":1,"theatrical:redstone_interface":1,"supplementaries:bubble_blower":3,"theatrical:truss":69,"minecraft:oak_button":1,"minecraft:damaged_anvil":1},"minecraft:crafted":{"supplementaries:bubble_blower":1},"minecraft:dropped":{"webdisplays:laserpointer":2,"netmusic:music_cd":4,"xercapaint:item_canvas":1,"supplementaries:speaker_block":1,"net_music_list:music_list":13,"webdisplays:upgrade_gps":2,"minecraft:spectral_arrow":1,"xercapaint:item_canvas_long":3,"minecraft:grass_block":1,"webdisplays:server":1,"supplementaries:bomb_blue":256,"minecraft:brown_terracotta":1,"webdisplays:craftcomp_peripheral":2,"supplementaries:altimeter":1,"minecraft:stripped_oak_wood":1,"xercapaint:item_palette":1,"minecraft:dark_oak_planks":1,"minecraft:white_wool":1,"net_music_list:manual":1,"minecraft:redstone":64,"webdisplays:craftcomp_batpack":2,"xercapaint:item_easel":1,"supplementaries:cog_block":1,"brewery:fried_chicken":1,"minecraft:damaged_anvil":1,"xercapaint:item_canvas_large":7,"supplementaries:soap":1,"theatrical:truss":65,"minecraft:spruce_planks":1,"refurbished_furniture:meatlovers_pizza_slice":1,"refurbished_furniture:white_sofa":1,"refurbished_furniture:knife":1,"supplementaries:bubble_blower":2,"minecraft:bow":1,"minecraft:splash_potion":1,"refurbished_furniture:orange_sofa":1},"minecraft:killed":{"minecraft:iron_golem":1,"minecraft:wandering_trader":1,"minecraft:villager":8}},"DataVersion":3465}