{"stats":{"minecraft:custom":{"minecraft:time_since_rest":194330,"minecraft:sprint_one_cm":141257,"minecraft:damage_taken":2080,"minecraft:walk_one_cm":537203,"minecraft:mob_kills":1,"minecraft:drop":21,"minecraft:inspect_hopper":7,"minecraft:damage_dealt":200,"minecraft:fly_one_cm":4388932,"minecraft:open_chest":3,"minecraft:crouch_one_cm":9304,"minecraft:play_time":1000677,"minecraft:open_shulker_box":19,"minecraft:deaths":4,"minecraft:sneak_time":24576,"minecraft:jump":2117,"minecraft:leave_game":7,"minecraft:time_since_death":194301,"minecraft:sleep_in_bed":1,"minecraft:climb_one_cm":3432,"minecraft:total_world_time":1000677,"minecraft:fall_one_cm":24917,"minecraft:inspect_dispenser":18},"minecraft:used":{"minecraft:dark_oak_planks":163,"minecraft:redstone_torch":15,"minecraft:sea_lantern":853,"webdisplays:linker":19,"minecraft:oak_fence":92,"supplementaries:cog_block":3,"minecraft:dark_oak_stairs":27,"minecraft:lever":2,"webdisplays:rctrl":5,"theatricalextralights:moving_vl2c":2,"theatrical:truss":2149,"webdisplays:keyboard":2,"minecraft:slime_block":23,"minecraft:ladder":45,"minecraft:barrier":5,"minecraft:iron_block":89,"minecraft:spruce_slab":16,"minecraft:cyan_bed":2,"minecraft:redstone":10,"minecraft:stone_button":5,"webdisplays:server":1,"minecraft:chest":2,"minecraft:spruce_planks":205,"minecraft:sandstone":3,"minecraft:redstone_block":1,"supplementaries:speaker_block":263,"theatricalextralights:moving_vl6":1,"minecraft:repeater":2,"minecraft:dirt":54,"minecraft:sand":51,"minecraft:light_blue_concrete_powder":27,"minecraft:iron_trapdoor":4,"theatrical:redstone_interface":12,"minecraft:chain":102,"netmusic:computer":1,"minecraft:oak_trapdoor":1,"theatrical:moving_light":34,"theatricalextralights:strobe":97,"minecraft:white_concrete":34,"theatrical:basic_lighting_desk":5,"minecraft:gray_wool":818,"webdisplays:screencfg":4,"minecraft:end_rod":38,"minecraft:stripped_spruce_log":106,"webdisplays:screen":457,"minecraft:smooth_stone":79,"minecraft:brown_terracotta":170,"netmusic:music_player":7,"netmusic:cd_burner":4,"minecraft:sticky_piston":3},"minecraft:picked_up":{"supplementaries:speaker_block":1,"theatricalextralights:moving_vl6":1,"net_music_list:music_list":1,"minecraft:sand":896,"minecraft:stripped_spruce_log":1,"netmusic:music_cd":28,"minecraft:redstone":4,"minecraft:light_blue_concrete_powder":126,"minecraft:firework_rocket":152,"minecraft:lever":2,"minecraft:iron_block":1,"minecraft:redstone_torch":7},"minecraft:dropped":{"minecraft:stripped_spruce_log":1,"supplementaries:speaker_block":1,"theatricalextralights:laser":1,"minecraft:sand":896,"minecraft:light_blue_concrete_powder":188,"minecraft:iron_block":1},"minecraft:killed":{"minecraft:wandering_trader":1}},"DataVersion":3465}