{"stats":{"minecraft:dropped":{"school:laboratory_chair":2,"yuushya:jack":2,"yuushya:ceiling_fan":1,"minecraft:quartz_block":32,"school:laboratory_desk":1,"minecraft:stone_bricks":1},"minecraft:mined":{"yuushya:tactile_paving":1},"minecraft:picked_up":{"yuushya:jack":2,"school:laboratory_chair":2,"school:laboratory_desk":1,"minecraft:quartz_block":31,"minecraft:stone_bricks":1,"yuushya:ceiling_fan":1,"minecraft:dirt":451,"school:alcohol_lamp":62,"yuushya:tactile_paving":1},"minecraft:custom":{"minecraft:time_since_rest":57606,"minecraft:crouch_one_cm":12045,"minecraft:sprint_one_cm":103114,"minecraft:play_time":57606,"minecraft:damage_taken":110,"minecraft:walk_one_cm":78856,"minecraft:sneak_time":5139,"minecraft:drop":39,"minecraft:jump":498,"minecraft:leave_game":3,"minecraft:time_since_death":57606,"minecraft:total_world_time":57606,"minecraft:fall_one_cm":4499,"minecraft:fly_one_cm":211099},"minecraft:used":{"yuushya:tactile_paving":1,"school:laboratory_chair":4,"school:laboratory_desk":3,"minecraft:dirt":422,"minecraft:sand":1,"yuushya:jack":2,"minecraft:quartz_block":135,"school:alcohol_lamp":420,"yuushya:ceiling_fan":5,"minecraft:stone_bricks":4}},"DataVersion":3465}