{"stats":{"minecraft:dropped":{"refurbished_furniture:oak_chair":2,"refurbished_furniture:oak_table":1,"minecraft:oak_slab":7,"netmusic:music_cd":5,"minecraft:oak_log":16,"minecraft:mossy_cobblestone":3,"minecraft:diamond":1,"minecraft:cyan_dye":1,"brewery:pork_knuckle":704,"minecraft:elytra":1,"minecraft:coal_block":1818,"minecraft:dirt":2,"minecraft:blue_dye":1,"farm_and_charm:farmers_bread":447,"minecraft:torch":2,"minecraft:yellow_dye":1,"minecraft:smooth_quartz":3,"minecraft:fire_charge":1,"minecraft:smooth_quartz_slab":1,"minecraft:oak_stairs":14,"minecraft:red_dye":1,"minecraft:black_concrete":3,"minecraft:paper":706,"minecraft:dark_oak_planks":1,"minecraft:gray_dye":1,"minecraft:end_crystal":1,"minecraft:redstone":1,"minecraft:anvil":1,"minecraft:brown_dye":1,"minecraft:lever":1,"minecraft:diamond_block":3,"minecraft:polished_andesite_slab":1,"webdisplays:screen":2,"brewery:half_chicken":1856,"minecraft:bowl":3,"minecraft:black_carpet":1,"minecraft:oak_planks":28,"farm_and_charm:dog_food":192,"minecraft:enchanted_golden_apple":66,"minecraft:white_candle":1,"minecraft:lime_dye":1,"brewery:fried_chicken":448,"brewery:brewery_banner":1,"minecraft:glass_pane":1,"minecraft:firework_star":710,"minecraft:light_blue_dye":1,"minecraft:gunpowder":551,"minecraft:netherite_block":2,"farm_and_charm:cooked_salmon":64,"minecraft:yellow_bed":2,"minecraft:hopper":4,"minecraft:chest":1,"minecraft:redstone_torch":1,"minecraft:painting":1,"minecraft:white_dye":255,"farm_and_charm:farmers_breakfast":1,"minecraft:scaffolding":423,"refurbished_furniture:television_remote":1,"minecraft:white_stained_glass":1,"refurbished_furniture:light_gray_sofa":4,"minecraft:black_wool":2,"minecraft:firework_rocket":330},"minecraft:mined":{"minecraft:sand":5},"minecraft:killed":{"minecraft:wandering_trader":1},"minecraft:picked_up":{"minecraft:lingering_potion":2,"minecraft:black_carpet":3,"minecraft:firework_star":511,"minecraft:splash_potion":1,"brewery:sausage":1,"refurbished_furniture:wrench":1,"brewery:fried_chicken":384,"refurbished_furniture:oak_chair":1,"minecraft:oak_stairs":23,"school:glass_door":1,"minecraft:oak_trapdoor":1,"school:blackconcretestair":1,"minecraft:pink_shulker_box":13,"netmusic:music_player":1,"xercapaint:item_canvas_tall":1,"minecraft:spruce_planks":1,"minecraft:redstone_torch":1,"refurbished_furniture:light_electricity_generator":1,"minecraft:ender_eye":257,"minecraft:enchanted_golden_apple":29,"minecraft:smooth_quartz":3,"minecraft:lectern":1,"minecraft:coal_block":1363,"xercapaint:item_easel":1,"webdisplays:screen":2,"minecraft:stone":1,"minecraft:oak_fence":1,"minecraft:torch":2,"minecraft:bowl":4,"net_music_list:music_list":2,"minecraft:fire_charge":39,"minecraft:white_dye":64,"minecraft:redstone":1,"minecraft:end_crystal":1,"brewery:half_chicken":1898,"minecraft:brown_dye":1,"minecraft:dark_oak_planks":1,"brewery:brewery_banner":2,"minecraft:blue_dye":1,"refurbished_furniture:television":14,"minecraft:white_terracotta":9,"minecraft:snowball":1,"minecraft:cobblestone":10,"theatrical:basic_lighting_desk":1,"minecraft:yellow_dye":1,"minecraft:oak_log":42,"candlelight:cooking_pan":1,"minecraft:yellow_bed":2,"minecraft:gunpowder":438,"minecraft:cobblestone_stairs":2,"brewery:beer_wheat":3,"xercapaint:item_canvas":4,"school:chalk_rf":1,"minecraft:dirt":195,"minecraft:paper":575,"brewery:breathalyzer":1,"school:ferule":1,"minecraft:light_blue_dye":1,"yuushya:audio_large_a_black_blindwall":1,"minecraft:oak_planks":37,"brewery:netherite_brewingstation":2,"minecraft:scaffolding":883,"minecraft:oak_slab":6,"brewery:pork_knuckle":320,"refurbished_furniture:recycle_bin":66,"xercapaint:item_canvas_large":4,"minecraft:sand":103,"netmusic:music_cd":157,"minecraft:diamond_block":3,"xercapaint:item_palette":1,"minecraft:mossy_cobblestone":6,"minecraft:netherite_block":2,"minecraft:lime_dye":1,"minecraft:firework_rocket":320,"minecraft:white_candle":1,"xercapaint:item_canvas_long":2,"refurbished_furniture:light_gray_sofa":3,"minecraft:black_concrete":2,"minecraft:lever":8,"webdisplays:minepad":1,"minecraft:oak_button":2,"minecraft:cyan_dye":1,"refurbished_furniture:bread_slice":2,"minecraft:terracotta":2,"minecraft:black_wool":1,"minecraft:hopper":2,"refurbished_furniture:television_remote":2,"minecraft:smooth_quartz_slab":1,"brewery:whiskey_smokey_reverie":65},"minecraft:custom":{"minecraft:mob_kills":1,"minecraft:interact_with_anvil":6,"minecraft:inspect_hopper":42,"minecraft:interact_with_crafting_table":10,"minecraft:open_shulker_box":34,"minecraft:leave_game":57,"minecraft:time_since_death":18575,"minecraft:climb_one_cm":2177,"minecraft:damage_resisted":144,"minecraft:sprint_one_cm":769159,"minecraft:walk_one_cm":2725994,"minecraft:drop":490,"minecraft:play_time":2308948,"minecraft:deaths":42,"minecraft:sneak_time":26623,"minecraft:jump":4702,"minecraft:walk_on_water_one_cm":4615,"minecraft:total_world_time":2308948,"minecraft:sleep_in_bed":3,"minecraft:time_since_rest":18658,"minecraft:damage_taken":32419,"minecraft:damage_absorbed":115240,"minecraft:damage_dealt":16,"minecraft:interact_with_beacon":36,"minecraft:fly_one_cm":6694732,"minecraft:open_chest":225,"minecraft:crouch_one_cm":19771,"minecraft:aviate_one_cm":2563807,"minecraft:fall_one_cm":322935,"minecraft:inspect_dispenser":17},"minecraft:used":{"brewery:pork_knuckle":133,"minecraft:oak_fence":12,"minecraft:oak_trapdoor":9,"minecraft:moss_carpet":3,"farm_and_charm:lamb_with_corn":20,"theatricalextralights:vl6000":1,"refurbished_furniture:light_gray_sofa":58,"minecraft:flint_and_steel":10,"brewery:mashed_potatoes":27,"minecraft:smooth_quartz_slab":193,"minecraft:carved_pumpkin":22,"minecraft:oak_sign":2,"minecraft:redstone":156,"minecraft:elytra":2,"minecraft:black_carpet":131,"school:outdoorslidingdoors_1":16,"xercapaint:item_easel":1,"minecraft:spruce_planks":53,"minecraft:chest":73,"refurbished_furniture:light_fridge":6,"brewery:netherite_brewingstation":10,"minecraft:stripped_jungle_wood":5,"brewery:breathalyzer":10,"school:tabletennistable":85,"brewery:fried_chicken":7,"minecraft:white_candle":34,"minecraft:orange_stained_glass":2,"minecraft:torch":5,"minecraft:dirt":291,"minecraft:soul_sand":29,"minecraft:anvil":26,"theatricalextralights:truss_3lights":1,"minecraft:hopper":41,"minecraft:blue_stained_glass":1,"theatricalextralights:source_four":2,"xercapaint:item_canvas_long":1,"minecraft:jungle_planks":1,"school:fitnesstreadmill":3,"refurbished_furniture:television":78,"minecraft:snowball":1204,"netmusic:music_player":37,"minecraft:oak_fence_gate":8,"minecraft:polished_diorite":75,"minecraft:birch_door":1,"minecraft:glass":316,"minecraft:dark_oak_planks":45,"refurbished_furniture:recycle_bin":16,"webdisplays:rctrl":9,"minecraft:lava_bucket":1,"brewery:brewery_banner":25,"school:spacewalker":1,"minecraft:yellow_stained_glass":35,"minecraft:iron_block":4,"minecraft:grass_block":677,"minecraft:oak_stairs":15,"minecraft:smooth_quartz":206,"minecraft:diorite_wall":32,"yuushya:audio_large_a_black_blindwall":7,"minecraft:item_frame":1,"minecraft:bedrock":63,"school:itmusthavebeen_optifinetodoit":18,"refurbished_furniture:bread_slice":6,"minecraft:repeater":17,"minecraft:redstone_lamp":243,"minecraft:black_stained_glass":147,"minecraft:scaffolding":6096,"minecraft:wolf_spawn_egg":624,"minecraft:goat_horn":1,"minecraft:white_stained_glass_pane":52,"minecraft:egg":278,"minecraft:dragon_head":1,"webdisplays:screencfg":3,"netmusic:computer":2,"minecraft:enchanted_golden_apple":867,"refurbished_furniture:oak_table":6,"theatrical:basic_lighting_desk":1,"minecraft:stripped_spruce_wood":13,"farm_and_charm:stuffed_chicken":5,"webdisplays:linker":76,"webdisplays:ownerthief":2,"minecraft:water_bucket":54,"brewery:half_chicken":27,"minecraft:diorite":6,"minecraft:end_rod":427,"xercapaint:item_canvas":15,"webdisplays:keyboard":3,"theatrical:truss":1,"minecraft:red_stained_glass":125,"minecraft:oak_planks":166,"minecraft:ender_pearl":48,"theatrical:moving_wash":1,"minecraft:magenta_stained_glass":1,"minecraft:beacon":80,"farm_and_charm:bacon_with_eggs":44,"brewery:beer_wheat":58,"minecraft:white_wool":38,"minecraft:sand":218,"minecraft:tnt":16,"minecraft:oak_slab":400,"minecraft:crafting_table":2,"minecraft:birch_sign":2,"school:broadcastcrew":8,"school:squattingurinal":9,"minecraft:polar_bear_spawn_egg":114,"minecraft:lingering_potion":1182,"minecraft:painting":9,"school:glass_door":15,"minecraft:piston":4,"brewery:whiskey_lilitusinglemalt":38,"minecraft:lightning_rod":1,"minecraft:cyan_stained_glass":1,"minecraft:purple_stained_glass":1,"minecraft:sticky_piston":1,"minecraft:redstone_torch":1,"minecraft:netherite_block":2091,"refurbished_furniture:dark_electricity_generator":7,"minecraft:lever":17,"minecraft:ender_eye":331,"minecraft:black_wool":428,"yuushya:inner_bed_14":1,"minecraft:black_concrete":4106,"school:rockerboardforchildren":2,"minecraft:firework_rocket":13888,"minecraft:string":3,"minecraft:oak_button":4,"xercapaint:item_canvas_large":16,"minecraft:polished_andesite_slab":2,"minecraft:pufferfish":1,"minecraft:coal_block":2,"brewery:whiskey_smokey_reverie":38,"minecraft:fire_charge":371,"yuushya:inner_bed_18":3,"school:tandempedaltrainer":1,"minecraft:pink_shulker_box":1,"refurbished_furniture:oak_chair":6,"minecraft:stripped_oak_log":2,"minecraft:splash_potion":465,"school:blackconcretestair":265,"theatrical:redstone_interface":4,"minecraft:white_stained_glass":7,"minecraft:diorite_slab":50,"minecraft:glass_pane":773,"minecraft:pink_stained_glass":6,"refurbished_furniture:black_bath":1,"minecraft:cobweb":12,"webdisplays:screen":2258,"minecraft:coarse_dirt":1,"minecraft:jukebox":1,"minecraft:experience_bottle":1155},"minecraft:crafted":{"minecraft:firework_star":17,"minecraft:firework_rocket":6}},"DataVersion":3465}