{"stats":{"minecraft:dropped":{"minecraft:dirt":320,"minecraft:stone":1,"minecraft:birch_fence":1,"yuushya:jack":2,"yuushya:ceiling_fan":1,"minecraft:quartz_block":32,"school:laboratory_chair":2,"minecraft:stone_bricks":1,"yuushya:traffic_sign_6":1,"minecraft:sand":1,"minecraft:bedrock":1,"school:laboratory_desk":1},"minecraft:mined":{"yuushya:tactile_paving":1,"school:alcohol_lamp":1},"minecraft:picked_up":{"yuushya:jack":2,"minecraft:dirt":478,"school:laboratory_desk":1,"school:laboratory_chair":2,"minecraft:quartz_block":31,"minecraft:stone_bricks":1,"yuushya:ceiling_fan":1,"yuushya:tactile_paving":1,"school:alcohol_lamp":63},"minecraft:custom":{"minecraft:time_since_rest":77628,"minecraft:sprint_one_cm":137964,"minecraft:damage_taken":110,"minecraft:walk_one_cm":144457,"minecraft:drop":112,"minecraft:fly_one_cm":351104,"minecraft:crouch_one_cm":12045,"minecraft:play_time":77628,"minecraft:sneak_time":5149,"minecraft:jump":665,"minecraft:leave_game":4,"minecraft:time_since_death":77628,"minecraft:total_world_time":77628,"minecraft:fall_one_cm":4499},"minecraft:used":{"minecraft:birch_fence":31,"school:laboratory_chair":4,"yuushya:tactile_paving":1,"minecraft:barrier":10,"minecraft:quartz_block":135,"yuushya:ceiling_fan":5,"minecraft:stone_bricks":4,"minecraft:bedrock":4,"school:laboratory_desk":3,"minecraft:dirt":909,"minecraft:sand":1,"yuushya:jack":2,"school:ironbars":2,"school:alcohol_lamp":589}},"DataVersion":3465}