{"stats":{"minecraft:dropped":{"theatricalextralights:moving_vl6":1,"minecraft:gray_stained_glass_pane":1,"net_music_list:music_list":1,"minecraft:stick":1,"minecraft:dirt":1},"minecraft:picked_up":{"yuushya:phone":1,"theatrical:configuration_card":1,"minecraft:dirt":58,"xercapaint:item_canvas":2,"yuushya:white_windows_0":1,"minecraft:apple":4,"yuushya:oak_windows_0":1,"minecraft:coal_block":62,"school:alcohol_lamp":2,"minecraft:stick":1,"school:laboratory_sugar":1,"net_music_list:music_list":3,"netmusic:music_cd":1,"yuushya:hakurei_reimu":1,"minecraft:gray_stained_glass_pane":1,"xercapaint:item_canvas_long":1,"minecraft:polished_diorite":1},"minecraft:custom":{"minecraft:open_shulker_box":6,"minecraft:interact_with_stonecutter":4,"minecraft:leave_game":10,"minecraft:time_since_death":1646676,"minecraft:climb_one_cm":176,"minecraft:time_since_rest":1646676,"minecraft:sprint_one_cm":24515,"minecraft:walk_one_cm":1370260,"minecraft:drop":5,"minecraft:fly_one_cm":7789122,"minecraft:open_chest":26,"minecraft:crouch_one_cm":599,"minecraft:play_time":1646676,"minecraft:sneak_time":12288,"minecraft:walk_under_water_one_cm":1345,"minecraft:jump":1729,"minecraft:walk_on_water_one_cm":453,"minecraft:total_world_time":1646676,"minecraft:inspect_dispenser":46},"minecraft:used":{"webdisplays:linker":4,"minecraft:dark_oak_stairs":40,"theatricalextralights:x8par_warm":1,"yuushya:freezer_":7,"yuushya:tall_work_light":4,"minecraft:end_rod":34,"minecraft:iron_bars":38,"theatrical:truss":1058,"minecraft:spruce_door":2,"minecraft:flint_and_steel":1,"yuushya:phone_egg_cobblestone":33,"yuushya:old_tv":1,"minecraft:smooth_quartz_slab":126,"minecraft:polished_andesite":655,"minecraft:oak_planks":193,"minecraft:oak_sign":8,"theatricalextralights:washlight":64,"minecraft:polished_diorite_slab":2,"yuushya:ceiling_cctv_camera":15,"minecraft:tinted_glass":20,"minecraft:chest":7,"minecraft:spruce_planks":159,"theatrical:moving_wash":1,"yuushya:audio_a_acacia_blindwall":17,"minecraft:stone":83,"refurbished_furniture:orange_sofa":6,"theatricalextralights:laser":8,"theatricalextralights:moving_vl6":15,"minecraft:smooth_quartz_stairs":276,"theatricalextralights:a2x2par64_white":3,"school:pcmc":1,"school:old_pc_gslc":3,"yuushya:air_conditioning_condenser":1,"minecraft:dirt":150,"theatricalextralights:beam_7r":17,"minecraft:rail":24,"theatricalextralights:truss_3lights":4,"minecraft:oak_slab":16,"yuushya:audio_large":1,"theatricalextralights:mac_vip":4,"yuushya:audio":1,"school:broadcastcrew":1,"minecraft:gray_concrete":588,"theatricalextralights:rgb_bar":2,"school:outdoorspeakers":1,"theatricalextralights:strobe":1,"minecraft:stripped_spruce_log":59,"yuushya:audio_large_a_acacia_blindwall":10,"minecraft:polished_diorite":198,"minecraft:oak_log":82,"minecraft:dark_oak_planks":103,"minecraft:glass":168,"minecraft:sticky_piston":1,"yuushya:oak_windows_0":2,"theatricalextralights:a2x2par64_blue":2,"minecraft:lever":10,"minecraft:sea_lantern":246,"minecraft:bricks":121,"minecraft:daylight_detector":5,"yuushya:phone":1,"minecraft:gray_stained_glass_pane":455,"theatricalextralights:par1000_white":1,"minecraft:command_block":4,"minecraft:lantern":10,"minecraft:grass_block":15,"yuushya:bicycle_gray_wool":1,"minecraft:brown_stained_glass":118,"minecraft:stone_button":4,"minecraft:polished_andesite_stairs":11,"school:seewo_bsod":1,"yuushya:street_light":5,"minecraft:dark_oak_slab":361,"minecraft:smooth_quartz":630,"refurbished_furniture:spruce_table":3,"minecraft:iron_door":5,"minecraft:diorite_wall":12,"minecraft:polished_andesite_slab":333,"minecraft:brown_stained_glass_pane":25,"net_music_list:music_list":3,"theatrical:pipe":17,"minecraft:iron_trapdoor":5,"yuushya:air_conditioner":1,"school:laboratory_sugar":3,"theatrical:redstone_interface":16,"minecraft:chain":3,"minecraft:glass_pane":115,"minecraft:smooth_stone_slab":148,"minecraft:white_concrete":896,"webdisplays:screencfg":3,"minecraft:gray_wool":359,"school:alcohol_lamp":17,"minecraft:smooth_stone":236,"webdisplays:screen":291,"theatrical:basic_lighting_desk":13,"refurbished_furniture:oak_chair":1,"refurbished_furniture:oak_table":352},"minecraft:crafted":{"yuushya:phone_egg_cobblestone":1,"yuushya:audio_large_a_acacia_blindwall":1,"yuushya:audio_a_acacia_blindwall":1}},"DataVersion":3465}