{"stats":{"minecraft:mined":{"school:tabletennistable":1},"minecraft:used":{"yuushya:utility_pole":103,"school:pcw_10":11,"school:ac_out":4,"minecraft:cherry_sapling":59,"minecraft:dispenser":65,"minecraft:ladder":25,"minecraft:oak_sign":8,"yuushya:ceiling_cctv_camera":351,"yuushya:traffic_sign_6":11,"xercapaint:item_easel":33,"minecraft:chest":29,"minecraft:stone":830,"minecraft:white_shulker_box":3,"yuushya:fire_extinguisher":4,"minecraft:bell":3,"minecraft:quartz_stairs":61,"school:tabletennistable":66,"school:desk":79,"brewery:fried_chicken":6,"school:ac_large_out":2,"refurbished_furniture:doorbell":1,"yuushya:black_tall_iron_fence_stairs_sym":1,"yuushya:road_light":54,"yuushya:white_windows_door":5,"school:fitnesstreadmill":21,"minecraft:pink_terracotta":7,"minecraft:acacia_sapling":1,"yuushya:tree_base":6,"school:pushandpullchalkboard_1":1,"school:pushandpullchalkboard_3":3,"yuushya:bicycle":1,"school:toiletdoors_mi":2,"minecraft:stripped_spruce_log":14,"yuushya:road_marking_3":5,"minecraft:glass":2,"yuushya:classical_white_door_top":4,"minecraft:packed_ice":4,"minecraft:lava_bucket":30,"school:spacewalker":6,"yuushya:road_marking_2":2,"minecraft:quartz_slab":57,"minecraft:grass_block":1031,"yuushya:bicycle_cyan_wool":45,"yuushya:coffee_machine":4,"minecraft:quartz_block":7328,"minecraft:tropical_fish_spawn_egg":10,"yuushya:traffic_sign_3":1,"yuushya:utility_pole_cross":3,"yuushya:truck_head_white":2,"minecraft:stone_bricks":1509,"minecraft:item_frame":6,"yuushya:vinyl_record_player":1,"minecraft:repeater":23,"minecraft:red_carpet":173,"minecraft:redstone_lamp":14,"minecraft:written_book":3,"yuushya:road_marking_7":225,"yuushya:form_trans_item":1994,"theatrical:basic_lighting_desk":19,"refurbished_furniture:oak_table":13,"candlelight:beef_wellington":8,"yuushya:pressure_cooker":3,"minecraft:spruce_door":2,"theatrical:truss":27,"yuushya:normal_truck":3,"yuushya:electric_motorcycle":26,"minecraft:ender_pearl":64,"yuushya:pigment_bucket":62,"minecraft:redstone_block":3,"minecraft:white_wool":88,"yuushya:octagon_pavilion":1,"school:classroomdoors":12,"minecraft:sand":2,"yuushya:dining_truck":2,"yuushya:chair_yellow_concrete":18,"yuushya:frying_pan":4,"minecraft:blue_ice":4,"school:squattingurinal":3,"minecraft:lingering_potion":909,"school:broadcastcrew":5,"yuushya:toilet":63,"yuushya:public_toilet_sign_woman":21,"candlelight:lasagne":7,"school:seewo":38,"school:tall_wall":100,"school:restaurantexhausthood":6,"minecraft:sticky_piston":19,"yuushya:white_windows_0":327,"school:smallwindows_1":14,"minecraft:lever":55,"minecraft:green_concrete":126,"minecraft:black_concrete":391,"minecraft:firework_rocket":2245,"minecraft:daylight_detector":3,"yuushya:cctv_camera":1,"yuushya:road_marking_5":15,"yuushya:power_distributor":2,"minecraft:barrier":55,"refurbished_furniture:birch_table":148,"yuushya:park_stool_light_gray_concrete":4,"minecraft:oak_pressure_plate":3,"minecraft:polished_andesite_slab":11,"minecraft:fire_charge":1,"school:highspeedrailrailings":273,"yuushya:air_conditioner_sym":2,"yuushya:hanzi_banner_1":26,"yuushya:basketball_hoop_head":7,"theatrical:redstone_interface":5,"school:classroom_light":6,"minecraft:ice":4,"minecraft:oak_boat":1,"minecraft:white_concrete":272,"yuushya:public_toilet_sign_man":16,"minecraft:oak_hanging_sign":2,"minecraft:bone_meal":710,"yuushya:sorted_bottle":5,"brewery:pork_knuckle":9,"minecraft:oak_fence":1,"school:podium":14,"minecraft:iron_bars":211,"minecraft:flint_and_steel":3,"brewery:mashed_potatoes":7,"minecraft:red_concrete":534,"minecraft:redstone":204,"yuushya:car_yellow_part_b":1,"minecraft:spruce_planks":69,"yuushya:recycle_bin_1":4,"yuushya:blackboard":3,"yuushya:car_yellow_part_a":2,"yuushya:ceiling_fan":96,"school:acina":15,"yuushya:car_blue_part_a":3,"minecraft:torch":14,"school:black_board_light":5,"minecraft:anvil":26,"minecraft:spyglass":2,"minecraft:ancient_debris":16,"yuushya:park_stool":1,"minecraft:white_carpet":455,"school:chair":128,"yuushya:horizontal_utility_pole":40,"minecraft:stone_stairs":39,"brewery:dumplings":7,"refurbished_furniture:television":4,"candlelight:tomato_mozzarella_salad":6,"minecraft:salmon_bucket":12,"school:outdoorspeakers":11,"theatricalextralights:strobe":131,"netmusic:music_player":16,"minecraft:dark_oak_planks":940,"minecraft:sea_lantern":2,"yuushya:gas_stove_block":10,"school:greytallwall":35,"minecraft:bookshelf":12,"school:minislidingwindow":6,"yuushya:cold_juice_dispenser":4,"minecraft:iron_block":34,"school:seewo_bsod":149,"minecraft:chicken_spawn_egg":613,"yuushya:knife_rest":5,"yuushya:car_blue_part_b":3,"school:deskwithdesktopcomputer":59,"minecraft:smooth_quartz":217,"school:laboratory_light":102,"school:strip_chandelier":84,"minecraft:iron_trapdoor":7,"school:tall_wall_corner":2,"minecraft:salmon_spawn_egg":11,"minecraft:stone_pressure_plate":2,"minecraft:observer":12,"minecraft:cherry_log":1,"school:top_lamp":1,"minecraft:quartz_bricks":1,"minecraft:water_bucket":145,"brewery:half_chicken":7,"xercapaint:item_canvas":4,"yuushya:black_windows_door_slide":36,"school:schooltables":187,"yuushya:traffic_sign_16":7,"yuushya:casserole_0":3,"brewery:beer_wheat":24,"school:blacktallwallcorner":5,"yuushya:car_white_part_a":20,"yuushya:road_marking_0":539,"minecraft:oak_slab":9,"minecraft:tnt":363,"minecraft:birch_sign":13,"minecraft:sculk_shrieker":10,"yuushya:seasoning_box":9,"school:largeslidingwindow":6,"minecraft:painting":2,"school:glass_door":18,"school:slantaircondition":5,"minecraft:piston":1,"minecraft:netherite_block":231,"minecraft:light":158,"yuushya:sakura_tree":2,"school:rockerboardforchildren":16,"school:window_old_up_single":6,"minecraft:command_block":6,"minecraft:oak_button":13,"yuushya:road_marking_1":156,"yuushya:drain":10,"school:black_board":2,"yuushya:monobloc":1,"yuushya:traffic_lights_0":2,"yuushya:car_white_part_b":11,"school:tandempedaltrainer":10,"minecraft:glass_pane":21,"minecraft:repeating_command_block":50,"yuushya:sakura_tree_small":2,"school:window_white_up":12,"school:fluorescentlamps":26,"brewery:whiskey_highland_hearth":6,"minecraft:splash_potion":441,"candlelight:tool_rack":5,"minecraft:jukebox":1,"webdisplays:screen":29,"candlelight:pork_ribs":10},"minecraft:killed":{"minecraft:wandering_trader":2},"minecraft:crafted":{"yuushya:bicycle_cyan_wool":1,"yuushya:black_tall_iron_fence_stairs_sym":4,"yuushya:park_stool_light_gray_concrete":1},"minecraft:picked_up":{"yuushya:cctv_camera":2,"yuushya:road_light":3,"yuushya:horizontal_utility_pole":1,"school:chalk_smg":1,"minecraft:oak_sign":2,"netmusic:music_player":1,"minecraft:written_book":6,"school:laboratory_light":1,"yuushya:road_marking_7":1,"yuushya:road_marking_5":1,"minecraft:stick":3,"minecraft:torch":19,"yuushya:head_bucket":1,"yuushya:toilet":1,"minecraft:quartz_block":140,"minecraft:salmon_bucket":1,"school:podium":1,"minecraft:iron_bars":2,"yuushya:road_marking_2":1,"theatrical:basic_lighting_desk":1,"minecraft:barrier":1,"school:strip_chandelier":2,"minecraft:dirt":133,"yuushya:black_windows_door_slide":1,"school:fluorescentlamps":1,"minecraft:wheat_seeds":18,"minecraft:bell":2,"school:restaurantexhausthood":1,"yuushya:road_marking_3":1,"yuushya:oak_tall_door":2,"farm_and_charm:pasta_with_onion_sauce":64,"yuushya:villa_0":1,"minecraft:oak_pressure_plate":1,"minecraft:sand":2,"school:tandempedaltrainer":1,"minecraft:diamond_block":129,"yuushya:hanzi_banner_1":1,"minecraft:lever":8,"minecraft:white_concrete":1,"school:spacewalker":1,"school:highspeedrailrailings":1,"school:pcw_10":1,"yuushya:road_marking_4":1,"school:seewo_bsod":1,"refurbished_furniture:wrench":2,"yuushya:form_trans_item":1,"yuushya:jungle_tall_door":6,"minecraft:white_carpet":275,"school:tabletennistable":4,"xercapaint:item_easel":1,"minecraft:stone":3,"minecraft:carrot":8,"minecraft:redstone":19,"minecraft:dark_oak_planks":1,"minecraft:tnt":327,"minecraft:repeating_command_block":2,"minecraft:beetroot_seeds":1,"minecraft:white_shulker_box":1,"school:chair":1,"yuushya:ceiling_cctv_camera":2,"school:desk":1,"brewery:beer_wheat":1,"xercapaint:item_canvas":5,"minecraft:red_carpet":5,"minecraft:stone_bricks":59,"brewery:whiskey_highland_hearth":1,"yuushya:road_marking_1":1,"yuushya:traffic_lights_0":1,"minecraft:daylight_detector":1,"yuushya:butterfly":1,"school:fitnesstreadmill":1,"yuushya:office_chair_decorative_orange_wool":1,"netmusic:music_cd":56,"xercapaint:item_palette":1,"yuushya:utility_pole":1,"minecraft:spruce_door":1,"minecraft:sea_lantern":1,"school:top_lamp":1,"school:rockerboardforchildren":1,"school:outdoorspeakers":2,"minecraft:oak_button":2,"yuushya:road_marking_0":1,"minecraft:ender_pearl":1},"minecraft:custom":{"minecraft:open_shulker_box":5,"minecraft:bell_ring":275,"minecraft:leave_game":42,"minecraft:time_since_death":69967,"minecraft:sprint_one_cm":1426756,"minecraft:drop":232,"minecraft:talked_to_villager":5,"minecraft:play_time":1533838,"minecraft:deaths":41,"minecraft:jump":5682,"minecraft:walk_on_water_one_cm":26637,"minecraft:sleep_in_bed":1,"minecraft:crouch_one_cm":1395185,"minecraft:inspect_dispenser":74,"minecraft:mob_kills":2,"minecraft:interact_with_anvil":1,"minecraft:climb_one_cm":180,"minecraft:walk_one_cm":3971119,"minecraft:sneak_time":32277,"minecraft:walk_under_water_one_cm":29427,"minecraft:boat_one_cm":12825,"minecraft:total_world_time":1533838,"minecraft:interact_with_stonecutter":3,"minecraft:time_since_rest":70023,"minecraft:damage_taken":11560,"minecraft:swim_one_cm":3200,"minecraft:fly_one_cm":8540690,"minecraft:open_chest":4,"minecraft:aviate_one_cm":1127982,"minecraft:fall_one_cm":111543},"minecraft:dropped":{"minecraft:daylight_detector":1,"minecraft:repeating_command_block":3,"minecraft:piston":1,"school:ac_large_out":1,"minecraft:ender_pearl":2,"yuushya:utility_pole":1,"yuushya:horizontal_utility_pole":1,"school:chalk_cannon":1,"school:spacewalker":2,"school:desk":1,"brewery:brewfest_dress":1,"school:fitnesstreadmill":2,"yuushya:ceiling_cctv_camera":1,"minecraft:red_carpet":5,"yuushya:tree_base":1,"minecraft:dirt":64,"refurbished_furniture:wrench":2,"yuushya:road_light":3,"minecraft:salmon_spawn_egg":1,"school:tabletennistable":5,"minecraft:bone_meal":1,"minecraft:tropical_fish_spawn_egg":1,"minecraft:black_concrete":1,"yuushya:form_trans_item":2,"minecraft:dark_oak_planks":1,"school:seewo":1,"school:codeforstudents":1,"school:chair":2,"minecraft:lever":5,"minecraft:diamond_block":769,"school:restaurantexhausthood":1,"minecraft:birch_sapling":1,"school:seewo_bsod":1,"yuushya:recycle_bin_1":1,"school:podium":2,"minecraft:sea_lantern":1,"yuushya:road_marking_3":2,"yuushya:road_marking_2":1,"yuushya:traffic_sign_16":1,"minecraft:quartz_block":8,"minecraft:cod_bucket":1,"minecraft:iron_bars":2,"minecraft:written_book":3,"minecraft:splash_potion":1,"minecraft:firework_rocket":1,"minecraft:water_bucket":2,"netmusic:music_cd":20,"minecraft:cherry_log":1,"minecraft:tnt":327,"school:largeslidingwindow":1,"minecraft:barrier":1,"minecraft:salmon_bucket":2,"yuushya:road_marking_0":2,"minecraft:grass_block":3,"school:rockerboardforchildren":1,"minecraft:stick":2,"yuushya:chair_yellow_concrete":1,"yuushya:traffic_lights_0":1,"school:strip_chandelier":2,"yuushya:road_marking_4":1,"yuushya:road_marking_5":1,"yuushya:air_conditioner_sym":1,"minecraft:white_concrete":1,"school:laboratory_light":2,"school:classroomdoors":1,"yuushya:hanzi_banner_1":2,"yuushya:road_marking_1":2,"school:broadcastcrew":1,"minecraft:redstone":8,"school:black_board_light":1,"yuushya:utility_pole_cross":1,"school:highspeedrailrailings":2,"netmusic:music_player":2,"school:glass_door":1,"refurbished_furniture:television":1,"minecraft:white_carpet":64,"minecraft:green_concrete":1,"yuushya:cctv_camera":1,"school:pcw_10":1,"minecraft:light":192,"school:pushandpullchalkboard_1":1,"school:chalk_smg":2,"minecraft:stone":3,"minecraft:oak_button":2,"minecraft:quartz_stairs":1,"minecraft:oak_boat":1,"farm_and_charm:pasta_with_onion_sauce":64,"minecraft:stone_bricks":3,"minecraft:birch_sign":1,"yuushya:black_windows_door_slide":2,"yuushya:road_marking_7":1,"minecraft:bell":1,"theatrical:basic_lighting_desk":1,"school:tandempedaltrainer":1}},"DataVersion":3465}