{"stats":{"minecraft:mined":{"yuushya:cat_lover_gift_box":1,"yuushya:jellie":1},"minecraft:used":{"brewery:dark_brew":29,"minecraft:oak_fence":14,"minecraft:trident":5,"minecraft:netherite_sword":3,"minecraft:jack_o_lantern":1,"minecraft:purple_candle":4,"yuushya:black_cat":1,"minecraft:flint_and_steel":96,"brewery:mashed_potatoes":3,"candlelight:glass":1,"minecraft:redstone":8,"minecraft:elytra":1,"minecraft:ladder":5,"yuushya:gas_stove":1,"xercapaint:item_easel":16,"minecraft:spruce_planks":335,"yuushya:guitar":2,"minecraft:chest":4,"brewery:netherite_brewingstation":10,"brewery:breathalyzer":7,"minecraft:stripped_birch_wood":7,"brewery:fried_chicken":5,"minecraft:spruce_leaves":692,"brewery:beer_hops":4,"minecraft:anvil":2,"refurbished_furniture:white_sofa":4,"farm_and_charm:tool_rack":1,"candlelight:table_set":3,"yuushya:tanghulu_tree":2,"brewery:dumplings":9,"farm_and_charm:carrot_bag":1,"refurbished_furniture:television":10,"brewery:whiskey_carrasconlabel":8,"minecraft:snowball":135,"minecraft:stripped_spruce_log":616,"netmusic:music_player":1,"minecraft:shroomlight":6,"yuushya:steel_pot":1,"yuushya:gas_stove_block":3,"yuushya:sorted_milk":5,"minecraft:dark_oak_planks":87,"refurbished_furniture:recycle_bin":4,"chinacraft:qing_dynasty_zombie_spawn_egg":1,"brewery:table":28,"chinacraft:chinese_garden_dog_spawn_egg":2,"minecraft:sea_lantern":4,"brewery:brewery_banner":11,"minecraft:lava_bucket":1,"farm_and_charm:mincer":1,"chinacraft:moon_cake":3,"yuushya:black_bow_gift_box_light_blue_concrete":2,"minecraft:lime_banner":9,"farm_and_charm:window_sill":2,"brewery:bar_counter":18,"yuushya:cold_juice_dispenser":1,"yuushya:piano_black_concrete":1,"minecraft:red_wool":3,"minecraft:filled_map":1,"minecraft:lantern":4,"minecraft:grass_block":10,"brewery:brewfest_hat":1,"brewery:beer_barley":7,"yuushya:coffee_machine":2,"refurbished_furniture:light_microwave":1,"yuushya:knife_rest":2,"candlelight:painting":5,"minecraft:red_candle":22,"refurbished_furniture:cyan_trampoline":6,"minecraft:tropical_fish_spawn_egg":1,"yuushya:food_gift_box":3,"refurbished_furniture:spruce_chair":36,"minecraft:item_frame":7,"brewery:beer_haley":18,"yuushya:blender":1,"minecraft:glowstone":10,"brewery:whiskey_jojannik":6,"brewery:brewfest_hat_red":1,"minecraft:bow":40,"minecraft:snow":127,"brewery:wall_cabinet":10,"yuushya:beef_plate":1,"brewery:brewfest_regalia":1,"farm_and_charm:silo_copper":1,"brewery:pretzel":1,"school:student_milk":5,"yuushya:ragdoll":1,"minecraft:egg":1,"yuushya:white_cat":1,"brewery:whiskey_jamesons_malt":6,"minecraft:pearlescent_froglight":3,"candlelight:cooking_pot":1,"minecraft:stripped_spruce_wood":38,"minecraft:zoglin_spawn_egg":3,"yuushya:pressure_cooker":1,"webdisplays:linker":13,"brewery:beer_elemental_spawn_egg":9,"minecraft:yellow_banner":8,"yuushya:black_bow_gift_box_black_concrete":6,"brewery:half_chicken":4,"minecraft:end_rod":26,"minecraft:leather_leggings":1,"brewery:potato_salad":1,"yuushya:cat_lover_gift_box":4,"yuushya:melon":2,"xercapaint:item_canvas":9,"yuushya:jellie":2,"webdisplays:keyboard":3,"minecraft:snow_block":262,"farm_and_charm:scarecrow":6,"minecraft:lime_wool":3,"brewery:whiskey_cristelwalker":5,"xercapaint:item_canvas_tall":2,"minecraft:leather_chestplate":1,"minecraft:redstone_block":5,"refurbished_furniture:oak_toilet":1,"yuushya:casserole_0":1,"minecraft:leather_boots":1,"brewery:beer_wheat":3,"minecraft:glow_item_frame":1,"brewery:barrel_main":8,"brewery:brewfest_dress":1,"yuushya:idol_gift_box":4,"candlelight:table_bowl":3,"brewery:brewfest_shoes":1,"minecraft:sand":4,"brewery:whiskey_maggoallan":4,"yuushya:businessman_gift_box":2,"minecraft:crafting_table":2,"minecraft:oak_slab":56,"minecraft:loom":1,"refurbished_furniture:warped_chair":7,"refurbished_furniture:oak_light_ceiling_fan":1,"minecraft:yellow_stained_glass_pane":4,"minecraft:campfire":1,"minecraft:ochre_froglight":57,"brewery:beer_nettle":5,"minecraft:spruce_log":30,"brewery:whiskey_lilitusinglemalt":11,"netmusic:cd_burner":1,"minecraft:oak_log":1,"yuushya:oden_cooker":2,"minecraft:light_blue_candle":9,"minecraft:black_concrete":362,"minecraft:firework_rocket":200,"refurbished_furniture:birch_light_ceiling_fan":5,"brewery:patterned_carpet":59,"minecraft:light_gray_concrete":231,"minecraft:gray_stained_glass_pane":30,"minecraft:stone_button":1,"minecraft:map":1,"minecraft:verdant_froglight":5,"minecraft:oak_button":2,"refurbished_furniture:white_toilet":1,"yuushya:easel_with_canvas":2,"brewery:beer_oat":2,"xercapaint:item_canvas_large":24,"refurbished_furniture:light_electricity_generator":4,"brewery:whiskey_ak":6,"brewery:bench":9,"yuushya:siamese":1,"minecraft:yellow_wool":1,"yuushya:hanging_peking_roast_duck":5,"brewery:sideboard":1,"farm_and_charm:feeding_trough":1,"brewery:whiskey_smokey_reverie":10,"brewery:beer_mug":4,"minecraft:suspicious_gravel":2,"farm_and_charm:water_sprinkler":17,"minecraft:stripped_oak_wood":587,"minecraft:smithing_table":1,"minecraft:medium_amethyst_bud":5,"minecraft:red_banner":15,"yuushya:orange_cat":1,"yuushya:chopping_board":1,"brewery:whiskey_highland_hearth":1,"candlelight:tool_rack":2,"brewery:gingerbread":3,"brewery:drawer":5,"brewery:brewfest_trousers":1,"webdisplays:screen":215,"brewery:pork_knuckle":2},"minecraft:killed":{"minecraft:iron_golem":1,"minecraft:wandering_trader":1,"minecraft:villager":4},"minecraft:crafted":{"minecraft:leather_leggings":2,"minecraft:leather_boots":2,"yuushya:black_bow_gift_box_light_blue_concrete":1,"minecraft:leather_helmet":2,"minecraft:air":0,"minecraft:leather_chestplate":1,"yuushya:piano_black_concrete":1,"yuushya:black_bow_gift_box_black_concrete":1},"minecraft:picked_up":{"brewery:table":2,"minecraft:dolphin_spawn_egg":1,"minecraft:ladder":12,"chinacraft:moon_cake":1,"brewery:fried_chicken":1,"yuushya:jellie":2,"school:chalk_smg":1,"minecraft:item_frame":2,"netmusic:music_player":1,"minecraft:netherite_sword":1,"xercapaint:item_canvas_tall":6,"minecraft:spruce_planks":2,"brewery:barrel_main":1,"brewery:whiskey_cristelwalker":1,"minecraft:coal_block":108,"xercapaint:item_easel":1,"school:student_milk":1,"minecraft:stick":97,"yuushya:casserole_1":1,"minecraft:stone_button":1,"yuushya:gas_stove_block":1,"minecraft:trident":2,"minecraft:carrot":2,"farm_and_charm:lamb_ham":64,"minecraft:dark_oak_planks":2,"minecraft:gray_stained_glass_pane":1,"minecraft:yellow_banner":3,"brewery:whiskey_lilitusinglemalt":2,"yuushya:ragdoll":1,"brewery:brewery_banner":2,"refurbished_furniture:television":2,"yuushya:calico":3,"brewery:beer_haley":1,"brewery:rope":1,"minecraft:ochre_froglight":2,"yuushya:steel_pot":1,"candlelight:cooking_pan":1,"minecraft:gunpowder":192,"brewery:beer_wheat":4,"xercapaint:item_canvas":12,"yuushya:pressure_cooker":1,"brewery:whiskey_carrasconlabel":1,"yuushya:orange_cat":1,"brewery:breathalyzer":2,"minecraft:wheat_seeds":2,"minecraft:stripped_oak_wood":2,"yuushya:casserole_0":1,"yuushya:siamese":1,"yuushya:gas_stove":1,"brewery:pork_knuckle":1,"webdisplays:keyboard":2,"refurbished_furniture:recycle_bin":1,"xercapaint:item_canvas_large":11,"minecraft:sand":64,"webdisplays:upgrade_lasermouse":2,"candlelight:cooking_pot":1,"minecraft:stripped_spruce_log":1,"minecraft:red_banner":1,"yuushya:white_cat":2,"minecraft:grass_block":1,"netmusic:music_cd":10,"yuushya:black_cat":1,"minecraft:light_gray_concrete":2,"xercapaint:item_canvas_long":1,"webdisplays:linker":2,"webdisplays:laserpointer":2,"yuushya:frying_pan":1,"brewery:whiskey_smokey_reverie":1},"minecraft:custom":{"minecraft:interact_with_smithing_table":2,"minecraft:mob_kills":6,"minecraft:interact_with_anvil":1,"minecraft:interact_with_crafting_table":3,"minecraft:open_shulker_box":5,"minecraft:leave_game":9,"minecraft:time_since_death":5155,"minecraft:climb_one_cm":3680,"minecraft:sprint_one_cm":363438,"minecraft:walk_one_cm":862404,"minecraft:drop":186,"minecraft:talked_to_villager":8,"minecraft:play_time":540241,"minecraft:deaths":2,"minecraft:sneak_time":7983,"minecraft:jump":2568,"minecraft:total_world_time":540241,"minecraft:interact_with_loom":2,"minecraft:interact_with_stonecutter":5,"minecraft:time_since_rest":5202,"minecraft:damage_taken":260,"minecraft:damage_dealt":288,"minecraft:fly_one_cm":2645907,"minecraft:open_chest":11,"minecraft:crouch_one_cm":12457,"minecraft:aviate_one_cm":1183744,"minecraft:fall_one_cm":3327,"minecraft:inspect_dispenser":6},"minecraft:dropped":{"webdisplays:laserpointer":2,"minecraft:wheat_seeds":2,"netmusic:music_cd":1,"minecraft:gray_stained_glass_pane":1,"brewery:breathalyzer":2,"xercapaint:item_canvas":3,"chinacraft:fire_spell":1,"yuushya:white_cat":1,"minecraft:oak_fence":1,"webdisplays:linker":1,"brewery:beer_nettle":3,"school:piece_of_test_book":1,"minecraft:grass_block":5,"brewery:table":1,"minecraft:stick":2,"minecraft:item_frame":1,"refurbished_furniture:oak_toilet":1,"brewery:whiskey_lilitusinglemalt":3,"minecraft:sand":128,"minecraft:black_concrete":1,"minecraft:stripped_oak_wood":2,"minecraft:tropical_fish_spawn_egg":1,"minecraft:dark_oak_planks":2,"webdisplays:upgrade_lasermouse":1,"minecraft:snow_block":1,"brewery:sideboard":1,"webdisplays:screen":1,"refurbished_furniture:television":1,"minecraft:netherite_sword":2,"brewery:whiskey_cristelwalker":5,"brewery:whiskey_carrasconlabel":1,"brewery:fried_chicken":1,"xercapaint:item_canvas_large":1,"minecraft:light_gray_concrete":2,"brewery:brewery_banner":2,"chinacraft:moon_cake":1,"minecraft:carrot":2,"refurbished_furniture:light_electricity_generator":1,"brewery:beer_wheat":1,"minecraft:filled_map":2,"minecraft:snow":1,"school:chalk_smg":1,"brewery:whiskey_jojannik":3,"minecraft:spruce_planks":1,"minecraft:ochre_froglight":2,"minecraft:ladder":5,"minecraft:yellow_banner":1,"brewery:rope":2,"brewery:beer_hops":3,"webdisplays:keyboard":2,"xercapaint:item_canvas_tall":1,"yuushya:piano_black_concrete":1,"minecraft:egg":1}},"DataVersion":3465}