{"stats":{"minecraft:used":{"school:itmusthavebeen_optifinetodoit":2,"minecraft:spruce_planks":595,"minecraft:dirt":28,"minecraft:black_concrete":66,"minecraft:white_concrete":156,"minecraft:terracotta":1,"theatrical:truss":1079,"brewery:whiskey_carrasconlabel":1,"webdisplays:screen":732,"minecraft:stripped_spruce_log":387,"minecraft:grass_block":2,"refurbished_furniture:cheese_toastie":1},"minecraft:custom":{"minecraft:jump":331,"minecraft:time_since_rest":299722,"minecraft:crouch_one_cm":155,"minecraft:leave_game":4,"minecraft:play_time":299722,"minecraft:sprint_one_cm":52202,"minecraft:time_since_death":299722,"minecraft:walk_one_cm":345908,"minecraft:sneak_time":648,"minecraft:total_world_time":299722,"minecraft:fly_one_cm":1730593},"minecraft:picked_up":{"refurbished_furniture:wrench":1}},"DataVersion":3465}