{"stats":{"minecraft:picked_up":{"minecraft:stick":2,"refurbished_furniture:wrench":1,"minecraft:quartz_pillar":1},"minecraft:dropped":{"minecraft:quartz_pillar":1,"minecraft:stick":2},"minecraft:used":{"school:itmusthavebeen_optifinetodoit":2,"minecraft:black_concrete":66,"minecraft:dirt":28,"minecraft:terracotta":1,"theatrical:truss":1079,"minecraft:quartz_pillar":468,"minecraft:grass_block":3,"refurbished_furniture:cheese_toastie":1,"minecraft:spruce_planks":595,"minecraft:white_concrete":156,"minecraft:polished_granite":1,"brewery:whiskey_carrasconlabel":1,"webdisplays:screen":732,"minecraft:stripped_spruce_log":387},"minecraft:custom":{"minecraft:time_since_rest":489957,"minecraft:crouch_one_cm":155,"minecraft:sprint_one_cm":103560,"minecraft:play_time":489957,"minecraft:walk_one_cm":576562,"minecraft:sneak_time":781,"minecraft:drop":3,"minecraft:jump":624,"minecraft:leave_game":6,"minecraft:time_since_death":489957,"minecraft:total_world_time":489957,"minecraft:fly_one_cm":3461949}},"DataVersion":3465}