{"stats":{"minecraft:custom":{"minecraft:time_since_rest":158926,"minecraft:crouch_one_cm":82,"minecraft:sprint_one_cm":79592,"minecraft:play_time":158926,"minecraft:walk_one_cm":176140,"minecraft:sneak_time":727,"minecraft:drop":5,"minecraft:jump":1453,"minecraft:leave_game":1,"minecraft:time_since_death":158926,"minecraft:total_world_time":158926,"minecraft:fly_one_cm":362919},"minecraft:picked_up":{"minecraft:splash_potion":1,"theatrical:truss":64,"webdisplays:server":1,"netmusic:music_cd":1},"minecraft:used":{"theatrical:led_fresnel":1,"webdisplays:linker":3,"minecraft:black_terracotta":5,"webdisplays:rctrl":1,"minecraft:black_concrete":10,"minecraft:black_wool":4,"theatrical:tank_trap":4,"minecraft:dirt":3,"theatrical:led_panel":3,"theatrical:pipe":11,"theatrical:truss":133,"webdisplays:keyboard":3,"minecraft:oak_stairs":11,"minecraft:grass_block":13,"theatrical:redstone_interface":6,"minecraft:oak_planks":210,"webdisplays:server":30,"webdisplays:redctrl":72,"theatrical:moving_light":44,"theatrical:moving_wash":3,"minecraft:tinted_glass":75,"minecraft:black_concrete_powder":4,"refurbished_furniture:spruce_table":9,"webdisplays:screen":11,"theatrical:basic_lighting_desk":13,"minecraft:splash_potion":188,"minecraft:birch_stairs":1},"minecraft:dropped":{"theatrical:truss":65,"netmusic:music_cd":1,"minecraft:splash_potion":1,"webdisplays:server":1}},"DataVersion":3465}