{"stats":{"minecraft:custom":{"minecraft:time_since_rest":217864,"minecraft:open_chest":1,"minecraft:crouch_one_cm":746,"minecraft:sprint_one_cm":30149,"minecraft:play_time":217864,"minecraft:walk_one_cm":160037,"minecraft:sneak_time":2617,"minecraft:aviate_one_cm":744209,"minecraft:jump":349,"minecraft:leave_game":8,"minecraft:time_since_death":217864,"minecraft:total_world_time":217864,"minecraft:fly_one_cm":872874},"minecraft:used":{"minecraft:birch_door":1,"minecraft:item_frame":1,"minecraft:glass":153,"minecraft:white_wool":38,"minecraft:ender_eye":331,"minecraft:diorite":1,"minecraft:end_rod":13,"minecraft:firework_rocket":609,"minecraft:smooth_quartz_slab":64,"minecraft:elytra":1,"minecraft:smooth_quartz":79,"minecraft:diorite_wall":8,"minecraft:diorite_slab":50,"minecraft:polished_diorite":75,"minecraft:experience_bottle":305},"minecraft:picked_up":{"minecraft:ender_eye":257,"netmusic:music_cd":5}},"DataVersion":3465}