{"stats":{"minecraft:used":{"webdisplays:linker":17,"minecraft:oak_fence":71,"minecraft:brown_terracotta":170,"minecraft:dark_oak_stairs":27,"minecraft:dark_oak_planks":162,"webdisplays:rctrl":5,"theatricalextralights:moving_vl2c":2,"theatrical:truss":2146,"webdisplays:keyboard":2,"minecraft:spruce_slab":16,"webdisplays:server":1,"minecraft:spruce_planks":205,"minecraft:sandstone":3,"supplementaries:speaker_block":254,"theatricalextralights:moving_vl6":1,"minecraft:dirt":54,"minecraft:chain":102,"theatrical:moving_light":34,"minecraft:white_concrete":34,"minecraft:gray_wool":815,"webdisplays:screencfg":3,"netmusic:computer":1,"theatricalextralights:strobe":97,"webdisplays:screen":456,"theatrical:basic_lighting_desk":2,"minecraft:stripped_spruce_log":106,"netmusic:music_player":1},"minecraft:custom":{"minecraft:time_since_rest":509664,"minecraft:sprint_one_cm":7210,"minecraft:walk_one_cm":194811,"minecraft:mob_kills":1,"minecraft:drop":3,"minecraft:damage_dealt":200,"minecraft:fly_one_cm":2977989,"minecraft:open_chest":1,"minecraft:crouch_one_cm":6137,"minecraft:play_time":509664,"minecraft:sneak_time":16721,"minecraft:jump":285,"minecraft:leave_game":5,"minecraft:time_since_death":509664,"minecraft:total_world_time":509664,"minecraft:inspect_dispenser":2},"minecraft:picked_up":{"supplementaries:speaker_block":1,"theatricalextralights:moving_vl6":1,"minecraft:stripped_spruce_log":1,"netmusic:music_cd":4,"minecraft:firework_rocket":150},"minecraft:dropped":{"minecraft:stripped_spruce_log":1,"supplementaries:speaker_block":1,"theatricalextralights:laser":1},"minecraft:killed":{"minecraft:wandering_trader":1}},"DataVersion":3465}