{"stats":{"minecraft:custom":{"minecraft:time_since_rest":240928,"minecraft:sprint_one_cm":38292,"minecraft:walk_one_cm":150321,"minecraft:drop":1,"minecraft:play_record":1,"minecraft:fly_one_cm":750133,"minecraft:crouch_one_cm":1354,"minecraft:play_time":240928,"minecraft:sneak_time":3268,"minecraft:jump":325,"minecraft:leave_game":10,"minecraft:time_since_death":240928,"minecraft:total_world_time":240928},"minecraft:picked_up":{"brewery:beer_nettle":1,"supplementaries:music_disc_heave_ho":1,"webdisplays:craftcomp_batpack":1,"xercapaint:item_canvas_large":1,"netmusic:music_cd":4},"minecraft:used":{"theatricalextralights:x8par_red":8,"minecraft:redstone_torch":1,"webdisplays:linker":28,"minecraft:lever":6,"supplementaries:cog_block":7,"theatricalextralights:a2x2par64_red":5,"webdisplays:rctrl":9,"theatricalextralights:followspot":1,"minecraft:black_wool":50,"theatricalextralights:moving_vl2c":1,"theatrical:tank_trap":1,"theatrical:led_panel":3,"theatrical:truss":3,"webdisplays:keyboard":2,"theatricalextralights:moving_beam":1,"minecraft:grass_block":6,"minecraft:oak_planks":12,"webdisplays:server":1,"xercapaint:item_easel":1,"webdisplays:redctrl":2,"net_music_list:ender_music_player":1,"minecraft:redstone_block":2,"theatrical:led_fresnel":3,"minecraft:dirt":1,"theatrical:pipe":3,"supplementaries:music_disc_heave_ho":1,"theatrical:redstone_interface":2,"theatrical:moving_light":4,"webdisplays:screencfg":43,"brewery:beer_nettle":1,"webdisplays:screen":1777,"minecraft:jukebox":1,"theatrical:basic_lighting_desk":3,"netmusic:music_player":1,"netmusic:cd_burner":1},"minecraft:dropped":{"webdisplays:craftcomp_batpack":1}},"DataVersion":3465}