{"stats":{"minecraft:custom":{"minecraft:time_since_rest":145864,"minecraft:open_chest":1,"minecraft:crouch_one_cm":729,"minecraft:sprint_one_cm":27476,"minecraft:play_time":145864,"minecraft:walk_one_cm":155393,"minecraft:sneak_time":2170,"minecraft:aviate_one_cm":744209,"minecraft:jump":343,"minecraft:leave_game":8,"minecraft:time_since_death":145864,"minecraft:total_world_time":145864,"minecraft:fly_one_cm":797908},"minecraft:used":{"minecraft:birch_door":1,"minecraft:item_frame":1,"minecraft:glass":153,"minecraft:white_wool":26,"minecraft:ender_eye":331,"minecraft:diorite":1,"minecraft:firework_rocket":609,"minecraft:smooth_quartz_slab":43,"minecraft:elytra":1,"minecraft:polished_diorite":18,"minecraft:experience_bottle":305},"minecraft:picked_up":{"minecraft:ender_eye":257,"netmusic:music_cd":5}},"DataVersion":3465}