{"stats":{"minecraft:dropped":{"school:alcohol_lamp":1},"minecraft:picked_up":{"school:alcohol_lamp":2,"minecraft:dirt":23},"minecraft:custom":{"minecraft:jump":86,"minecraft:time_since_rest":46926,"minecraft:sprint_one_cm":33539,"minecraft:play_time":46926,"minecraft:time_since_death":46926,"minecraft:walk_one_cm":128583,"minecraft:sneak_time":119,"minecraft:total_world_time":46926,"minecraft:drop":1,"minecraft:fly_one_cm":276353},"minecraft:used":{"minecraft:sea_lantern":2,"yuushya:toilet":6,"school:alcohol_lamp":20,"refurbished_furniture:oak_table":14,"minecraft:grass_block":8}},"DataVersion":3465}