{"stats":{"minecraft:dropped":{"theatricalextralights:moving_vl6":1,"minecraft:gray_stained_glass_pane":1,"net_music_list:music_list":1,"minecraft:stick":1,"minecraft:dirt":1},"minecraft:picked_up":{"yuushya:phone":1,"theatrical:configuration_card":1,"minecraft:dirt":58,"xercapaint:item_canvas":2,"yuushya:white_windows_0":1,"minecraft:apple":4,"yuushya:oak_windows_0":1,"minecraft:coal_block":62,"school:alcohol_lamp":2,"minecraft:stick":1,"school:laboratory_sugar":1,"net_music_list:music_list":3,"netmusic:music_cd":1,"yuushya:hakurei_reimu":1,"minecraft:gray_stained_glass_pane":1,"xercapaint:item_canvas_long":1,"minecraft:polished_diorite":1},"minecraft:custom":{"minecraft:open_shulker_box":6,"minecraft:interact_with_stonecutter":4,"minecraft:leave_game":9,"minecraft:time_since_death":1605294,"minecraft:climb_one_cm":176,"minecraft:time_since_rest":1605294,"minecraft:sprint_one_cm":24487,"minecraft:walk_one_cm":1238944,"minecraft:drop":5,"minecraft:fly_one_cm":7328469,"minecraft:open_chest":22,"minecraft:crouch_one_cm":595,"minecraft:play_time":1605294,"minecraft:sneak_time":12032,"minecraft:walk_under_water_one_cm":1345,"minecraft:jump":1604,"minecraft:walk_on_water_one_cm":453,"minecraft:total_world_time":1605294,"minecraft:inspect_dispenser":46},"minecraft:used":{"webdisplays:linker":4,"theatricalextralights:x8par_warm":1,"yuushya:tall_work_light":4,"minecraft:end_rod":34,"minecraft:iron_bars":38,"theatrical:truss":1058,"minecraft:flint_and_steel":1,"yuushya:phone_egg_cobblestone":33,"minecraft:smooth_quartz_slab":126,"minecraft:polished_andesite":655,"minecraft:oak_planks":12,"theatricalextralights:washlight":64,"minecraft:oak_sign":4,"yuushya:ceiling_cctv_camera":15,"minecraft:polished_diorite_slab":2,"yuushya:audio_a_acacia_blindwall":11,"theatrical:moving_wash":1,"minecraft:spruce_planks":159,"minecraft:chest":7,"minecraft:tinted_glass":16,"minecraft:stone":82,"refurbished_furniture:orange_sofa":6,"theatricalextralights:laser":8,"theatricalextralights:moving_vl6":15,"minecraft:smooth_quartz_stairs":276,"theatricalextralights:a2x2par64_white":3,"school:old_pc_gslc":3,"minecraft:dirt":150,"theatricalextralights:beam_7r":17,"minecraft:rail":16,"theatricalextralights:truss_3lights":4,"yuushya:audio_large":1,"theatricalextralights:mac_vip":4,"yuushya:audio":1,"school:broadcastcrew":1,"minecraft:gray_concrete":588,"theatricalextralights:rgb_bar":2,"school:outdoorspeakers":1,"theatricalextralights:strobe":1,"yuushya:audio_large_a_acacia_blindwall":5,"minecraft:stripped_spruce_log":59,"minecraft:polished_diorite":198,"minecraft:sticky_piston":1,"minecraft:glass":168,"yuushya:oak_windows_0":2,"theatricalextralights:a2x2par64_blue":2,"minecraft:dark_oak_planks":103,"minecraft:lever":10,"minecraft:sea_lantern":246,"yuushya:phone":1,"minecraft:daylight_detector":5,"theatricalextralights:par1000_white":1,"minecraft:gray_stained_glass_pane":455,"minecraft:command_block":4,"minecraft:lantern":7,"minecraft:grass_block":15,"minecraft:brown_stained_glass":118,"minecraft:polished_andesite_stairs":7,"minecraft:stone_button":4,"school:seewo_bsod":1,"minecraft:smooth_quartz":390,"refurbished_furniture:spruce_table":3,"minecraft:iron_door":3,"minecraft:diorite_wall":12,"minecraft:polished_andesite_slab":287,"minecraft:brown_stained_glass_pane":25,"net_music_list:music_list":3,"theatrical:pipe":17,"minecraft:iron_trapdoor":4,"school:laboratory_sugar":3,"theatrical:redstone_interface":16,"minecraft:chain":3,"minecraft:glass_pane":115,"minecraft:smooth_stone_slab":145,"minecraft:white_concrete":896,"minecraft:gray_wool":359,"webdisplays:screencfg":3,"school:alcohol_lamp":17,"webdisplays:screen":291,"minecraft:smooth_stone":143,"theatrical:basic_lighting_desk":13,"refurbished_furniture:oak_table":340},"minecraft:crafted":{"yuushya:phone_egg_cobblestone":1,"yuushya:audio_large_a_acacia_blindwall":1,"yuushya:audio_a_acacia_blindwall":1}},"DataVersion":3465}