{"stats":{"minecraft:custom":{"minecraft:time_since_rest":91245,"minecraft:crouch_one_cm":82,"minecraft:play_time":91245,"minecraft:sprint_one_cm":37873,"minecraft:walk_one_cm":87881,"minecraft:sneak_time":98,"minecraft:drop":2,"minecraft:jump":739,"minecraft:time_since_death":91245,"minecraft:total_world_time":91245,"minecraft:fly_one_cm":168175},"minecraft:picked_up":{"minecraft:splash_potion":1,"netmusic:music_cd":1},"minecraft:used":{"theatrical:led_fresnel":1,"webdisplays:linker":3,"theatrical:pipe":11,"minecraft:dirt":3,"theatrical:tank_trap":4,"theatrical:led_panel":3,"theatrical:truss":20,"webdisplays:keyboard":2,"minecraft:grass_block":6,"theatrical:redstone_interface":6,"minecraft:oak_planks":20,"theatrical:moving_light":44,"theatrical:moving_wash":3,"minecraft:splash_potion":78,"theatrical:basic_lighting_desk":3,"minecraft:birch_stairs":1},"minecraft:dropped":{"netmusic:music_cd":1,"minecraft:splash_potion":1}},"DataVersion":3465}