{"stats":{"minecraft:dropped":{"xercapaint:item_canvas":4,"minecraft:lime_shulker_box":1,"minecraft:bedrock":1,"school:chalk_rf":2,"yuushya:voltage_transformer":1,"minecraft:red_shulker_box":1,"minecraft:dirt":2,"minecraft:stone_button":1,"school:tabletennistable":1,"webdisplays:upgrade_lasermouse":1,"minecraft:lever":1,"xercapaint:item_easel":3,"minecraft:netherite_sword":1,"webdisplays:craftcomp_extcard":1,"school:itmusthavebeen_optifinetodoit":2,"xercapaint:item_canvas_large":4,"minecraft:trident":1,"minecraft:ladder":9,"yuushya:power_distributor":1,"brewery:whiskey_highland_hearth":1,"school:blackconcretestair":2,"minecraft:scaffolding":128,"minecraft:firework_rocket":1066,"webdisplays:minepad":2,"minecraft:orange_shulker_box":1,"webdisplays:ownerthief":1,"yuushya:head_bucket":1,"netmusic:music_cd":20,"yuushya:audio_large_a_black_blindwall":1,"net_music_list:music_list":1,"yuushya:sleeping_ragdoll":1,"theatrical:configuration_card":1,"minecraft:command_block":2,"minecraft:coal_block":126,"yuushya:basketball_hoop_head":1,"minecraft:yellow_shulker_box":1,"xercapaint:item_palette":3,"minecraft:redstone_block":1,"webdisplays:craftcomp_batpack":1,"school:ferule":1,"school:glass_door":1,"yuushya:butterfly":3,"minecraft:slime_block":1,"minecraft:stone":1,"candlelight:cooking_pan":11,"minecraft:stone_pressure_plate":1},"minecraft:killed":{"minecraft:wandering_trader":6},"minecraft:picked_up":{"yuushya:cctv_camera":1,"minecraft:redstone_block":2,"yuushya:basketball_hoop_head":1,"brewery:whiskey_ak":1,"chinacraft:high_mountains_and_running_water":1,"webdisplays:craftcomp_extcard":2,"netmusic:music_player":2,"minecraft:coal_block":188,"webdisplays:screen":2,"minecraft:stick":2,"minecraft:orange_shulker_box":7,"net_music_list:music_list":1,"chinacraft:ambush_on_all_sides":1,"minecraft:command_block":2,"minecraft:end_rod":2,"yuushya:voltage_transformer":1,"minecraft:barrier":1,"net_music_list:manual":1,"yuushya:acacia_tall_door":1,"brewery:beer_hops":1,"webdisplays:craftcomp_batpack":1,"refurbished_furniture:knife":1,"xercapaint:item_canvas_long":4,"minecraft:slime_block":1,"minecraft:lever":3,"webdisplays:minepad":1,"webdisplays:rctrl":2,"webdisplays:ownerthief":1,"minecraft:ladder":10,"chinacraft:stone_lantern":1,"school:blackconcretestair":1,"school:tabletennistable":2,"brewery:whiskey_cristelwalker":1,"xercapaint:item_easel":1,"minecraft:trident":1,"minecraft:stone_pressure_plate":1,"minecraft:tnt":65,"refurbished_furniture:meatlovers_pizza_slice":1,"yuushya:traffic_sign_16":1,"brewery:beer_nettle":3,"minecraft:yellow_shulker_box":9,"candlelight:cooking_pan":6,"minecraft:gunpowder":256,"brewery:beer_wheat":1,"school:chalk_rf":1,"minecraft:paper":2,"xercapaint:item_canvas":18,"minecraft:scaffolding":1718,"yuushya:butterfly":2,"webdisplays:screencfg":2,"xercapaint:item_canvas_large":17,"webdisplays:upgrade_lasermouse":1,"netmusic:music_cd":226,"minecraft:sea_lantern":2,"minecraft:firework_rocket":2002,"yuushya:power_distributor":1,"webdisplays:linker":2,"webdisplays:laserpointer":3,"theatrical:truss":1},"minecraft:custom":{"minecraft:interact_with_crafting_table":24,"minecraft:open_shulker_box":193,"minecraft:leave_game":27,"minecraft:time_since_death":320094,"minecraft:sprint_one_cm":2388886,"minecraft:drop":119,"minecraft:play_time":2494168,"minecraft:deaths":3,"minecraft:jump":18927,"minecraft:play_record":3,"minecraft:damage_dealt":1200,"minecraft:crouch_one_cm":80381,"minecraft:inspect_dispenser":75,"minecraft:mob_kills":6,"minecraft:inspect_hopper":24,"minecraft:climb_one_cm":20247,"minecraft:walk_one_cm":2499393,"minecraft:sneak_time":40341,"minecraft:total_world_time":2494168,"minecraft:interact_with_stonecutter":3,"minecraft:time_since_rest":320162,"minecraft:damage_taken":940,"minecraft:fly_one_cm":15166071,"minecraft:open_chest":51,"minecraft:fall_one_cm":31236},"minecraft:used":{"school:pcw_10":1,"school:ac_out":2,"school:windowairconditionergreenwindow":1,"theatricalextralights:moving_vl2c":1,"yuushya:a_light_gray_blindwall":3,"minecraft:dispenser":83,"minecraft:oak_sign":1,"minecraft:ladder":27,"xercapaint:item_easel":7,"school:outdoorslidingdoors_1":35,"yuushya:switch_":1,"yuushya:ceiling_cctv_camera":25,"minecraft:chest":2,"yuushya:basketball_net":1,"minecraft:stone":3,"chinacraft:marble_wall":2,"yuushya:fire_extinguisher":3,"school:tabletennistable":97,"school:outdoorslidingdoors":3,"school:desk":2,"yuushya:work_light":2,"theatricalextralights:laser":3,"school:ubuntu_seewo":1,"yuushya:high_poster":1,"minecraft:debug_stick":34,"school:ac_large_out":1,"yuushya:wheel":2,"yuushya:road_marking_arrow_forward":3,"yuushya:mounted_tv":1,"school:canteeninsulatedtable":1,"yuushya:sign_24":1,"school:pushandpullchalkboard_3":1,"yuushya:tree_base":1,"minecraft:stripped_spruce_log":44,"chinacraft:wood_window7":5,"yuushya:road_marking_3":3,"minecraft:glass":2,"theatricalextralights:followspot":1,"school:mobileblack":2,"school:spacewalker":1,"yuushya:truck_chassis_wheel":4,"minecraft:grass_block":727,"yuushya:bicycle_cyan_wool":24,"minecraft:orange_shulker_box":7,"webdisplays:server":2,"yuushya:telephone_0":1,"yuushya:piano_orange_concrete":1,"yuushya:sign_2":1,"minecraft:stone_bricks":499,"minecraft:item_frame":4,"minecraft:bedrock":20,"yuushya:ramp_marking_yellow_3":2,"yuushya:white_windows_corner_1":14,"minecraft:repeater":8,"theatrical:pipe":3,"school:school_bell_controller":3,"yuushya:air_conditioner":2,"yuushya:road_marking_7":2,"yuushya:truck_wheels":1,"school:pushandpullchalkboard_2":1,"yuushya:mounted_tv_online":6,"yuushya:form_trans_item":14,"school:student_milk":1,"yuushya:sign_25":1,"yuushya:vending_machine_blue_v":2,"school:mobile_red_flags":2,"theatrical:basic_lighting_desk":4,"refurbished_furniture:oak_table":11,"theatricalextralights:x8par_red":8,"webdisplays:ownerthief":4,"minecraft:end_rod":16,"yuushya:power_house":3,"yuushya:public_toilet_sign":3,"theatrical:truss":773,"yuushya:normal_truck":1,"theatricalextralights:moving_beam":1,"yuushya:electric_motorcycle":5,"school:blacktallwall":10,"minecraft:oak_planks":81,"yuushya:button_sign_coin":1,"minecraft:redstone_block":69,"yuushya:hanzi_banner_11":2,"minecraft:white_wool":112,"school:pcmc":4,"yuushya:unlocked_safe":1,"minecraft:sand":415,"yuushya:frying_pan":1,"yuushya:crash_barrel":2,"yuushya:truck_chassis_end":2,"school:squattingurinal":17,"theatrical:moving_light":4,"school:laptop":3,"school:broadcastcrew":10,"yuushya:public_toilet_sign_woman":2,"refurbished_furniture:computer":8,"school:seewo":2,"minecraft:redstone_torch":4,"minecraft:sticky_piston":2,"yuushya:truck_head_red":7,"yuushya:white_windows_0":40,"school:pcw_7":1,"minecraft:lever":48,"minecraft:black_concrete":24,"theatrical:tank_trap":4,"minecraft:firework_rocket":672,"yuushya:rusty_power_house":1,"yuushya:cctv_camera":4,"yuushya:safe":1,"yuushya:power_distributor":3,"school:smart_brand":1,"minecraft:barrier":244,"minecraft:stone_button":15,"yuushya:park_stool_light_gray_concrete":2,"school:canteenkitchenstove":1,"net_music_list:ender_music_player":7,"refurbished_furniture:spruce_table":2,"chinacraft:stone_lantern":3,"school:screen":1,"school:highspeedrailrailings":7,"minecraft:stripped_oak_wood":1,"theatrical:redstone_interface":5,"yuushya:basketball_hoop_head":3,"minecraft:chain":5,"yuushya:beverage_drawer":1,"yuushya:ramp_marking_yellow_1":1,"minecraft:white_concrete":2,"school:blackconcretestair":357,"yuushya:sign_23":1,"minecraft:oak_fence":14,"minecraft:netherite_sword":14,"school:podium":2,"minecraft:iron_bars":7,"yuushya:button_sign_like":1,"minecraft:flint_and_steel":34,"minecraft:armor_stand":2,"minecraft:redstone":10,"yuushya:scroll_door_0":2,"yuushya:iron_tall_door":1,"minecraft:spruce_planks":52,"minecraft:tinted_glass":9,"refurbished_furniture:orange_sofa":14,"school:printer":1,"yuushya:ceiling_fan":1,"school:acina":2,"school:loudspeaker":3,"minecraft:dirt":242,"yuushya:embbed_dark_bricks":4,"minecraft:hopper":8,"school:chair":2,"minecraft:spruce_stairs":24,"minecraft:cobblestone_wall":5,"refurbished_furniture:television":12,"school:activeopticalaccessdevices":1,"school:outdoorspeakers":2,"netmusic:music_player":19,"school:classcard":1,"minecraft:red_shulker_box":2,"minecraft:dark_oak_planks":322,"school:billboards":2,"webdisplays:rctrl":23,"school:white_board":1,"minecraft:sea_lantern":446,"school:orangemusicchair":1,"yuushya:tall_safe":1,"yuushya:sea_salt_tea":1,"minecraft:oak_stairs":1,"minecraft:slime_block":1,"school:seewo_bsod":5,"school:nocrttv":1,"school:studyhard":1,"yuushya:exit_sign_sym":3,"yuushya:bicycle_stop":1,"school:deskwithdesktopcomputer":1,"school:pcdelk":1,"school:itmusthavebeen_optifinetodoit":35,"minecraft:black_stained_glass":28,"chinacraft:ambush_on_all_sides":1,"minecraft:iron_trapdoor":7,"school:laboratory_sugar":6,"yuushya:truck_chassis_outer":14,"school:dtmbdvbt":1,"minecraft:stone_pressure_plate":2,"yuushya:call_bell":2,"farm_and_charm:chicken_coop":1,"yuushya:black_windows_door":2,"webdisplays:screencfg":165,"minecraft:observer":9,"school:visualacuitychart":1,"webdisplays:linker":75,"yuushya:tall_work_light":1,"yuushya:exit_sign":2,"theatrical:led_panel":3,"xercapaint:item_canvas":52,"webdisplays:keyboard":5,"yuushya:black_windows_door_slide":3,"school:old_pc":1,"minecraft:yellow_shulker_box":11,"school:schooltables":2,"school:notv":4,"yuushya:traffic_sign_16":7,"yuushya:voltage_transformer":6,"theatrical:led_fresnel":3,"brewery:beer_wheat":40,"school:blacktallwallcorner":2,"yuushya:car_white_part_a":8,"yuushya:white_windows_corner_0":2,"school:old_pc_gslc":2,"yuushya:road_marking_0":4,"yuushya:air_conditioning_condenser":1,"minecraft:oak_slab":19,"minecraft:crafting_table":1,"school:canteenkitchencountertop":1,"school:fu":3,"chinacraft:lantern_festival_lanterns":6,"school:satellitetelevision":2,"chinacraft:high_mountains_and_running_water":1,"yuushya:button_sign_dislike":1,"yuushya:ramp_marking_yellow_4":3,"minecraft:lime_shulker_box":2,"school:spring_festival_couplets":2,"brewery:beer_nettle":4,"yuushya:piano":1,"yuushya:sign_20":1,"netmusic:cd_burner":4,"minecraft:oak_log":1,"yuushya:big_poster":2,"yuushya:ramp_1":1,"school:slantaircondition":1,"refurbished_furniture:dark_electricity_generator":2,"minecraft:netherite_block":48,"theatricalextralights:a2x2par64_red":5,"minecraft:light":32,"minecraft:black_wool":298,"minecraft:command_block":32,"yuushya:wire":5,"farm_and_charm:beetroot_bag":1,"minecraft:map":5,"school:pc":1,"webdisplays:redctrl":5,"school:black_board":1,"school:radiator":1,"xercapaint:item_canvas_large":106,"school:offs_network":1,"yuushya:car_white_part_b":11,"yuushya:traffic_lights_0":1,"brewery:whiskey_ak":1,"minecraft:fishing_rod":1,"yuushya:jack":4,"yuushya:wore_lime_wall":2,"school:student_meal":1,"school:fm_radio":4,"school:acin_b":1,"yuushya:button_sign_star":1,"yuushya:truck_chassis_basic":14,"school:projector":1,"minecraft:glass_pane":5,"yuushya:desk_lamp_0":2,"minecraft:gray_wool":38,"school:codeforstudents":2,"minecraft:jukebox":2,"webdisplays:screen":4014,"yuushya:framed_bricks":4,"refurbished_furniture:oak_chair":2},"minecraft:crafted":{"yuushya:piano_orange_concrete":1,"minecraft:firework_star":1088,"yuushya:audio_large_a_black_blindwall":1,"minecraft:firework_rocket":3072}},"DataVersion":3465}