{"stats":{"minecraft:custom":{"minecraft:mob_kills":5,"minecraft:interact_with_crafting_table":3,"minecraft:leave_game":7,"minecraft:time_since_death":39332,"minecraft:climb_one_cm":911,"minecraft:time_since_rest":39378,"minecraft:sprint_one_cm":131921,"minecraft:damage_taken":260,"minecraft:walk_one_cm":412024,"minecraft:drop":91,"minecraft:damage_dealt":288,"minecraft:talked_to_villager":6,"minecraft:fly_one_cm":1145663,"minecraft:open_chest":1,"minecraft:crouch_one_cm":5112,"minecraft:play_time":258391,"minecraft:deaths":1,"minecraft:sneak_time":3111,"minecraft:aviate_one_cm":290015,"minecraft:jump":1048,"minecraft:total_world_time":258391,"minecraft:fall_one_cm":3118,"minecraft:inspect_dispenser":6},"minecraft:used":{"brewery:pork_knuckle":1,"supplementaries:blackboard":6,"webdisplays:linker":13,"minecraft:oak_fence":12,"minecraft:trident":5,"minecraft:netherite_sword":3,"brewery:half_chicken":2,"brewery:potato_salad":1,"xercapaint:item_canvas":6,"webdisplays:keyboard":3,"supplementaries:slidy_block":2,"brewery:mashed_potatoes":3,"minecraft:elytra":1,"minecraft:ladder":5,"xercapaint:item_easel":10,"brewery:whiskey_cristelwalker":4,"supplementaries:notice_board":1,"minecraft:spruce_planks":335,"brewery:netherite_brewingstation":6,"brewery:breathalyzer":7,"supplementaries:slingshot":29,"minecraft:glow_item_frame":1,"brewery:barrel_main":6,"brewery:beer_hops":2,"brewery:whiskey_maggoallan":3,"supplementaries:bomb":5,"minecraft:oak_slab":40,"minecraft:crafting_table":2,"refurbished_furniture:white_sofa":4,"supplementaries:fine_wood":9,"refurbished_furniture:oak_light_ceiling_fan":1,"refurbished_furniture:television":10,"minecraft:ochre_froglight":57,"brewery:beer_nettle":1,"minecraft:snowball":135,"brewery:whiskey_carrasconlabel":5,"supplementaries:item_shelf":21,"minecraft:stripped_spruce_log":616,"minecraft:oak_log":1,"amendments:dragon_charge":36,"refurbished_furniture:recycle_bin":4,"minecraft:dark_oak_planks":87,"brewery:table":26,"brewery:brewery_banner":1,"minecraft:firework_rocket":60,"brewery:patterned_carpet":35,"brewery:bar_counter":18,"minecraft:light_gray_concrete":231,"minecraft:gray_stained_glass_pane":30,"minecraft:grass_block":6,"minecraft:oak_button":2,"brewery:beer_barley":3,"minecraft:stone_button":1,"supplementaries:clock_block":1,"refurbished_furniture:light_microwave":1,"supplementaries:cannon":13,"xercapaint:item_canvas_large":24,"minecraft:tropical_fish_spawn_egg":1,"refurbished_furniture:light_electricity_generator":3,"supplementaries:speaker_block":2,"brewery:whiskey_ak":4,"refurbished_furniture:spruce_chair":36,"brewery:bench":4,"minecraft:item_frame":3,"supplementaries:bomb_blue":8,"brewery:beer_haley":16,"brewery:beer_mug":4,"brewery:whiskey_jojannik":3,"minecraft:suspicious_gravel":2,"minecraft:bow":40,"brewery:wall_cabinet":10,"minecraft:stripped_oak_wood":587,"brewery:pretzel":1,"minecraft:egg":1,"brewery:whiskey_jamesons_malt":4,"brewery:gingerbread":3,"brewery:drawer":5,"supplementaries:soap":1,"webdisplays:screen":214,"supplementaries:slice_map":2},"minecraft:picked_up":{"brewery:table":2,"brewery:beer_haley":1,"minecraft:dolphin_spawn_egg":1,"minecraft:ladder":12,"minecraft:ochre_froglight":2,"supplementaries:item_shelf":2,"supplementaries:rope_arrow":2,"minecraft:gunpowder":192,"brewery:beer_wheat":4,"xercapaint:item_canvas":9,"minecraft:item_frame":2,"brewery:breathalyzer":2,"minecraft:netherite_sword":1,"minecraft:wheat_seeds":2,"xercapaint:item_canvas_tall":3,"minecraft:spruce_planks":2,"minecraft:coal_block":45,"minecraft:stripped_oak_wood":2,"brewery:whiskey_cristelwalker":1,"xercapaint:item_easel":1,"minecraft:stick":97,"supplementaries:speaker_block":2,"webdisplays:keyboard":2,"xercapaint:item_canvas_large":11,"webdisplays:upgrade_lasermouse":2,"minecraft:stripped_spruce_log":1,"minecraft:stone_button":1,"minecraft:carrot":2,"minecraft:trident":2,"netmusic:music_cd":3,"minecraft:dark_oak_planks":2,"minecraft:gray_stained_glass_pane":1,"minecraft:light_gray_concrete":2,"xercapaint:item_canvas_long":1,"webdisplays:linker":2,"webdisplays:laserpointer":2,"brewery:brewery_banner":2,"refurbished_furniture:television":2},"minecraft:dropped":{"webdisplays:laserpointer":2,"minecraft:wheat_seeds":2,"netmusic:music_cd":1,"minecraft:gray_stained_glass_pane":1,"brewery:breathalyzer":2,"supplementaries:speaker_block":1,"refurbished_furniture:television":1,"minecraft:netherite_sword":2,"brewery:whiskey_cristelwalker":5,"minecraft:oak_fence":1,"webdisplays:linker":1,"xercapaint:item_canvas_large":1,"minecraft:light_gray_concrete":2,"brewery:brewery_banner":1,"brewery:beer_nettle":3,"minecraft:grass_block":2,"minecraft:carrot":2,"minecraft:stick":2,"brewery:table":1,"minecraft:item_frame":1,"minecraft:filled_map":2,"supplementaries:soap":1,"brewery:beer_wheat":1,"supplementaries:slice_map":1,"supplementaries:rope_arrow":27,"brewery:whiskey_jojannik":3,"minecraft:spruce_planks":1,"minecraft:ochre_froglight":2,"supplementaries:cannon":1,"supplementaries:item_shelf":2,"minecraft:ladder":5,"brewery:beer_hops":3,"minecraft:tropical_fish_spawn_egg":1,"supplementaries:slidy_block":1,"minecraft:stripped_oak_wood":2,"minecraft:dark_oak_planks":2,"webdisplays:keyboard":2,"xercapaint:item_canvas_tall":1,"minecraft:egg":1,"supplementaries:flute":1,"webdisplays:upgrade_lasermouse":1},"minecraft:killed":{"minecraft:iron_golem":1,"minecraft:villager":4}},"DataVersion":3465}