{"stats":{"minecraft:custom":{"minecraft:time_since_rest":404545,"minecraft:open_chest":4,"minecraft:sprint_one_cm":319,"minecraft:crouch_one_cm":228,"minecraft:play_time":404545,"minecraft:walk_one_cm":257576,"minecraft:sneak_time":4655,"minecraft:drop":1,"minecraft:jump":430,"minecraft:leave_game":4,"minecraft:time_since_death":404545,"minecraft:total_world_time":404545,"minecraft:fly_one_cm":2370030,"minecraft:inspect_dispenser":41},"minecraft:used":{"theatricalextralights:laser":3,"theatricalextralights:a2x2par64_blue":2,"theatricalextralights:x8par_warm":1,"net_music_list:music_list":3,"theatricalextralights:beam_7r":17,"theatrical:pipe":17,"theatrical:truss":820,"theatricalextralights:mac_vip":4,"theatrical:redstone_interface":16,"minecraft:oak_planks":12,"theatricalextralights:washlight":60,"theatrical:moving_wash":1,"minecraft:spruce_planks":1,"theatricalextralights:rgb_bar":2,"refurbished_furniture:spruce_table":1,"theatricalextralights:strobe":1,"supplementaries:speaker_block":194,"theatrical:basic_lighting_desk":8,"theatricalextralights:moving_vl6":15},"minecraft:picked_up":{"net_music_list:music_list":3,"theatrical:configuration_card":1},"minecraft:dropped":{"net_music_list:music_list":1}},"DataVersion":3465}