{"stats":{"minecraft:custom":{"minecraft:time_since_rest":6943,"minecraft:sprint_one_cm":45886,"minecraft:damage_taken":1340,"minecraft:walk_one_cm":471869,"minecraft:mob_kills":1,"minecraft:drop":4,"minecraft:damage_dealt":200,"minecraft:fly_one_cm":3895327,"minecraft:open_chest":2,"minecraft:crouch_one_cm":8060,"minecraft:open_shulker_box":4,"minecraft:play_time":796677,"minecraft:deaths":1,"minecraft:sneak_time":22527,"minecraft:jump":1737,"minecraft:leave_game":6,"minecraft:time_since_death":6915,"minecraft:total_world_time":796677,"minecraft:climb_one_cm":3340,"minecraft:fall_one_cm":19913,"minecraft:inspect_dispenser":18},"minecraft:used":{"minecraft:brown_terracotta":170,"minecraft:redstone_torch":12,"minecraft:dark_oak_planks":163,"webdisplays:linker":19,"minecraft:oak_fence":92,"minecraft:sea_lantern":741,"minecraft:dark_oak_stairs":27,"minecraft:lever":2,"webdisplays:rctrl":5,"theatricalextralights:moving_vl2c":2,"theatrical:truss":2148,"webdisplays:keyboard":2,"minecraft:iron_block":83,"minecraft:spruce_slab":16,"minecraft:redstone":9,"minecraft:slime_block":23,"minecraft:stone_button":5,"minecraft:ladder":45,"webdisplays:server":1,"minecraft:chest":2,"minecraft:spruce_planks":205,"minecraft:sandstone":3,"supplementaries:speaker_block":263,"theatricalextralights:moving_vl6":1,"minecraft:dirt":54,"minecraft:light_blue_concrete_powder":12,"minecraft:iron_trapdoor":4,"theatrical:redstone_interface":9,"minecraft:chain":102,"supplementaries:cog_block":3,"theatrical:moving_light":34,"minecraft:sticky_piston":2,"minecraft:end_rod":38,"minecraft:white_concrete":34,"netmusic:computer":1,"minecraft:gray_wool":815,"webdisplays:screencfg":3,"theatricalextralights:strobe":97,"theatrical:basic_lighting_desk":5,"minecraft:smooth_stone":79,"webdisplays:screen":457,"minecraft:stripped_spruce_log":106,"netmusic:music_player":4,"netmusic:cd_burner":3,"minecraft:oak_trapdoor":1},"minecraft:picked_up":{"supplementaries:speaker_block":1,"theatricalextralights:moving_vl6":1,"minecraft:stripped_spruce_log":1,"netmusic:music_cd":11,"minecraft:redstone":4,"minecraft:light_blue_concrete_powder":64,"minecraft:firework_rocket":152,"minecraft:lever":2,"minecraft:redstone_torch":7},"minecraft:dropped":{"minecraft:stripped_spruce_log":1,"supplementaries:speaker_block":1,"theatricalextralights:laser":1,"minecraft:light_blue_concrete_powder":64},"minecraft:killed":{"minecraft:wandering_trader":1}},"DataVersion":3465}