{"stats":{"minecraft:custom":{"minecraft:time_since_rest":229864,"minecraft:open_chest":1,"minecraft:crouch_one_cm":746,"minecraft:sprint_one_cm":30149,"minecraft:play_time":229864,"minecraft:walk_one_cm":160340,"minecraft:sneak_time":2841,"minecraft:drop":2,"minecraft:aviate_one_cm":744209,"minecraft:jump":351,"minecraft:leave_game":8,"minecraft:time_since_death":229864,"minecraft:total_world_time":229864,"minecraft:fly_one_cm":910671},"minecraft:used":{"minecraft:birch_door":1,"minecraft:oak_fence":3,"minecraft:item_frame":1,"minecraft:glass":153,"minecraft:white_wool":38,"minecraft:ender_eye":331,"minecraft:diorite":1,"minecraft:end_rod":16,"minecraft:firework_rocket":609,"minecraft:smooth_quartz_slab":85,"minecraft:elytra":1,"minecraft:smooth_quartz":89,"minecraft:diorite_wall":14,"minecraft:diorite_slab":50,"minecraft:polished_diorite":75,"minecraft:experience_bottle":305,"minecraft:white_candle":2},"minecraft:picked_up":{"minecraft:ender_eye":257,"netmusic:music_cd":5,"minecraft:smooth_quartz_slab":1,"minecraft:white_candle":1},"minecraft:dropped":{"minecraft:smooth_quartz_slab":1,"minecraft:white_candle":1}},"DataVersion":3465}