{
  "minecraft:recipes/decorations/crafting_table": {
    "criteria": {
      "unlock_right_away": "2025-11-22 20:35:05 +0800"
    },
    "done": true
  },
  "farm_and_charm:main/root": {
    "criteria": {
      "example_criterion": "2025-11-22 20:35:06 +0800"
    },
    "done": true
  },
  "minecraft:adventure/adventuring_time": {
    "criteria": {
      "minecraft:plains": "2025-11-22 20:35:06 +0800"
    },
    "done": false
  },
  "refurbished_furniture:recipes/misc/constructing/purple_stool": {
    "criteria": {
      "has_planks": "2025-11-22 20:36:56 +0800"
    },
    "done": true
  },
  "refurbished_furniture:recipes/misc/constructing/blue_stool": {
    "criteria": {
      "has_planks": "2025-11-22 20:36:56 +0800"
    },
    "done": true
  },
  "refurbished_furniture:recipes/misc/constructing/brown_stool": {
    "criteria": {
      "has_planks": "2025-11-22 20:36:56 +0800"
    },
    "done": true
  },
  "refurbished_furniture:recipes/misc/constructing/dark_oak_chair": {
    "criteria": {
      "has_dark_oak_planks": "2025-11-22 20:36:56 +0800"
    },
    "done": true
  },
  "refurbished_furniture:recipes/misc/constructing/green_stool": {
    "criteria": {
      "has_planks": "2025-11-22 20:36:56 +0800"
    },
    "done": true
  },
  "refurbished_furniture:recipes/misc/constructing/orange_stool": {
    "criteria": {
      "has_planks": "2025-11-22 20:36:56 +0800"
    },
    "done": true
  },
  "minecraft:recipes/redstone/dark_oak_fence_gate": {
    "criteria": {
      "has_planks": "2025-11-22 20:36:56 +0800"
    },
    "done": true
  },
  "refurbished_furniture:recipes/misc/constructing/yellow_lamp": {
    "criteria": {
      "has_planks": "2025-11-22 20:36:56 +0800"
    },
    "done": true
  },
  "refurbished_furniture:recipes/misc/constructing/dark_oak_toilet": {
    "criteria": {
      "has_dark_oak_planks": "2025-11-22 20:36:56 +0800"
    },
    "done": true
  },
  "minecraft:recipes/redstone/dark_oak_trapdoor": {
    "criteria": {
      "has_planks": "2025-11-22 20:36:56 +0800"
    },
    "done": true
  },
  "refurbished_furniture:recipes/misc/constructing/black_cooler": {
    "criteria": {
      "has_planks": "2025-11-22 20:36:56 +0800"
    },
    "done": true
  },
  "refurbished_furniture:recipes/misc/constructing/lime_lamp": {
    "criteria": {
      "has_planks": "2025-11-22 20:36:56 +0800"
    },
    "done": true
  },
  "refurbished_furniture:recipes/misc/constructing/red_lamp": {
    "criteria": {
      "has_planks": "2025-11-22 20:36:56 +0800"
    },
    "done": true
  },
  "refurbished_furniture:recipes/misc/constructing/orange_lamp": {
    "criteria": {
      "has_planks": "2025-11-22 20:36:56 +0800"
    },
    "done": true
  },
  "refurbished_furniture:recipes/misc/constructing/dark_oak_basin": {
    "criteria": {
      "has_dark_oak_planks": "2025-11-22 20:36:56 +0800"
    },
    "done": true
  },
  "refurbished_furniture:recipes/misc/constructing/dark_oak_lattice_fence_gate": {
    "criteria": {
      "has_dark_oak_planks": "2025-11-22 20:36:56 +0800"
    },
    "done": true
  },
  "refurbished_furniture:recipes/misc/constructing/dark_oak_kitchen_cabinetry": {
    "criteria": {
      "has_dark_oak_planks": "2025-11-22 20:36:56 +0800"
    },
    "done": true
  },
  "refurbished_furniture:recipes/misc/constructing/magenta_cooler": {
    "criteria": {
      "has_planks": "2025-11-22 20:36:56 +0800"
    },
    "done": true
  },
  "refurbished_furniture:recipes/misc/constructing/light_blue_cooler": {
    "criteria": {
      "has_planks": "2025-11-22 20:36:56 +0800"
    },
    "done": true
  },
  "refurbished_furniture:recipes/misc/constructing/dark_oak_storage_cabinet": {
    "criteria": {
      "has_dark_oak_planks": "2025-11-22 20:36:56 +0800"
    },
    "done": true
  },
  "refurbished_furniture:recipes/misc/constructing/white_lamp": {
    "criteria": {
      "has_planks": "2025-11-22 20:36:56 +0800"
    },
    "done": true
  },
  "refurbished_furniture:recipes/misc/constructing/pink_sofa": {
    "criteria": {
      "has_planks": "2025-11-22 20:36:56 +0800"
    },
    "done": true
  },
  "refurbished_furniture:recipes/misc/constructing/dark_oak_crate": {
    "criteria": {
      "has_dark_oak_planks": "2025-11-22 20:36:56 +0800"
    },
    "done": true
  },
  "refurbished_furniture:recipes/misc/constructing/brown_lamp": {
    "criteria": {
      "has_planks": "2025-11-22 20:36:56 +0800"
    },
    "done": true
  },
  "refurbished_furniture:recipes/misc/constructing/yellow_sofa": {
    "criteria": {
      "has_planks": "2025-11-22 20:36:56 +0800"
    },
    "done": true
  },
  "refurbished_furniture:recipes/misc/constructing/orange_sofa": {
    "criteria": {
      "has_planks": "2025-11-22 20:36:56 +0800"
    },
    "done": true
  },
  "minecraft:recipes/redstone/dark_oak_button": {
    "criteria": {
      "has_planks": "2025-11-22 20:36:56 +0800"
    },
    "done": true
  },
  "minecraft:recipes/misc/stick": {
    "criteria": {
      "has_planks": "2025-11-22 20:36:56 +0800"
    },
    "done": true
  },
  "refurbished_furniture:recipes/misc/constructing/lime_sofa": {
    "criteria": {
      "has_planks": "2025-11-22 20:36:56 +0800"
    },
    "done": true
  },
  "refurbished_furniture:recipes/misc/constructing/dark_oak_table": {
    "criteria": {
      "has_dark_oak_planks": "2025-11-22 20:36:56 +0800"
    },
    "done": true
  },
  "refurbished_furniture:recipes/misc/constructing/red_cooler": {
    "criteria": {
      "has_planks": "2025-11-22 20:36:56 +0800"
    },
    "done": true
  },
  "refurbished_furniture:recipes/misc/constructing/dark_oak_kitchen_sink": {
    "criteria": {
      "has_dark_oak_planks": "2025-11-22 20:36:56 +0800"
    },
    "done": true
  },
  "refurbished_furniture:recipes/misc/constructing/dark_oak_drawer": {
    "criteria": {
      "has_dark_oak_planks": "2025-11-22 20:36:56 +0800"
    },
    "done": true
  },
  "refurbished_furniture:recipes/misc/constructing/dark_oak_bath": {
    "criteria": {
      "has_dark_oak_planks": "2025-11-22 20:36:56 +0800"
    },
    "done": true
  },
  "refurbished_furniture:recipes/misc/constructing/magenta_stool": {
    "criteria": {
      "has_planks": "2025-11-22 20:36:56 +0800"
    },
    "done": true
  },
  "refurbished_furniture:recipes/misc/constructing/dark_oak_cutting_board": {
    "criteria": {
      "has_dark_oak_planks": "2025-11-22 20:36:56 +0800"
    },
    "done": true
  },
  "refurbished_furniture:recipes/misc/constructing/green_cooler": {
    "criteria": {
      "has_planks": "2025-11-22 20:36:56 +0800"
    },
    "done": true
  },
  "refurbished_furniture:recipes/misc/workbench": {
    "criteria": {
      "has_planks": "2025-11-22 20:36:56 +0800"
    },
    "done": true
  },
  "refurbished_furniture:recipes/misc/constructing/dark_oak_kitchen_drawer": {
    "criteria": {
      "has_dark_oak_planks": "2025-11-22 20:36:56 +0800"
    },
    "done": true
  },
  "refurbished_furniture:recipes/misc/constructing/brown_sofa": {
    "criteria": {
      "has_planks": "2025-11-22 20:36:56 +0800"
    },
    "done": true
  },
  "refurbished_furniture:recipes/misc/constructing/light_blue_lamp": {
    "criteria": {
      "has_planks": "2025-11-22 20:36:56 +0800"
    },
    "done": true
  },
  "minecraft:recipes/building_blocks/dark_oak_stairs": {
    "criteria": {
      "has_planks": "2025-11-22 20:36:56 +0800"
    },
    "done": true
  },
  "refurbished_furniture:recipes/misc/constructing/blue_sofa": {
    "criteria": {
      "has_planks": "2025-11-22 20:36:56 +0800"
    },
    "done": true
  },
  "refurbished_furniture:recipes/misc/constructing/brown_cooler": {
    "criteria": {
      "has_planks": "2025-11-22 20:36:56 +0800"
    },
    "done": true
  },
  "refurbished_furniture:recipes/misc/constructing/light_blue_stool": {
    "criteria": {
      "has_planks": "2025-11-22 20:36:56 +0800"
    },
    "done": true
  },
  "refurbished_furniture:recipes/misc/constructing/dark_oak_kitchen_storage_cabinet": {
    "criteria": {
      "has_dark_oak_planks": "2025-11-22 20:36:56 +0800"
    },
    "done": true
  },
  "refurbished_furniture:recipes/misc/constructing/dark_oak_mail_box": {
    "criteria": {
      "has_dark_oak_planks": "2025-11-22 20:36:56 +0800"
    },
    "done": true
  },
  "refurbished_furniture:recipes/misc/constructing/purple_cooler": {
    "criteria": {
      "has_planks": "2025-11-22 20:36:56 +0800"
    },
    "done": true
  },
  "refurbished_furniture:recipes/misc/constructing/cyan_cooler": {
    "criteria": {
      "has_planks": "2025-11-22 20:36:56 +0800"
    },
    "done": true
  },
  "refurbished_furniture:recipes/misc/constructing/light_gray_cooler": {
    "criteria": {
      "has_planks": "2025-11-22 20:36:56 +0800"
    },
    "done": true
  },
  "refurbished_furniture:recipes/misc/constructing/white_cooler": {
    "criteria": {
      "has_planks": "2025-11-22 20:36:56 +0800"
    },
    "done": true
  },
  "minecraft:recipes/redstone/dark_oak_pressure_plate": {
    "criteria": {
      "has_planks": "2025-11-22 20:36:56 +0800"
    },
    "done": true
  },
  "refurbished_furniture:recipes/misc/constructing/dark_oak_storage_jar": {
    "criteria": {
      "has_dark_oak_planks": "2025-11-22 20:36:56 +0800"
    },
    "done": true
  },
  "refurbished_furniture:recipes/misc/constructing/red_sofa": {
    "criteria": {
      "has_planks": "2025-11-22 20:36:56 +0800"
    },
    "done": true
  },
  "minecraft:recipes/decorations/dark_oak_fence": {
    "criteria": {
      "has_planks": "2025-11-22 20:36:56 +0800"
    },
    "done": true
  },
  "refurbished_furniture:recipes/misc/constructing/blue_lamp": {
    "criteria": {
      "has_planks": "2025-11-22 20:36:56 +0800"
    },
    "done": true
  },
  "minecraft:recipes/building_blocks/dark_oak_slab": {
    "criteria": {
      "has_planks": "2025-11-22 20:36:56 +0800"
    },
    "done": true
  },
  "refurbished_furniture:recipes/misc/constructing/red_stool": {
    "criteria": {
      "has_planks": "2025-11-22 20:36:56 +0800"
    },
    "done": true
  },
  "minecraft:recipes/redstone/dark_oak_door": {
    "criteria": {
      "has_planks": "2025-11-22 20:36:56 +0800"
    },
    "done": true
  },
  "refurbished_furniture:recipes/misc/constructing/lime_stool": {
    "criteria": {
      "has_planks": "2025-11-22 20:36:56 +0800"
    },
    "done": true
  },
  "refurbished_furniture:recipes/misc/constructing/magenta_lamp": {
    "criteria": {
      "has_planks": "2025-11-22 20:36:56 +0800"
    },
    "done": true
  },
  "refurbished_furniture:recipes/misc/constructing/gray_lamp": {
    "criteria": {
      "has_planks": "2025-11-22 20:36:56 +0800"
    },
    "done": true
  },
  "refurbished_furniture:recipes/misc/constructing/light_blue_sofa": {
    "criteria": {
      "has_planks": "2025-11-22 20:36:56 +0800"
    },
    "done": true
  },
  "refurbished_furniture:recipes/misc/constructing/black_sofa": {
    "criteria": {
      "has_planks": "2025-11-22 20:36:56 +0800"
    },
    "done": true
  },
  "refurbished_furniture:recipes/misc/constructing/light_gray_sofa": {
    "criteria": {
      "has_planks": "2025-11-22 20:36:56 +0800"
    },
    "done": true
  },
  "refurbished_furniture:recipes/misc/constructing/purple_sofa": {
    "criteria": {
      "has_planks": "2025-11-22 20:36:56 +0800"
    },
    "done": true
  },
  "refurbished_furniture:recipes/misc/constructing/dark_oak_lattice_fence": {
    "criteria": {
      "has_dark_oak_planks": "2025-11-22 20:36:56 +0800"
    },
    "done": true
  },
  "refurbished_furniture:recipes/misc/constructing/gray_cooler": {
    "criteria": {
      "has_planks": "2025-11-22 20:36:56 +0800"
    },
    "done": true
  },
  "refurbished_furniture:recipes/misc/constructing/light_gray_stool": {
    "criteria": {
      "has_planks": "2025-11-22 20:36:56 +0800"
    },
    "done": true
  },
  "refurbished_furniture:recipes/misc/constructing/white_stool": {
    "criteria": {
      "has_planks": "2025-11-22 20:36:56 +0800"
    },
    "done": true
  },
  "brewery:main/root": {
    "criteria": {
      "seeds": "2025-11-22 20:36:56 +0800"
    },
    "done": true
  },
  "refurbished_furniture:recipes/misc/constructing/yellow_stool": {
    "criteria": {
      "has_planks": "2025-11-22 20:36:56 +0800"
    },
    "done": true
  },
  "refurbished_furniture:recipes/misc/constructing/black_lamp": {
    "criteria": {
      "has_planks": "2025-11-22 20:36:56 +0800"
    },
    "done": true
  },
  "refurbished_furniture:recipes/misc/constructing/post_box": {
    "criteria": {
      "has_planks": "2025-11-22 20:36:56 +0800"
    },
    "done": true
  },
  "refurbished_furniture:recipes/misc/constructing/pink_lamp": {
    "criteria": {
      "has_planks": "2025-11-22 20:36:56 +0800"
    },
    "done": true
  },
  "refurbished_furniture:recipes/misc/constructing/lime_cooler": {
    "criteria": {
      "has_planks": "2025-11-22 20:36:56 +0800"
    },
    "done": true
  },
  "refurbished_furniture:recipes/misc/constructing/gray_stool": {
    "criteria": {
      "has_planks": "2025-11-22 20:36:56 +0800"
    },
    "done": true
  },
  "refurbished_furniture:recipes/misc/constructing/green_lamp": {
    "criteria": {
      "has_planks": "2025-11-22 20:36:56 +0800"
    },
    "done": true
  },
  "refurbished_furniture:recipes/misc/constructing/magenta_sofa": {
    "criteria": {
      "has_planks": "2025-11-22 20:36:56 +0800"
    },
    "done": true
  },
  "refurbished_furniture:recipes/misc/constructing/pink_cooler": {
    "criteria": {
      "has_planks": "2025-11-22 20:36:56 +0800"
    },
    "done": true
  },
  "refurbished_furniture:recipes/misc/constructing/white_sofa": {
    "criteria": {
      "has_planks": "2025-11-22 20:36:56 +0800"
    },
    "done": true
  },
  "minecraft:recipes/decorations/barrel": {
    "criteria": {
      "has_planks": "2025-11-22 20:36:56 +0800"
    },
    "done": true
  },
  "refurbished_furniture:recipes/misc/constructing/dark_oak_desk": {
    "criteria": {
      "has_dark_oak_planks": "2025-11-22 20:36:56 +0800"
    },
    "done": true
  },
  "refurbished_furniture:recipes/misc/constructing/cyan_sofa": {
    "criteria": {
      "has_planks": "2025-11-22 20:36:56 +0800"
    },
    "done": true
  },
  "refurbished_furniture:recipes/misc/constructing/yellow_cooler": {
    "criteria": {
      "has_planks": "2025-11-22 20:36:56 +0800"
    },
    "done": true
  },
  "refurbished_furniture:recipes/misc/constructing/cyan_stool": {
    "criteria": {
      "has_planks": "2025-11-22 20:36:56 +0800"
    },
    "done": true
  },
  "refurbished_furniture:recipes/misc/constructing/black_stool": {
    "criteria": {
      "has_planks": "2025-11-22 20:36:56 +0800"
    },
    "done": true
  },
  "refurbished_furniture:recipes/misc/constructing/green_sofa": {
    "criteria": {
      "has_planks": "2025-11-22 20:36:56 +0800"
    },
    "done": true
  },
  "refurbished_furniture:recipes/misc/constructing/blue_cooler": {
    "criteria": {
      "has_planks": "2025-11-22 20:36:56 +0800"
    },
    "done": true
  },
  "minecraft:recipes/decorations/dark_oak_sign": {
    "criteria": {
      "has_planks": "2025-11-22 20:36:56 +0800"
    },
    "done": true
  },
  "refurbished_furniture:recipes/misc/constructing/dark_oak_light_ceiling_fan": {
    "criteria": {
      "has_dark_oak_planks": "2025-11-22 20:36:56 +0800"
    },
    "done": true
  },
  "refurbished_furniture:recipes/misc/constructing/orange_cooler": {
    "criteria": {
      "has_planks": "2025-11-22 20:36:56 +0800"
    },
    "done": true
  },
  "refurbished_furniture:recipes/misc/constructing/cyan_lamp": {
    "criteria": {
      "has_planks": "2025-11-22 20:36:56 +0800"
    },
    "done": true
  },
  "refurbished_furniture:recipes/misc/constructing/light_gray_lamp": {
    "criteria": {
      "has_planks": "2025-11-22 20:36:56 +0800"
    },
    "done": true
  },
  "refurbished_furniture:recipes/misc/constructing/gray_sofa": {
    "criteria": {
      "has_planks": "2025-11-22 20:36:56 +0800"
    },
    "done": true
  },
  "refurbished_furniture:recipes/misc/constructing/purple_lamp": {
    "criteria": {
      "has_planks": "2025-11-22 20:36:56 +0800"
    },
    "done": true
  },
  "farm_and_charm:main/find_wild_crops": {
    "criteria": {
      "oat": "2025-11-22 20:36:56 +0800",
      "wild_strawberry": "2025-11-22 20:36:56 +0800",
      "corn": "2025-11-22 20:36:56 +0800",
      "onion": "2025-11-22 20:36:56 +0800",
      "wild_corn": "2025-11-22 20:36:56 +0800",
      "wild_ribwort": "2025-11-22 20:36:56 +0800",
      "strawberry": "2025-11-22 20:36:56 +0800",
      "wild_nettle": "2025-11-22 20:36:56 +0800",
      "barley": "2025-11-22 20:36:56 +0800",
      "tomato": "2025-11-22 20:36:56 +0800",
      "lettuce": "2025-11-22 20:36:56 +0800",
      "wild_lettuce": "2025-11-22 20:36:56 +0800",
      "wild_tomatoes": "2025-11-22 20:36:56 +0800",
      "oat_seeds": "2025-11-22 20:36:56 +0800",
      "tomato_seeds": "2025-11-22 20:36:56 +0800",
      "barley_seeds": "2025-11-22 20:36:56 +0800",
      "strawberry_seeds": "2025-11-22 20:36:56 +0800",
      "lettuce_seeds": "2025-11-22 20:36:56 +0800",
      "kernels": "2025-11-22 20:36:56 +0800",
      "wild_barley": "2025-11-22 20:36:56 +0800",
      "wild_onion": "2025-11-22 20:36:56 +0800",
      "wild_oat": "2025-11-22 20:36:56 +0800"
    },
    "done": true
  },
  "refurbished_furniture:recipes/misc/constructing/pink_stool": {
    "criteria": {
      "has_planks": "2025-11-22 20:36:56 +0800"
    },
    "done": true
  },
  "xercapaint:recipes/item_canvas_long": {
    "criteria": {
      "has_item": "2025-11-22 20:40:26 +0800"
    },
    "done": true
  },
  "xercapaint:recipes/item_canvas_tall": {
    "criteria": {
      "has_item": "2025-11-22 20:40:26 +0800"
    },
    "done": true
  },
  "xercapaint:recipes/item_canvas_large_alt": {
    "criteria": {
      "has_the_recipe": "2025-11-22 20:40:26 +0800"
    },
    "done": true
  },
  "xercapaint:recipes/item_canvas_large_alt_alt": {
    "criteria": {
      "has_the_recipe": "2025-11-22 20:40:26 +0800"
    },
    "done": true
  },
  "xercapaint:recipes/item_canvas_large": {
    "criteria": {
      "has_item": "2025-11-22 20:40:26 +0800"
    },
    "done": true
  },
  "net_music_list:recipes/misc/music_player": {
    "criteria": {
      "has_cd": "2025-11-22 20:41:42 +0800"
    },
    "done": true
  },
  "net_music_list:recipes/misc/music_player1": {
    "criteria": {
      "has_cd": "2025-11-22 20:41:42 +0800"
    },
    "done": true
  },
  "minecraft:husbandry/root": {
    "criteria": {
      "consumed_item": "2025-11-22 20:42:47 +0800"
    },
    "done": true
  },
  "minecraft:recipes/misc/firework_rocket_simple": {
    "criteria": {
      "has_gunpowder": "2025-11-22 20:45:10 +0800"
    },
    "done": true
  },
  "minecraft:recipes/redstone/tnt": {
    "criteria": {
      "has_gunpowder": "2025-11-22 20:45:10 +0800"
    },
    "done": true
  },
  "minecraft:recipes/decorations/snow": {
    "criteria": {
      "has_snowball": "2025-11-22 20:46:42 +0800"
    },
    "done": true
  },
  "minecraft:recipes/building_blocks/snow_block": {
    "criteria": {
      "has_snowball": "2025-11-22 20:46:42 +0800"
    },
    "done": true
  },
  "minecraft:recipes/decorations/chest": {
    "criteria": {
      "has_lots_of_items": "2025-11-22 20:47:47 +0800"
    },
    "done": true
  },
  "webdisplays:screen": {
    "criteria": {
      "has_screen": "2025-11-22 21:58:47 +0800"
    },
    "done": true
  },
  "minecraft:recipes/decorations/ladder": {
    "criteria": {
      "has_stick": "2025-11-22 22:13:52 +0800"
    },
    "done": true
  },
  "refurbished_furniture:recipes/misc/constructing/crimson_lattice_fence": {
    "criteria": {
      "has_stick": "2025-11-22 22:13:52 +0800"
    },
    "done": true
  },
  "refurbished_furniture:recipes/misc/constructing/jungle_lattice_fence": {
    "criteria": {
      "has_stick": "2025-11-22 22:13:52 +0800"
    },
    "done": true
  },
  "refurbished_furniture:recipes/misc/constructing/spruce_lattice_fence_gate": {
    "criteria": {
      "has_stick": "2025-11-22 22:13:52 +0800"
    },
    "done": true
  },
  "minecraft:recipes/tools/wooden_axe": {
    "criteria": {
      "has_stick": "2025-11-22 22:13:52 +0800"
    },
    "done": true
  },
  "refurbished_furniture:recipes/misc/constructing/spruce_lattice_fence": {
    "criteria": {
      "has_stick": "2025-11-22 22:13:52 +0800"
    },
    "done": true
  },
  "refurbished_furniture:recipes/misc/constructing/crimson_lattice_fence_gate": {
    "criteria": {
      "has_stick": "2025-11-22 22:13:52 +0800"
    },
    "done": true
  },
  "xercapaint:recipes/item_easel": {
    "criteria": {
      "has_item": "2025-11-22 22:13:52 +0800"
    },
    "done": true
  },
  "refurbished_furniture:recipes/misc/constructing/oak_lattice_fence_gate": {
    "criteria": {
      "has_stick": "2025-11-22 22:13:52 +0800"
    },
    "done": true
  },
  "refurbished_furniture:recipes/misc/constructing/birch_lattice_fence": {
    "criteria": {
      "has_stick": "2025-11-22 22:13:52 +0800"
    },
    "done": true
  },
  "refurbished_furniture:recipes/misc/constructing/cherry_lattice_fence": {
    "criteria": {
      "has_stick": "2025-11-22 22:13:52 +0800"
    },
    "done": true
  },
  "refurbished_furniture:recipes/misc/constructing/warped_lattice_fence_gate": {
    "criteria": {
      "has_stick": "2025-11-22 22:13:52 +0800"
    },
    "done": true
  },
  "minecraft:recipes/decorations/campfire": {
    "criteria": {
      "has_stick": "2025-11-22 22:13:52 +0800"
    },
    "done": true
  },
  "minecraft:recipes/tools/wooden_hoe": {
    "criteria": {
      "has_stick": "2025-11-22 22:13:52 +0800"
    },
    "done": true
  },
  "refurbished_furniture:recipes/misc/constructing/oak_lattice_fence": {
    "criteria": {
      "has_stick": "2025-11-22 22:13:52 +0800"
    },
    "done": true
  },
  "minecraft:recipes/tools/wooden_pickaxe": {
    "criteria": {
      "has_stick": "2025-11-22 22:13:52 +0800"
    },
    "done": true
  },
  "refurbished_furniture:recipes/misc/constructing/acacia_lattice_fence": {
    "criteria": {
      "has_stick": "2025-11-22 22:13:52 +0800"
    },
    "done": true
  },
  "refurbished_furniture:recipes/misc/constructing/mangrove_lattice_fence": {
    "criteria": {
      "has_stick": "2025-11-22 22:13:52 +0800"
    },
    "done": true
  },
  "refurbished_furniture:recipes/misc/constructing/cherry_lattice_fence_gate": {
    "criteria": {
      "has_stick": "2025-11-22 22:13:52 +0800"
    },
    "done": true
  },
  "minecraft:recipes/tools/wooden_shovel": {
    "criteria": {
      "has_stick": "2025-11-22 22:13:52 +0800"
    },
    "done": true
  },
  "refurbished_furniture:recipes/misc/constructing/acacia_lattice_fence_gate": {
    "criteria": {
      "has_stick": "2025-11-22 22:13:52 +0800"
    },
    "done": true
  },
  "minecraft:recipes/combat/wooden_sword": {
    "criteria": {
      "has_stick": "2025-11-22 22:13:52 +0800"
    },
    "done": true
  },
  "refurbished_furniture:recipes/misc/constructing/warped_lattice_fence": {
    "criteria": {
      "has_stick": "2025-11-22 22:13:52 +0800"
    },
    "done": true
  },
  "refurbished_furniture:recipes/misc/constructing/mangrove_lattice_fence_gate": {
    "criteria": {
      "has_stick": "2025-11-22 22:13:52 +0800"
    },
    "done": true
  },
  "refurbished_furniture:recipes/misc/constructing/birch_lattice_fence_gate": {
    "criteria": {
      "has_stick": "2025-11-22 22:13:52 +0800"
    },
    "done": true
  },
  "refurbished_furniture:recipes/misc/constructing/jungle_lattice_fence_gate": {
    "criteria": {
      "has_stick": "2025-11-22 22:13:52 +0800"
    },
    "done": true
  },
  "minecraft:story/root": {
    "criteria": {
      "crafting_table": "2025-11-22 22:14:01 +0800"
    },
    "done": true
  },
  "minecraft:recipes/misc/charcoal": {
    "criteria": {
      "has_log": "2025-11-22 22:49:29 +0800"
    },
    "done": true
  },
  "minecraft:recipes/building_blocks/oak_planks": {
    "criteria": {
      "has_logs": "2025-11-22 22:49:29 +0800"
    },
    "done": true
  },
  "minecraft:recipes/building_blocks/oak_wood": {
    "criteria": {
      "has_log": "2025-11-22 22:49:29 +0800"
    },
    "done": true
  },
  "minecraft:recipes/decorations/spruce_hanging_sign": {
    "criteria": {
      "has_stripped_logs": "2025-11-22 22:52:16 +0800"
    },
    "done": true
  },
  "minecraft:recipes/building_blocks/stripped_spruce_wood": {
    "criteria": {
      "has_log": "2025-11-22 22:52:16 +0800"
    },
    "done": true
  },
  "minecraft:recipes/building_blocks/spruce_planks": {
    "criteria": {
      "has_logs": "2025-11-22 22:52:16 +0800"
    },
    "done": true
  },
  "refurbished_furniture:recipes/misc/constructing/spruce_table": {
    "criteria": {
      "has_spruce_planks": "2025-11-22 23:03:53 +0800"
    },
    "done": true
  },
  "refurbished_furniture:recipes/misc/constructing/spruce_kitchen_cabinetry": {
    "criteria": {
      "has_spruce_planks": "2025-11-22 23:03:53 +0800"
    },
    "done": true
  },
  "refurbished_furniture:recipes/misc/constructing/spruce_kitchen_sink": {
    "criteria": {
      "has_spruce_planks": "2025-11-22 23:03:53 +0800"
    },
    "done": true
  },
  "minecraft:recipes/decorations/spruce_sign": {
    "criteria": {
      "has_planks": "2025-11-22 23:03:53 +0800"
    },
    "done": true
  },
  "refurbished_furniture:recipes/misc/constructing/spruce_kitchen_drawer": {
    "criteria": {
      "has_spruce_planks": "2025-11-22 23:03:53 +0800"
    },
    "done": true
  },
  "refurbished_furniture:recipes/misc/constructing/spruce_kitchen_storage_cabinet": {
    "criteria": {
      "has_spruce_planks": "2025-11-22 23:03:53 +0800"
    },
    "done": true
  },
  "refurbished_furniture:recipes/misc/constructing/spruce_bath": {
    "criteria": {
      "has_spruce_planks": "2025-11-22 23:03:53 +0800"
    },
    "done": true
  },
  "refurbished_furniture:recipes/misc/constructing/spruce_storage_jar": {
    "criteria": {
      "has_spruce_planks": "2025-11-22 23:03:53 +0800"
    },
    "done": true
  },
  "refurbished_furniture:recipes/misc/constructing/spruce_light_ceiling_fan": {
    "criteria": {
      "has_spruce_planks": "2025-11-22 23:03:53 +0800"
    },
    "done": true
  },
  "minecraft:recipes/decorations/spruce_fence": {
    "criteria": {
      "has_planks": "2025-11-22 23:03:53 +0800"
    },
    "done": true
  },
  "minecraft:recipes/building_blocks/spruce_slab": {
    "criteria": {
      "has_planks": "2025-11-22 23:03:53 +0800"
    },
    "done": true
  },
  "refurbished_furniture:recipes/misc/constructing/spruce_cutting_board": {
    "criteria": {
      "has_spruce_planks": "2025-11-22 23:03:53 +0800"
    },
    "done": true
  },
  "refurbished_furniture:recipes/misc/constructing/spruce_toilet": {
    "criteria": {
      "has_spruce_planks": "2025-11-22 23:03:53 +0800"
    },
    "done": true
  },
  "minecraft:recipes/redstone/spruce_button": {
    "criteria": {
      "has_planks": "2025-11-22 23:03:53 +0800"
    },
    "done": true
  },
  "refurbished_furniture:recipes/misc/constructing/spruce_mail_box": {
    "criteria": {
      "has_spruce_planks": "2025-11-22 23:03:53 +0800"
    },
    "done": true
  },
  "refurbished_furniture:recipes/misc/constructing/spruce_basin": {
    "criteria": {
      "has_spruce_planks": "2025-11-22 23:03:53 +0800"
    },
    "done": true
  },
  "minecraft:recipes/redstone/spruce_pressure_plate": {
    "criteria": {
      "has_planks": "2025-11-22 23:03:53 +0800"
    },
    "done": true
  },
  "refurbished_furniture:recipes/misc/constructing/spruce_crate": {
    "criteria": {
      "has_spruce_planks": "2025-11-22 23:03:53 +0800"
    },
    "done": true
  },
  "minecraft:recipes/redstone/spruce_trapdoor": {
    "criteria": {
      "has_planks": "2025-11-22 23:03:53 +0800"
    },
    "done": true
  },
  "minecraft:recipes/redstone/spruce_door": {
    "criteria": {
      "has_planks": "2025-11-22 23:03:53 +0800"
    },
    "done": true
  },
  "minecraft:recipes/redstone/spruce_fence_gate": {
    "criteria": {
      "has_planks": "2025-11-22 23:03:53 +0800"
    },
    "done": true
  },
  "refurbished_furniture:recipes/misc/constructing/spruce_desk": {
    "criteria": {
      "has_spruce_planks": "2025-11-22 23:03:53 +0800"
    },
    "done": true
  },
  "refurbished_furniture:recipes/misc/constructing/spruce_storage_cabinet": {
    "criteria": {
      "has_spruce_planks": "2025-11-22 23:03:53 +0800"
    },
    "done": true
  },
  "refurbished_furniture:recipes/misc/constructing/spruce_chair": {
    "criteria": {
      "has_spruce_planks": "2025-11-22 23:03:53 +0800"
    },
    "done": true
  },
  "minecraft:recipes/building_blocks/spruce_stairs": {
    "criteria": {
      "has_planks": "2025-11-22 23:03:53 +0800"
    },
    "done": true
  },
  "refurbished_furniture:recipes/misc/constructing/spruce_drawer": {
    "criteria": {
      "has_spruce_planks": "2025-11-22 23:03:53 +0800"
    },
    "done": true
  },
  "minecraft:recipes/decorations/composter": {
    "criteria": {
      "has_wood_slab": "2025-11-22 23:13:04 +0800"
    },
    "done": true
  },
  "minecraft:recipes/decorations/lime_stained_glass_pane_from_glass_pane": {
    "criteria": {
      "has_glass_pane": "2025-11-22 23:15:24 +0800"
    },
    "done": true
  },
  "minecraft:recipes/decorations/purple_stained_glass_pane_from_glass_pane": {
    "criteria": {
      "has_glass_pane": "2025-11-22 23:15:24 +0800"
    },
    "done": true
  },
  "minecraft:recipes/decorations/blue_stained_glass_pane_from_glass_pane": {
    "criteria": {
      "has_glass_pane": "2025-11-22 23:15:24 +0800"
    },
    "done": true
  },
  "minecraft:recipes/decorations/light_gray_stained_glass_pane_from_glass_pane": {
    "criteria": {
      "has_glass_pane": "2025-11-22 23:15:24 +0800"
    },
    "done": true
  },
  "minecraft:recipes/decorations/orange_stained_glass_pane_from_glass_pane": {
    "criteria": {
      "has_glass_pane": "2025-11-22 23:15:24 +0800"
    },
    "done": true
  },
  "minecraft:recipes/decorations/light_blue_stained_glass_pane_from_glass_pane": {
    "criteria": {
      "has_glass_pane": "2025-11-22 23:15:24 +0800"
    },
    "done": true
  },
  "minecraft:recipes/decorations/green_stained_glass_pane_from_glass_pane": {
    "criteria": {
      "has_glass_pane": "2025-11-22 23:15:24 +0800"
    },
    "done": true
  },
  "webdisplays:root": {
    "criteria": {
      "has_glass_pane": "2025-11-22 23:15:24 +0800"
    },
    "done": true
  },
  "minecraft:recipes/decorations/pink_stained_glass_pane_from_glass_pane": {
    "criteria": {
      "has_glass_pane": "2025-11-22 23:15:24 +0800"
    },
    "done": true
  },
  "minecraft:recipes/decorations/white_stained_glass_pane_from_glass_pane": {
    "criteria": {
      "has_glass_pane": "2025-11-22 23:15:24 +0800"
    },
    "done": true
  },
  "minecraft:recipes/decorations/gray_stained_glass_pane_from_glass_pane": {
    "criteria": {
      "has_glass_pane": "2025-11-22 23:15:24 +0800"
    },
    "done": true
  },
  "minecraft:recipes/decorations/black_stained_glass_pane_from_glass_pane": {
    "criteria": {
      "has_glass_pane": "2025-11-22 23:15:24 +0800"
    },
    "done": true
  },
  "minecraft:recipes/decorations/yellow_stained_glass_pane_from_glass_pane": {
    "criteria": {
      "has_glass_pane": "2025-11-22 23:15:24 +0800"
    },
    "done": true
  },
  "minecraft:recipes/decorations/brown_stained_glass_pane_from_glass_pane": {
    "criteria": {
      "has_glass_pane": "2025-11-22 23:15:24 +0800"
    },
    "done": true
  },
  "minecraft:recipes/decorations/red_stained_glass_pane_from_glass_pane": {
    "criteria": {
      "has_glass_pane": "2025-11-22 23:15:24 +0800"
    },
    "done": true
  },
  "minecraft:recipes/decorations/magenta_stained_glass_pane_from_glass_pane": {
    "criteria": {
      "has_glass_pane": "2025-11-22 23:15:24 +0800"
    },
    "done": true
  },
  "minecraft:recipes/decorations/cyan_stained_glass_pane_from_glass_pane": {
    "criteria": {
      "has_glass_pane": "2025-11-22 23:15:24 +0800"
    },
    "done": true
  },
  "brewery:main/get_whiskey_hadarilabel": {
    "criteria": {
      "whiskey_carrasconlabel": "2025-11-22 23:18:08 +0800"
    },
    "done": true
  },
  "brewery:main/get_whiskey_teras_malt": {
    "criteria": {
      "whiskey_jamesons_malt": "2025-11-22 23:18:13 +0800"
    },
    "done": true
  },
  "brewery:main/get_whiskey_ak": {
    "criteria": {
      "whiskey_ak": "2025-11-22 23:18:19 +0800"
    },
    "done": true
  },
  "brewery:main/get_whiskey_cristelwalker": {
    "criteria": {
      "whiskey_cristelwalker": "2025-11-22 23:18:22 +0800"
    },
    "done": true
  },
  "minecraft:recipes/decorations/glow_item_frame": {
    "criteria": {
      "has_item_frame": "2025-11-22 23:19:43 +0800"
    },
    "done": true
  },
  "brewery:main/get_beer_barley": {
    "criteria": {
      "beer_barley": "2025-11-22 23:20:08 +0800"
    },
    "done": true
  },
  "brewery:main/netherite_brewmaster": {
    "criteria": {
      "brewing_station": "2025-11-22 23:21:00 +0800"
    },
    "done": true
  },
  "brewery:main/get_whiskey_maggoallan": {
    "criteria": {
      "whiskey_maggoallan": "2025-11-22 23:21:22 +0800"
    },
    "done": true
  },
  "brewery:main/get_beer_haley": {
    "criteria": {
      "beer_haley": "2025-11-22 23:21:36 +0800"
    },
    "done": true
  },
  "webdisplays:link_peripheral": {
    "criteria": {
      "link_peripheral": "2025-11-22 23:24:41 +0800"
    },
    "done": true
  },
  "webdisplays:upgrade": {
    "criteria": {
      "upgrade_screen": "2025-11-22 23:25:33 +0800"
    },
    "done": true
  },
  "brewery:main/get_whiskey_jojannik": {
    "criteria": {
      "whiskey_jojannik": "2025-11-22 23:30:33 +0800"
    },
    "done": true
  },
  "brewery:main/get_beer_nettle": {
    "criteria": {
      "beer_nettle": "2025-11-22 23:30:39 +0800"
    },
    "done": true
  },
  "brewery:main/get_beer_wheat": {
    "criteria": {
      "beer_wheat": "2025-11-22 23:30:40 +0800"
    },
    "done": true
  },
  "brewery:main/get_beer_hops": {
    "criteria": {
      "beer_hops": "2025-11-22 23:30:43 +0800"
    },
    "done": true
  },
  "brewery:main/eat_everything": {
    "criteria": {
      "pretzel": "2025-11-22 23:35:17 +0800",
      "fried_chicken": "2025-11-23 01:19:25 +0800"
    },
    "done": false
  },
  "refurbished_furniture:recipes/decorations/oak_dark_ceiling_fan": {
    "criteria": {
      "has_ceiling_fan": "2025-11-22 23:37:17 +0800"
    },
    "done": true
  },
  "refurbished_furniture:recipes/misc/constructing/oak_dark_ceiling_fan": {
    "criteria": {
      "has_oak_light_ceiling_fan": "2025-11-22 23:37:17 +0800"
    },
    "done": true
  },
  "refurbished_furniture:recipes/misc/constructing/dark_microwave": {
    "criteria": {
      "has_light_microwave": "2025-11-22 23:37:56 +0800"
    },
    "done": true
  },
  "refurbished_furniture:recipes/decorations/dark_microwave": {
    "criteria": {
      "has_microwave": "2025-11-22 23:37:56 +0800"
    },
    "done": true
  },
  "minecraft:recipes/misc/coal": {
    "criteria": {
      "has_coal_block": "2025-11-22 23:38:42 +0800"
    },
    "done": true
  },
  "minecraft:end/elytra": {
    "criteria": {
      "elytra": "2025-11-22 23:57:33 +0800"
    },
    "done": true
  },
  "farm_and_charm:recipes/carrot_bag": {
    "criteria": {
      "has_carrot": "2025-11-22 23:58:44 +0800"
    },
    "done": true
  },
  "minecraft:recipes/transportation/carrot_on_a_stick": {
    "criteria": {
      "has_carrot": "2025-11-22 23:58:44 +0800"
    },
    "done": true
  },
  "minecraft:adventure/root": {
    "criteria": {
      "killed_something": "2025-11-22 23:58:44 +0800"
    },
    "done": true
  },
  "minecraft:recipes/transportation/spruce_chest_boat": {
    "criteria": {
      "has_boat": "2025-11-22 23:59:51 +0800"
    },
    "done": true
  },
  "minecraft:recipes/transportation/jungle_chest_boat": {
    "criteria": {
      "has_boat": "2025-11-22 23:59:51 +0800"
    },
    "done": true
  },
  "minecraft:recipes/transportation/acacia_chest_boat": {
    "criteria": {
      "has_boat": "2025-11-22 23:59:51 +0800"
    },
    "done": true
  },
  "minecraft:recipes/transportation/mangrove_chest_boat": {
    "criteria": {
      "has_boat": "2025-11-22 23:59:51 +0800"
    },
    "done": true
  },
  "minecraft:recipes/transportation/oak_chest_boat": {
    "criteria": {
      "has_boat": "2025-11-22 23:59:51 +0800"
    },
    "done": true
  },
  "minecraft:recipes/transportation/cherry_chest_boat": {
    "criteria": {
      "has_boat": "2025-11-22 23:59:51 +0800"
    },
    "done": true
  },
  "minecraft:recipes/transportation/birch_chest_boat": {
    "criteria": {
      "has_boat": "2025-11-22 23:59:51 +0800"
    },
    "done": true
  },
  "minecraft:recipes/transportation/dark_oak_chest_boat": {
    "criteria": {
      "has_boat": "2025-11-22 23:59:51 +0800"
    },
    "done": true
  },
  "minecraft:recipes/transportation/bamboo_chest_raft": {
    "criteria": {
      "has_boat": "2025-11-22 23:59:51 +0800"
    },
    "done": true
  },
  "minecraft:recipes/redstone/dispenser": {
    "criteria": {
      "has_bow": "2025-11-23 00:01:33 +0800"
    },
    "done": true
  },
  "minecraft:recipes/food/cake": {
    "criteria": {
      "has_egg": "2025-11-23 00:04:01 +0800"
    },
    "done": true
  },
  "brewery:main/get_beer_oat": {
    "criteria": {
      "beer_oat": "2025-11-23 00:46:16 +0800"
    },
    "done": true
  },
  "brewery:main/get_whiskey_lilitusinglemalt": {
    "criteria": {
      "whiskey_lilitusinglemalt": "2025-11-23 00:46:20 +0800"
    },
    "done": true
  },
  "brewery:main/get_whiskey_highland_hearth": {
    "criteria": {
      "whiskey_highland_hearth": "2025-11-23 00:46:43 +0800"
    },
    "done": true
  },
  "brewery:main/get_whiskey_smokey_reverie": {
    "criteria": {
      "whiskey_smokey_reverie": "2025-11-23 00:46:46 +0800"
    },
    "done": true
  },
  "refurbished_furniture:recipes/decorations/birch_dark_ceiling_fan": {
    "criteria": {
      "has_ceiling_fan": "2025-11-23 01:08:33 +0800"
    },
    "done": true
  },
  "refurbished_furniture:recipes/misc/constructing/birch_dark_ceiling_fan": {
    "criteria": {
      "has_birch_light_ceiling_fan": "2025-11-23 01:08:33 +0800"
    },
    "done": true
  },
  "farm_and_charm:main/place_water_sprinkler": {
    "criteria": {
      "water_sprinkler": "2025-11-23 01:15:40 +0800"
    },
    "done": true
  },
  "farm_and_charm:main/place_feeding_trough": {
    "criteria": {
      "place_feeding_trough": "2025-11-23 01:15:58 +0800"
    },
    "done": true
  },
  "refurbished_furniture:recipes/misc/constructing/lime_toilet": {
    "criteria": {
      "has_toilets": "2025-11-23 01:24:36 +0800"
    },
    "done": true
  },
  "refurbished_furniture:recipes/misc/constructing/pink_toilet": {
    "criteria": {
      "has_toilets": "2025-11-23 01:24:36 +0800"
    },
    "done": true
  },
  "refurbished_furniture:recipes/misc/constructing/white_toilet": {
    "criteria": {
      "has_toilets": "2025-11-23 01:24:36 +0800"
    },
    "done": true
  },
  "refurbished_furniture:recipes/misc/constructing/red_toilet": {
    "criteria": {
      "has_toilets": "2025-11-23 01:24:36 +0800"
    },
    "done": true
  },
  "refurbished_furniture:recipes/decorations/blue_toilet": {
    "criteria": {
      "has_ceiling_fan": "2025-11-23 01:24:36 +0800"
    },
    "done": true
  },
  "refurbished_furniture:recipes/misc/constructing/gray_toilet": {
    "criteria": {
      "has_toilets": "2025-11-23 01:24:36 +0800"
    },
    "done": true
  },
  "refurbished_furniture:recipes/decorations/orange_toilet": {
    "criteria": {
      "has_ceiling_fan": "2025-11-23 01:24:36 +0800"
    },
    "done": true
  },
  "refurbished_furniture:recipes/misc/constructing/light_blue_toilet": {
    "criteria": {
      "has_toilets": "2025-11-23 01:24:36 +0800"
    },
    "done": true
  },
  "refurbished_furniture:recipes/decorations/purple_toilet": {
    "criteria": {
      "has_ceiling_fan": "2025-11-23 01:24:36 +0800"
    },
    "done": true
  },
  "refurbished_furniture:recipes/misc/constructing/yellow_toilet": {
    "criteria": {
      "has_toilets": "2025-11-23 01:24:36 +0800"
    },
    "done": true
  },
  "refurbished_furniture:recipes/decorations/black_toilet": {
    "criteria": {
      "has_ceiling_fan": "2025-11-23 01:24:36 +0800"
    },
    "done": true
  },
  "refurbished_furniture:recipes/misc/constructing/blue_toilet": {
    "criteria": {
      "has_toilets": "2025-11-23 01:24:36 +0800"
    },
    "done": true
  },
  "refurbished_furniture:recipes/misc/constructing/magenta_toilet": {
    "criteria": {
      "has_toilets": "2025-11-23 01:24:36 +0800"
    },
    "done": true
  },
  "refurbished_furniture:recipes/decorations/light_blue_toilet": {
    "criteria": {
      "has_ceiling_fan": "2025-11-23 01:24:36 +0800"
    },
    "done": true
  },
  "refurbished_furniture:recipes/decorations/light_gray_toilet": {
    "criteria": {
      "has_ceiling_fan": "2025-11-23 01:24:36 +0800"
    },
    "done": true
  },
  "refurbished_furniture:recipes/misc/constructing/black_toilet": {
    "criteria": {
      "has_toilets": "2025-11-23 01:24:36 +0800"
    },
    "done": true
  },
  "refurbished_furniture:recipes/misc/constructing/brown_toilet": {
    "criteria": {
      "has_toilets": "2025-11-23 01:24:36 +0800"
    },
    "done": true
  },
  "refurbished_furniture:recipes/decorations/cyan_toilet": {
    "criteria": {
      "has_ceiling_fan": "2025-11-23 01:24:36 +0800"
    },
    "done": true
  },
  "refurbished_furniture:recipes/misc/constructing/green_toilet": {
    "criteria": {
      "has_toilets": "2025-11-23 01:24:36 +0800"
    },
    "done": true
  },
  "refurbished_furniture:recipes/misc/constructing/orange_toilet": {
    "criteria": {
      "has_toilets": "2025-11-23 01:24:36 +0800"
    },
    "done": true
  },
  "refurbished_furniture:recipes/misc/constructing/light_gray_toilet": {
    "criteria": {
      "has_toilets": "2025-11-23 01:24:36 +0800"
    },
    "done": true
  },
  "refurbished_furniture:recipes/decorations/red_toilet": {
    "criteria": {
      "has_ceiling_fan": "2025-11-23 01:24:36 +0800"
    },
    "done": true
  },
  "refurbished_furniture:recipes/decorations/white_toilet": {
    "criteria": {
      "has_ceiling_fan": "2025-11-23 01:24:36 +0800"
    },
    "done": true
  },
  "refurbished_furniture:recipes/decorations/green_toilet": {
    "criteria": {
      "has_ceiling_fan": "2025-11-23 01:24:36 +0800"
    },
    "done": true
  },
  "refurbished_furniture:recipes/decorations/brown_toilet": {
    "criteria": {
      "has_ceiling_fan": "2025-11-23 01:24:36 +0800"
    },
    "done": true
  },
  "refurbished_furniture:recipes/misc/constructing/purple_toilet": {
    "criteria": {
      "has_toilets": "2025-11-23 01:24:36 +0800"
    },
    "done": true
  },
  "refurbished_furniture:recipes/misc/constructing/cyan_toilet": {
    "criteria": {
      "has_toilets": "2025-11-23 01:24:36 +0800"
    },
    "done": true
  },
  "refurbished_furniture:recipes/decorations/pink_toilet": {
    "criteria": {
      "has_ceiling_fan": "2025-11-23 01:24:36 +0800"
    },
    "done": true
  },
  "refurbished_furniture:recipes/decorations/yellow_toilet": {
    "criteria": {
      "has_ceiling_fan": "2025-11-23 01:24:36 +0800"
    },
    "done": true
  },
  "refurbished_furniture:recipes/decorations/gray_toilet": {
    "criteria": {
      "has_ceiling_fan": "2025-11-23 01:24:36 +0800"
    },
    "done": true
  },
  "refurbished_furniture:recipes/decorations/magenta_toilet": {
    "criteria": {
      "has_ceiling_fan": "2025-11-23 01:24:36 +0800"
    },
    "done": true
  },
  "refurbished_furniture:recipes/decorations/lime_toilet": {
    "criteria": {
      "has_ceiling_fan": "2025-11-23 01:24:36 +0800"
    },
    "done": true
  },
  "minecraft:recipes/redstone/redstone": {
    "criteria": {
      "has_redstone_block": "2025-11-23 01:26:21 +0800"
    },
    "done": true
  },
  "school:school_mod": {
    "criteria": {
      "school_mod_0": "2025-12-03 08:21:19 +0800"
    },
    "done": true
  },
  "school:wake_up": {
    "criteria": {
      "wake_up_0": "2025-12-03 08:29:37 +0800"
    },
    "done": true
  },
  "yuushya:recipes/pictor": {
    "criteria": {
      "has_iron_ingot": "2025-12-03 08:21:19 +0800"
    },
    "done": true
  },
  "candlelight:main/root": {
    "criteria": {
      "seeds": "2025-12-03 08:21:19 +0800"
    },
    "done": true
  },
  "DataVersion": 3465
}