{"stats":{"minecraft:used":{"supplementaries:slingshot":5,"minecraft:dark_oak_planks":87,"xercapaint:item_canvas":6,"supplementaries:slidy_block":2,"minecraft:oak_button":2,"minecraft:stone_button":1,"xercapaint:item_easel":2,"supplementaries:cannon":2,"xercapaint:item_canvas_large":9,"supplementaries:soap":1,"supplementaries:speaker_block":2},"minecraft:custom":{"minecraft:time_since_rest":59891,"minecraft:open_chest":1,"minecraft:crouch_one_cm":1640,"minecraft:play_time":59891,"minecraft:sprint_one_cm":25606,"minecraft:walk_one_cm":82936,"minecraft:sneak_time":350,"minecraft:drop":2,"minecraft:jump":217,"minecraft:time_since_death":59891,"minecraft:total_world_time":59891,"minecraft:fly_one_cm":174240,"minecraft:inspect_dispenser":4},"minecraft:picked_up":{"xercapaint:item_canvas_long":1,"xercapaint:item_canvas_tall":1,"xercapaint:item_canvas_large":2,"minecraft:stone_button":1,"netmusic:music_cd":3,"minecraft:gunpowder":64,"xercapaint:item_canvas":6},"minecraft:dropped":{"netmusic:music_cd":1,"supplementaries:slidy_block":1}},"DataVersion":3465}