{"stats":{"minecraft:custom":{"minecraft:time_since_rest":227891,"minecraft:open_chest":2,"minecraft:sprint_one_cm":239,"minecraft:crouch_one_cm":6,"minecraft:play_time":227891,"minecraft:walk_one_cm":128468,"minecraft:sneak_time":2439,"minecraft:jump":234,"minecraft:leave_game":2,"minecraft:time_since_death":227891,"minecraft:total_world_time":227891,"minecraft:fly_one_cm":1281865},"minecraft:used":{"theatricalextralights:laser":3,"theatricalextralights:a2x2par64_blue":2,"theatricalextralights:x8par_warm":1,"theatrical:pipe":17,"theatrical:truss":349,"theatricalextralights:mac_vip":4,"theatrical:redstone_interface":16,"minecraft:oak_planks":4,"theatricalextralights:washlight":23,"minecraft:spruce_planks":1,"theatricalextralights:rgb_bar":2,"theatricalextralights:strobe":1,"supplementaries:speaker_block":174,"theatrical:basic_lighting_desk":8,"theatricalextralights:moving_vl6":15},"minecraft:picked_up":{"theatrical:configuration_card":1}},"DataVersion":3465}