{"stats":{"minecraft:used":{"minecraft:oak_log":1,"webdisplays:linker":4,"minecraft:oak_fence":12,"minecraft:dark_oak_planks":87,"minecraft:trident":5,"brewery:table":3,"brewery:half_chicken":2,"brewery:brewery_banner":1,"xercapaint:item_canvas":6,"brewery:bar_counter":18,"webdisplays:keyboard":2,"minecraft:gray_stained_glass_pane":30,"supplementaries:slidy_block":2,"minecraft:light_gray_concrete":231,"minecraft:grass_block":6,"brewery:beer_barley":3,"minecraft:oak_button":2,"minecraft:ladder":5,"minecraft:stone_button":1,"brewery:whiskey_cristelwalker":3,"xercapaint:item_easel":9,"minecraft:spruce_planks":335,"brewery:netherite_brewingstation":6,"supplementaries:cannon":13,"xercapaint:item_canvas_large":24,"brewery:breathalyzer":5,"supplementaries:speaker_block":2,"brewery:whiskey_ak":4,"refurbished_furniture:spruce_chair":11,"brewery:bench":4,"supplementaries:slingshot":5,"minecraft:item_frame":1,"minecraft:glow_item_frame":1,"brewery:beer_haley":13,"brewery:beer_mug":3,"brewery:barrel_main":6,"brewery:whiskey_maggoallan":3,"minecraft:oak_slab":40,"minecraft:crafting_table":2,"minecraft:stripped_oak_wood":587,"supplementaries:fine_wood":9,"brewery:whiskey_jamesons_malt":4,"minecraft:ochre_froglight":57,"brewery:whiskey_carrasconlabel":5,"supplementaries:item_shelf":21,"brewery:drawer":5,"minecraft:snowball":135,"supplementaries:soap":1,"webdisplays:screen":175,"minecraft:stripped_spruce_log":598,"brewery:pork_knuckle":1},"minecraft:custom":{"minecraft:time_since_rest":186392,"minecraft:sprint_one_cm":92551,"minecraft:walk_one_cm":315523,"minecraft:drop":8,"minecraft:interact_with_crafting_table":3,"minecraft:fly_one_cm":722685,"minecraft:open_chest":1,"minecraft:crouch_one_cm":3912,"minecraft:play_time":186392,"minecraft:sneak_time":2291,"minecraft:jump":677,"minecraft:leave_game":7,"minecraft:time_since_death":186392,"minecraft:total_world_time":186392,"minecraft:climb_one_cm":388,"minecraft:inspect_dispenser":6},"minecraft:picked_up":{"minecraft:dolphin_spawn_egg":1,"minecraft:ladder":4,"xercapaint:item_canvas_large":7,"minecraft:stone_button":1,"netmusic:music_cd":3,"minecraft:trident":2,"minecraft:gunpowder":192,"xercapaint:item_canvas":6,"minecraft:gray_stained_glass_pane":1,"xercapaint:item_canvas_long":1,"xercapaint:item_canvas_tall":1},"minecraft:dropped":{"supplementaries:soap":1,"minecraft:gray_stained_glass_pane":1,"netmusic:music_cd":1,"supplementaries:cannon":1,"minecraft:oak_fence":1,"supplementaries:slidy_block":1,"minecraft:grass_block":2}},"DataVersion":3465}