{"stats":{"minecraft:custom":{"minecraft:jump":35,"minecraft:time_since_rest":36782,"minecraft:crouch_one_cm":4,"minecraft:sprint_one_cm":160,"minecraft:leave_game":1,"minecraft:play_time":36782,"minecraft:time_since_death":36782,"minecraft:walk_one_cm":23287,"minecraft:sneak_time":223,"minecraft:total_world_time":36782,"minecraft:fly_one_cm":74521},"minecraft:used":{"theatricalextralights:x8par_warm":1,"theatricalextralights:a2x2par64_blue":2,"theatricalextralights:rgb_bar":2,"theatrical:pipe":4,"supplementaries:speaker_block":11,"theatrical:basic_lighting_desk":6,"theatricalextralights:laser":3}},"DataVersion":3465}