{"stats":{"minecraft:custom":{"minecraft:mob_kills":9,"minecraft:leave_game":4,"minecraft:time_since_death":495653,"minecraft:time_since_rest":495653,"minecraft:sprint_one_cm":242893,"minecraft:walk_one_cm":703512,"minecraft:drop":75,"minecraft:fly_one_cm":1616569,"minecraft:crouch_one_cm":239,"minecraft:play_time":495653,"minecraft:sneak_time":2316,"minecraft:jump":3363,"minecraft:total_world_time":495653},"minecraft:killed":{"minecraft:iron_golem":1,"minecraft:villager":8},"minecraft:picked_up":{"minecraft:splash_potion":1,"webdisplays:server":1,"minecraft:spruce_planks":1,"minecraft:coal_block":64,"xercapaint:item_canvas_large":3,"xercapaint:item_palette":1,"netmusic:music_cd":2,"minecraft:redstone":133,"xercapaint:item_canvas_long":1,"minecraft:command_block":5,"theatrical:truss":65,"minecraft:oak_button":1},"minecraft:used":{"webdisplays:linker":3,"minecraft:dirt_path":45,"theatricalextralights:sharplus":20,"theatricalextralights:moving_vl2c":3,"theatrical:led_panel":4,"theatrical:truss":523,"webdisplays:keyboard":3,"theatricalextralights:x8par_purple":1,"minecraft:redstone":62,"minecraft:oak_planks":304,"supplementaries:crystal_display":3,"theatrical:moving_wash":13,"minecraft:spruce_planks":660,"minecraft:tinted_glass":136,"supplementaries:sconce_lever":1,"minecraft:redstone_block":71,"refurbished_furniture:orange_sofa":3,"theatrical:led_fresnel":6,"supplementaries:slingshot":14,"theatricalextralights:moving500":3,"minecraft:dirt":3,"theatricalextralights:beam_7r":5,"theatricalextralights:moving_scan":50,"minecraft:tnt":20,"supplementaries:faucet":5,"supplementaries:bomb":42,"xercapaint:item_canvas_long":2,"refurbished_furniture:oak_light_ceiling_fan":1,"theatrical:moving_light":52,"refurbished_furniture:pink_lamp":1,"minecraft:black_concrete_powder":20,"theatricalextralights:strobe":34,"refurbished_furniture:computer":1,"minecraft:stripped_spruce_log":6,"netmusic:cd_burner":1,"refurbished_furniture:dark_oak_light_ceiling_fan":3,"minecraft:black_terracotta":5,"refurbished_furniture:black_lamp":1,"refurbished_furniture:dark_electricity_generator":1,"theatricalextralights:followspot":37,"minecraft:lever":17,"webdisplays:rctrl":1,"supplementaries:relayer":9,"minecraft:black_concrete":560,"minecraft:black_wool":7,"supplementaries:bellows":6,"theatrical:tank_trap":5,"theatricalextralights:par1000_white":1,"minecraft:grass_block":199,"minecraft:oak_stairs":11,"minecraft:oak_button":2,"webdisplays:server":30,"theatricalextralights:atomictilt":32,"webdisplays:redctrl":72,"refurbished_furniture:spruce_table":11,"theatricalextralights:blinder_warm":1,"supplementaries:cannon":1,"net_music_list:ender_music_player":3,"xercapaint:item_canvas_large":4,"refurbished_furniture:light_electricity_generator":15,"supplementaries:speaker_block":12,"supplementaries:bomb_blue":84,"minecraft:light_gray_wool":39,"minecraft:repeater":12,"theatrical:pipe":16,"refurbished_furniture:workbench":3,"theatrical:redstone_interface":6,"refurbished_furniture:black_bath":8,"netmusic:computer":2,"webdisplays:screen":26,"theatrical:basic_lighting_desk":20,"minecraft:splash_potion":188,"minecraft:birch_stairs":1},"minecraft:dropped":{"netmusic:music_cd":1,"xercapaint:item_canvas_long":1,"webdisplays:server":1,"theatrical:truss":65,"minecraft:spruce_planks":1,"refurbished_furniture:meatlovers_pizza_slice":1,"supplementaries:bomb_blue":64,"refurbished_furniture:knife":1,"minecraft:splash_potion":1,"net_music_list:manual":1,"minecraft:redstone":64}},"DataVersion":3465}