{"stats":{"minecraft:picked_up":{"kaleidoscope_doll:doll_entity_item":1,"minecraft:stick":2,"refurbished_furniture:wrench":1,"minecraft:quartz_pillar":1},"minecraft:dropped":{"minecraft:quartz_pillar":1,"kaleidoscope_doll:doll_entity_item":1,"minecraft:stick":2},"minecraft:used":{"school:itmusthavebeen_optifinetodoit":2,"minecraft:black_concrete":66,"minecraft:dirt":28,"minecraft:terracotta":1,"theatrical:truss":1079,"minecraft:quartz_pillar":484,"minecraft:spruce_wood":268,"minecraft:grass_block":5,"refurbished_furniture:cheese_toastie":1,"kaleidoscope_doll:doll_entity_item":1,"minecraft:spruce_planks":595,"minecraft:white_concrete":156,"minecraft:polished_granite":1,"brewery:whiskey_carrasconlabel":1,"webdisplays:screen":732,"minecraft:stripped_spruce_log":387},"minecraft:custom":{"minecraft:time_since_rest":525904,"minecraft:crouch_one_cm":155,"minecraft:sprint_one_cm":122315,"minecraft:play_time":525904,"minecraft:walk_one_cm":664014,"minecraft:sneak_time":864,"minecraft:drop":4,"minecraft:jump":779,"minecraft:leave_game":6,"minecraft:time_since_death":525904,"minecraft:total_world_time":525904,"minecraft:fly_one_cm":3872848}},"DataVersion":3465}