{"stats":{"minecraft:used":{"minecraft:birch_door":1,"minecraft:oak_fence":12,"minecraft:glass":202,"minecraft:netherite_block":161,"minecraft:ender_eye":331,"minecraft:diorite":6,"minecraft:end_rod":391,"minecraft:black_concrete":447,"minecraft:firework_rocket":609,"webdisplays:keyboard":1,"minecraft:flint_and_steel":9,"minecraft:yellow_stained_glass":1,"brewery:mashed_potatoes":27,"minecraft:smooth_quartz_slab":193,"minecraft:grass_block":120,"minecraft:red_stained_glass":124,"minecraft:elytra":1,"minecraft:smooth_quartz":206,"minecraft:beacon":51,"minecraft:diorite_wall":32,"minecraft:item_frame":1,"minecraft:white_candle":34,"minecraft:white_wool":38,"minecraft:crafting_table":1,"minecraft:white_stained_glass_pane":52,"minecraft:white_stained_glass":6,"minecraft:glass_pane":761,"minecraft:pink_stained_glass":5,"netmusic:music_player":13,"minecraft:jukebox":1,"minecraft:polished_diorite":75,"minecraft:diorite_slab":50,"minecraft:experience_bottle":305},"minecraft:custom":{"minecraft:time_since_rest":30161,"minecraft:sprint_one_cm":70826,"minecraft:walk_one_cm":326820,"minecraft:damage_taken":320,"minecraft:drop":5,"minecraft:interact_with_beacon":6,"minecraft:interact_with_crafting_table":1,"minecraft:fly_one_cm":1638673,"minecraft:open_chest":5,"minecraft:crouch_one_cm":1711,"minecraft:play_time":452978,"minecraft:deaths":1,"minecraft:sneak_time":8996,"minecraft:aviate_one_cm":744209,"minecraft:jump":591,"minecraft:leave_game":11,"minecraft:time_since_death":30119,"minecraft:total_world_time":452978},"minecraft:picked_up":{"netmusic:music_cd":20,"minecraft:white_candle":1,"minecraft:ender_eye":257,"minecraft:smooth_quartz":3,"minecraft:smooth_quartz_slab":1},"minecraft:dropped":{"minecraft:smooth_quartz":3,"minecraft:smooth_quartz_slab":1,"minecraft:white_candle":1}},"DataVersion":3465}