{"stats":{"minecraft:custom":{"minecraft:jump":244,"minecraft:time_since_rest":19751,"minecraft:crouch_one_cm":82,"minecraft:sprint_one_cm":16648,"minecraft:play_time":19751,"minecraft:time_since_death":19751,"minecraft:walk_one_cm":27542,"minecraft:sneak_time":42,"minecraft:total_world_time":19751,"minecraft:drop":1,"minecraft:fly_one_cm":46869},"minecraft:picked_up":{"netmusic:music_cd":1},"minecraft:used":{"minecraft:oak_planks":1,"theatrical:moving_wash":1,"theatrical:moving_light":1,"minecraft:dirt":3,"theatrical:basic_lighting_desk":1},"minecraft:dropped":{"netmusic:music_cd":1}},"DataVersion":3465}