{"stats":{"minecraft:dropped":{"school:tabletennistable":2},"minecraft:mined":{"school:tabletennistable":1},"minecraft:picked_up":{"school:tabletennistable":2},"minecraft:custom":{"minecraft:jump":118,"minecraft:time_since_rest":414,"minecraft:deaths":17,"minecraft:crouch_one_cm":1655,"minecraft:leave_game":1,"minecraft:play_time":34626,"minecraft:sprint_one_cm":23516,"minecraft:damage_taken":810,"minecraft:time_since_death":393,"minecraft:walk_one_cm":81078,"minecraft:sneak_time":872,"minecraft:total_world_time":34626,"minecraft:fall_one_cm":3212,"minecraft:drop":2,"minecraft:fly_one_cm":228351},"minecraft:used":{"minecraft:redstone":82,"minecraft:repeating_command_block":1,"minecraft:redstone_lamp":7,"minecraft:anvil":25,"school:tabletennistable":6}},"DataVersion":3465}