{"stats":{"minecraft:custom":{"minecraft:time_since_rest":289864,"minecraft:open_chest":1,"minecraft:crouch_one_cm":1074,"minecraft:sprint_one_cm":32194,"minecraft:play_time":289864,"minecraft:walk_one_cm":169881,"minecraft:sneak_time":5807,"minecraft:drop":5,"minecraft:aviate_one_cm":744209,"minecraft:jump":368,"minecraft:leave_game":8,"minecraft:time_since_death":289864,"minecraft:total_world_time":289864,"minecraft:fly_one_cm":1148589},"minecraft:used":{"minecraft:birch_door":1,"minecraft:oak_fence":12,"minecraft:item_frame":1,"minecraft:glass":153,"minecraft:white_wool":38,"minecraft:ender_eye":331,"minecraft:diorite":6,"minecraft:end_rod":391,"minecraft:firework_rocket":609,"minecraft:flint_and_steel":9,"minecraft:smooth_quartz_slab":193,"minecraft:elytra":1,"minecraft:glass_pane":206,"minecraft:smooth_quartz":206,"minecraft:diorite_wall":32,"minecraft:diorite_slab":50,"minecraft:polished_diorite":75,"minecraft:experience_bottle":305,"minecraft:white_candle":10},"minecraft:picked_up":{"minecraft:ender_eye":257,"minecraft:smooth_quartz":3,"netmusic:music_cd":5,"minecraft:smooth_quartz_slab":1,"minecraft:white_candle":1},"minecraft:dropped":{"minecraft:smooth_quartz_slab":1,"minecraft:white_candle":1,"minecraft:smooth_quartz":3}},"DataVersion":3465}