{"stats":{"minecraft:custom":{"minecraft:jump":314,"minecraft:time_since_rest":278240,"minecraft:crouch_one_cm":155,"minecraft:leave_game":5,"minecraft:play_time":278240,"minecraft:sprint_one_cm":51352,"minecraft:time_since_death":278240,"minecraft:walk_one_cm":323861,"minecraft:sneak_time":657,"minecraft:total_world_time":278240,"minecraft:fly_one_cm":1755345},"minecraft:used":{"minecraft:spruce_planks":595,"minecraft:dirt":28,"minecraft:black_concrete":62,"minecraft:white_concrete":147,"theatrical:truss":1079,"brewery:whiskey_carrasconlabel":1,"webdisplays:screen":732,"minecraft:stripped_spruce_log":387,"minecraft:grass_block":2,"refurbished_furniture:cheese_toastie":1}},"DataVersion":3465}