{"stats":{"minecraft:mined":{"minecraft:sand":5},"minecraft:custom":{"minecraft:mob_kills":1,"minecraft:interact_with_anvil":4,"minecraft:inspect_hopper":42,"minecraft:interact_with_crafting_table":10,"minecraft:open_shulker_box":11,"minecraft:leave_game":34,"minecraft:time_since_death":497342,"minecraft:climb_one_cm":2177,"minecraft:damage_resisted":144,"minecraft:sprint_one_cm":569408,"minecraft:walk_one_cm":2228954,"minecraft:drop":487,"minecraft:play_time":2018580,"minecraft:deaths":24,"minecraft:sneak_time":22161,"minecraft:jump":3761,"minecraft:walk_on_water_one_cm":4615,"minecraft:total_world_time":2018580,"minecraft:sleep_in_bed":1,"minecraft:time_since_rest":497378,"minecraft:damage_taken":4956,"minecraft:damage_absorbed":115240,"minecraft:damage_dealt":16,"minecraft:interact_with_beacon":36,"minecraft:fly_one_cm":4825105,"minecraft:open_chest":231,"minecraft:crouch_one_cm":16561,"minecraft:aviate_one_cm":744209,"minecraft:fall_one_cm":45748,"minecraft:inspect_dispenser":9},"minecraft:used":{"brewery:pork_knuckle":133,"minecraft:oak_fence":12,"minecraft:moss_carpet":3,"supplementaries:cog_block":105,"farm_and_charm:lamb_with_corn":20,"theatricalextralights:vl6000":1,"refurbished_furniture:light_gray_sofa":58,"minecraft:flint_and_steel":10,"brewery:mashed_potatoes":27,"minecraft:smooth_quartz_slab":193,"minecraft:carved_pumpkin":22,"minecraft:redstone":156,"minecraft:elytra":1,"supplementaries:crystal_display":2,"minecraft:black_carpet":109,"xercapaint:item_easel":1,"minecraft:spruce_planks":53,"minecraft:chest":73,"refurbished_furniture:light_fridge":6,"supplementaries:gold_door":3,"brewery:netherite_brewingstation":10,"minecraft:stripped_jungle_wood":5,"brewery:breathalyzer":10,"brewery:fried_chicken":7,"minecraft:white_candle":34,"supplementaries:redstone_illuminator":1,"minecraft:orange_stained_glass":2,"minecraft:torch":5,"minecraft:dirt":291,"minecraft:soul_sand":29,"supplementaries:trapped_present_red":159,"minecraft:anvil":22,"theatricalextralights:truss_3lights":1,"minecraft:hopper":41,"minecraft:blue_stained_glass":1,"theatricalextralights:source_four":2,"xercapaint:item_canvas_long":1,"minecraft:jungle_planks":1,"refurbished_furniture:television":78,"supplementaries:present_red":21,"minecraft:snowball":1204,"netmusic:music_player":26,"minecraft:oak_fence_gate":8,"minecraft:polished_diorite":75,"minecraft:birch_door":1,"minecraft:glass":316,"minecraft:dark_oak_planks":44,"refurbished_furniture:recycle_bin":16,"webdisplays:rctrl":9,"minecraft:lava_bucket":1,"brewery:brewery_banner":25,"minecraft:yellow_stained_glass":35,"minecraft:iron_block":4,"minecraft:grass_block":668,"minecraft:oak_stairs":15,"minecraft:smooth_quartz":206,"supplementaries:speaker_block":21,"minecraft:diorite_wall":32,"minecraft:item_frame":1,"minecraft:bedrock":62,"supplementaries:bomb_blue":2,"refurbished_furniture:bread_slice":6,"minecraft:repeater":17,"minecraft:redstone_lamp":243,"minecraft:black_stained_glass":147,"minecraft:scaffolding":4094,"minecraft:goat_horn":1,"minecraft:wolf_spawn_egg":624,"minecraft:white_stained_glass_pane":52,"minecraft:egg":278,"minecraft:dragon_head":1,"webdisplays:screencfg":3,"netmusic:computer":2,"minecraft:enchanted_golden_apple":867,"refurbished_furniture:oak_table":6,"theatrical:basic_lighting_desk":1,"minecraft:stripped_spruce_wood":13,"farm_and_charm:stuffed_chicken":5,"webdisplays:linker":74,"webdisplays:ownerthief":2,"minecraft:water_bucket":54,"brewery:half_chicken":27,"minecraft:diorite":6,"minecraft:end_rod":391,"xercapaint:item_canvas":15,"webdisplays:keyboard":3,"theatrical:truss":1,"minecraft:red_stained_glass":125,"supplementaries:netherite_door":5,"minecraft:oak_planks":166,"minecraft:ender_pearl":35,"theatrical:moving_wash":1,"minecraft:magenta_stained_glass":1,"minecraft:beacon":79,"farm_and_charm:bacon_with_eggs":44,"brewery:beer_wheat":35,"minecraft:white_wool":38,"minecraft:sand":218,"minecraft:tnt":13,"minecraft:oak_slab":269,"minecraft:crafting_table":2,"supplementaries:bomb":3,"minecraft:birch_sign":2,"minecraft:polar_bear_spawn_egg":114,"minecraft:lingering_potion":1182,"minecraft:piston":4,"minecraft:lightning_rod":1,"minecraft:purple_stained_glass":1,"minecraft:cyan_stained_glass":1,"minecraft:sticky_piston":1,"minecraft:redstone_torch":1,"minecraft:netherite_block":2090,"refurbished_furniture:dark_electricity_generator":7,"minecraft:lever":17,"minecraft:ender_eye":331,"minecraft:black_wool":290,"minecraft:black_concrete":3421,"minecraft:firework_rocket":4790,"minecraft:string":3,"xercapaint:item_canvas_large":16,"supplementaries:fire_pit":115,"minecraft:polished_andesite_slab":2,"minecraft:coal_block":2,"brewery:whiskey_smokey_reverie":38,"minecraft:fire_charge":379,"minecraft:potion":1,"minecraft:pink_shulker_box":1,"refurbished_furniture:oak_chair":6,"minecraft:stripped_oak_log":2,"minecraft:splash_potion":459,"theatrical:redstone_interface":4,"minecraft:white_stained_glass":7,"minecraft:diorite_slab":50,"minecraft:glass_pane":773,"minecraft:pink_stained_glass":6,"refurbished_furniture:black_bath":1,"minecraft:cobweb":12,"webdisplays:screen":2221,"minecraft:coarse_dirt":1,"minecraft:jukebox":1,"minecraft:experience_bottle":1155},"minecraft:picked_up":{"minecraft:lingering_potion":2,"minecraft:black_carpet":2,"minecraft:firework_star":511,"minecraft:splash_potion":1,"refurbished_furniture:wrench":1,"brewery:sausage":1,"brewery:fried_chicken":384,"refurbished_furniture:oak_chair":1,"minecraft:oak_stairs":23,"minecraft:oak_trapdoor":1,"minecraft:pink_shulker_box":13,"netmusic:music_player":1,"xercapaint:item_canvas_tall":1,"minecraft:spruce_planks":1,"minecraft:redstone_torch":1,"refurbished_furniture:light_electricity_generator":1,"minecraft:ender_eye":257,"minecraft:enchanted_golden_apple":29,"minecraft:smooth_quartz":3,"minecraft:lectern":1,"minecraft:coal_block":1363,"xercapaint:item_easel":1,"webdisplays:screen":1,"minecraft:stone":1,"minecraft:oak_fence":1,"supplementaries:netherite_door":2,"minecraft:torch":2,"minecraft:bowl":4,"net_music_list:music_list":2,"minecraft:fire_charge":39,"minecraft:white_dye":64,"minecraft:redstone":1,"minecraft:end_crystal":1,"minecraft:gray_shulker_box":5,"brewery:half_chicken":1898,"minecraft:brown_dye":1,"minecraft:dark_oak_planks":1,"brewery:brewery_banner":2,"supplementaries:present_red":14,"minecraft:blue_dye":1,"supplementaries:ash":21,"minecraft:white_terracotta":9,"minecraft:snowball":1,"minecraft:cobblestone":10,"theatrical:basic_lighting_desk":1,"minecraft:yellow_dye":1,"minecraft:oak_log":42,"minecraft:yellow_bed":2,"minecraft:gunpowder":438,"minecraft:cobblestone_stairs":2,"brewery:beer_wheat":3,"xercapaint:item_canvas":4,"minecraft:dirt":195,"minecraft:paper":575,"brewery:breathalyzer":1,"minecraft:light_blue_dye":1,"minecraft:oak_planks":37,"brewery:netherite_brewingstation":2,"minecraft:scaffolding":495,"minecraft:oak_slab":6,"brewery:pork_knuckle":320,"refurbished_furniture:recycle_bin":66,"xercapaint:item_canvas_large":4,"minecraft:sand":103,"netmusic:music_cd":76,"minecraft:diamond_block":3,"xercapaint:item_palette":1,"minecraft:mossy_cobblestone":6,"minecraft:netherite_block":2,"supplementaries:clock_block":1,"minecraft:lime_dye":1,"minecraft:firework_rocket":320,"minecraft:white_candle":1,"xercapaint:item_canvas_long":2,"refurbished_furniture:light_gray_sofa":3,"minecraft:black_concrete":2,"minecraft:lever":8,"webdisplays:minepad":1,"minecraft:cyan_dye":1,"refurbished_furniture:bread_slice":2,"minecraft:terracotta":2,"minecraft:black_wool":1,"supplementaries:trapped_present_red":178,"minecraft:hopper":2,"refurbished_furniture:television_remote":2,"minecraft:smooth_quartz_slab":1,"brewery:whiskey_smokey_reverie":65},"minecraft:crafted":{"minecraft:firework_star":17,"minecraft:firework_rocket":6},"minecraft:dropped":{"refurbished_furniture:oak_chair":2,"refurbished_furniture:oak_table":1,"minecraft:oak_slab":7,"supplementaries:netherite_door":4,"netmusic:music_cd":4,"minecraft:oak_log":16,"supplementaries:speaker_block":1,"minecraft:mossy_cobblestone":3,"minecraft:diamond":1,"minecraft:cyan_dye":1,"brewery:pork_knuckle":704,"minecraft:coal_block":1818,"minecraft:dirt":2,"minecraft:blue_dye":1,"farm_and_charm:farmers_bread":447,"minecraft:torch":2,"minecraft:yellow_dye":1,"minecraft:smooth_quartz":3,"minecraft:fire_charge":64,"minecraft:smooth_quartz_slab":1,"minecraft:oak_stairs":14,"minecraft:red_dye":1,"minecraft:black_concrete":3,"minecraft:paper":706,"minecraft:dark_oak_planks":1,"minecraft:gray_dye":1,"minecraft:end_crystal":1,"minecraft:redstone":1,"supplementaries:gold_door":1,"minecraft:anvil":1,"minecraft:brown_dye":1,"minecraft:lever":1,"minecraft:diamond_block":3,"minecraft:polished_andesite_slab":1,"webdisplays:screen":1,"brewery:half_chicken":1856,"minecraft:bowl":3,"minecraft:black_carpet":1,"minecraft:oak_planks":28,"farm_and_charm:dog_food":192,"minecraft:enchanted_golden_apple":66,"minecraft:white_candle":1,"minecraft:lime_dye":1,"brewery:fried_chicken":448,"brewery:brewery_banner":1,"minecraft:glass_pane":1,"supplementaries:trapped_present_red":18,"minecraft:firework_star":710,"minecraft:light_blue_dye":1,"minecraft:gunpowder":551,"minecraft:netherite_block":2,"farm_and_charm:cooked_salmon":64,"minecraft:hopper":4,"minecraft:yellow_bed":2,"minecraft:chest":1,"minecraft:redstone_torch":1,"minecraft:painting":1,"minecraft:white_dye":255,"minecraft:gray_shulker_box":1,"farm_and_charm:farmers_breakfast":1,"minecraft:scaffolding":423,"refurbished_furniture:television_remote":1,"minecraft:white_stained_glass":1,"refurbished_furniture:light_gray_sofa":4,"minecraft:black_wool":2,"minecraft:firework_rocket":329},"minecraft:killed":{"minecraft:wandering_trader":1}},"DataVersion":3465}