{"stats":{"minecraft:dropped":{"webdisplays:laserpointer":1,"theatrical:moving_light":2,"netmusic:music_cd":2,"yuushya:beef":1,"minecraft:quartz_block":5,"minecraft:smooth_quartz":1},"minecraft:picked_up":{"school:alcohol_lamp":1,"minecraft:quartz_block":16,"minecraft:stone_bricks":2,"webdisplays:laserpointer":2,"yuushya:beef":1,"netmusic:music_cd":2,"theatrical:moving_light":1,"school:classroomdoors":2,"minecraft:dirt":6,"yuushya:sleeping_orange_cat":1},"minecraft:custom":{"minecraft:open_chest":6,"minecraft:time_since_rest":18412,"minecraft:play_time":61147,"minecraft:sprint_one_cm":517,"minecraft:deaths":1,"minecraft:walk_one_cm":128675,"minecraft:sneak_time":61,"minecraft:walk_under_water_one_cm":69,"minecraft:drop":12,"minecraft:jump":391,"minecraft:eat_cake_slice":6,"minecraft:time_since_death":18358,"minecraft:walk_on_water_one_cm":1319,"minecraft:total_world_time":61147,"minecraft:fly_one_cm":209782},"minecraft:used":{"minecraft:stone_bricks":19,"school:classroomdoors":2,"yuushya:beef":50,"brewery:mashed_potatoes":7,"minecraft:grass_block":18,"minecraft:quartz_block":48,"minecraft:spruce_planks":1,"theatrical:moving_light":4,"minecraft:smooth_quartz":1,"school:alcohol_lamp":2}},"DataVersion":3465}