{"stats":{"minecraft:dropped":{"minecraft:water_bucket":2,"minecraft:daylight_detector":1,"minecraft:repeating_command_block":3,"minecraft:piston":1,"school:ac_large_out":1,"netmusic:music_cd":19,"minecraft:cherry_log":1,"minecraft:ender_pearl":2,"yuushya:utility_pole":1,"yuushya:horizontal_utility_pole":1,"school:chalk_cannon":1,"school:largeslidingwindow":1,"minecraft:barrier":1,"minecraft:salmon_bucket":2,"school:spacewalker":2,"school:desk":1,"yuushya:road_marking_0":2,"school:fitnesstreadmill":2,"yuushya:ceiling_cctv_camera":1,"minecraft:grass_block":3,"school:rockerboardforchildren":1,"minecraft:red_carpet":5,"minecraft:stick":2,"yuushya:chair_yellow_concrete":1,"refurbished_furniture:wrench":2,"yuushya:tree_base":1,"yuushya:traffic_lights_0":1,"school:strip_chandelier":2,"yuushya:road_light":3,"yuushya:road_marking_4":1,"yuushya:road_marking_5":1,"minecraft:salmon_spawn_egg":1,"yuushya:air_conditioner_sym":1,"school:laboratory_light":2,"school:tabletennistable":5,"school:classroomdoors":1,"minecraft:bone_meal":1,"yuushya:hanzi_banner_1":2,"yuushya:road_marking_1":2,"minecraft:tropical_fish_spawn_egg":1,"school:broadcastcrew":1,"minecraft:black_concrete":1,"yuushya:form_trans_item":1,"minecraft:dark_oak_planks":1,"school:seewo":1,"school:codeforstudents":1,"minecraft:redstone":3,"school:black_board_light":1,"yuushya:utility_pole_cross":1,"school:highspeedrailrailings":2,"school:chair":2,"minecraft:diamond_block":769,"minecraft:lever":3,"netmusic:music_player":2,"school:restaurantexhausthood":1,"school:glass_door":1,"refurbished_furniture:television":1,"minecraft:birch_sapling":1,"minecraft:white_carpet":64,"school:seewo_bsod":1,"yuushya:recycle_bin_1":1,"minecraft:green_concrete":1,"yuushya:cctv_camera":1,"school:pcw_10":1,"school:podium":2,"school:pushandpullchalkboard_1":1,"minecraft:light":64,"minecraft:sea_lantern":1,"school:chalk_smg":2,"minecraft:stone":3,"minecraft:oak_button":1,"yuushya:road_marking_3":2,"yuushya:road_marking_2":1,"yuushya:traffic_sign_16":1,"minecraft:quartz_block":4,"minecraft:cod_bucket":1,"minecraft:quartz_stairs":1,"minecraft:oak_boat":1,"farm_and_charm:pasta_with_onion_sauce":64,"minecraft:birch_sign":1,"minecraft:stone_bricks":3,"yuushya:black_windows_door_slide":2,"minecraft:iron_bars":2,"yuushya:road_marking_7":1,"theatrical:basic_lighting_desk":1,"minecraft:written_book":3,"minecraft:splash_potion":1,"school:tandempedaltrainer":1},"minecraft:mined":{"school:tabletennistable":1},"minecraft:killed":{"minecraft:wandering_trader":2},"minecraft:picked_up":{"school:seewo_bsod":1,"yuushya:cctv_camera":2,"yuushya:road_light":3,"yuushya:horizontal_utility_pole":1,"refurbished_furniture:wrench":2,"yuushya:form_trans_item":1,"yuushya:jungle_tall_door":6,"school:chalk_smg":1,"minecraft:white_carpet":275,"netmusic:music_player":1,"minecraft:oak_sign":2,"minecraft:written_book":6,"school:tabletennistable":4,"school:laboratory_light":1,"yuushya:road_marking_7":1,"yuushya:road_marking_5":1,"xercapaint:item_easel":1,"minecraft:stick":3,"minecraft:stone":3,"minecraft:torch":11,"yuushya:head_bucket":1,"minecraft:redstone":13,"minecraft:dark_oak_planks":1,"yuushya:toilet":1,"minecraft:quartz_block":104,"minecraft:repeating_command_block":2,"minecraft:salmon_bucket":1,"school:podium":1,"minecraft:white_shulker_box":1,"minecraft:iron_bars":2,"yuushya:road_marking_2":1,"theatrical:basic_lighting_desk":1,"minecraft:barrier":1,"school:chair":1,"school:strip_chandelier":2,"yuushya:ceiling_cctv_camera":2,"school:desk":1,"minecraft:dirt":133,"xercapaint:item_canvas":5,"yuushya:black_windows_door_slide":1,"minecraft:red_carpet":5,"school:fluorescentlamps":1,"minecraft:stone_bricks":42,"brewery:whiskey_highland_hearth":1,"school:restaurantexhausthood":1,"yuushya:road_marking_1":1,"yuushya:road_marking_3":1,"yuushya:oak_tall_door":2,"farm_and_charm:pasta_with_onion_sauce":64,"yuushya:villa_0":1,"minecraft:daylight_detector":1,"yuushya:traffic_lights_0":1,"yuushya:butterfly":1,"school:fitnesstreadmill":1,"minecraft:sand":2,"yuushya:office_chair_decorative_orange_wool":1,"school:tandempedaltrainer":1,"netmusic:music_cd":23,"minecraft:diamond_block":129,"yuushya:utility_pole":1,"xercapaint:item_palette":1,"minecraft:sea_lantern":1,"school:top_lamp":1,"school:rockerboardforchildren":1,"yuushya:hanzi_banner_1":1,"minecraft:lever":3,"school:outdoorspeakers":2,"minecraft:oak_button":1,"school:spacewalker":1,"school:highspeedrailrailings":1,"school:pcw_10":1,"yuushya:road_marking_4":1,"yuushya:road_marking_0":1,"minecraft:ender_pearl":1},"minecraft:custom":{"minecraft:mob_kills":2,"minecraft:interact_with_anvil":1,"minecraft:open_shulker_box":4,"minecraft:leave_game":34,"minecraft:time_since_death":54181,"minecraft:climb_one_cm":180,"minecraft:sprint_one_cm":1126987,"minecraft:walk_one_cm":2840479,"minecraft:drop":208,"minecraft:talked_to_villager":5,"minecraft:play_time":1220131,"minecraft:deaths":39,"minecraft:sneak_time":15361,"minecraft:walk_under_water_one_cm":24361,"minecraft:boat_one_cm":12825,"minecraft:jump":4681,"minecraft:walk_on_water_one_cm":17018,"minecraft:total_world_time":1220131,"minecraft:interact_with_stonecutter":3,"minecraft:sleep_in_bed":1,"minecraft:time_since_rest":51315,"minecraft:damage_taken":11560,"minecraft:swim_one_cm":3200,"minecraft:fly_one_cm":6347765,"minecraft:open_chest":2,"minecraft:crouch_one_cm":9164,"minecraft:aviate_one_cm":379332,"minecraft:fall_one_cm":111543,"minecraft:inspect_dispenser":3},"minecraft:used":{"school:pcw_10":11,"school:ac_out":4,"minecraft:cherry_sapling":59,"school:podium":14,"minecraft:iron_bars":211,"minecraft:flint_and_steel":2,"minecraft:red_concrete":534,"minecraft:redstone":119,"minecraft:oak_sign":8,"yuushya:car_yellow_part_b":1,"minecraft:ladder":24,"xercapaint:item_easel":33,"yuushya:traffic_sign_6":11,"yuushya:ceiling_cctv_camera":10,"minecraft:stone":676,"yuushya:recycle_bin_1":4,"yuushya:fire_extinguisher":4,"minecraft:white_shulker_box":2,"yuushya:blackboard":3,"yuushya:car_yellow_part_a":2,"school:tabletennistable":66,"minecraft:quartz_stairs":61,"yuushya:ceiling_fan":96,"school:desk":79,"school:acina":15,"minecraft:torch":14,"refurbished_furniture:doorbell":1,"school:ac_large_out":2,"yuushya:car_blue_part_a":3,"yuushya:black_tall_iron_fence_stairs_sym":1,"school:black_board_light":5,"minecraft:spyglass":2,"minecraft:anvil":26,"yuushya:park_stool":1,"minecraft:white_carpet":455,"yuushya:road_light":54,"school:chair":128,"theatricalextralights:strobe":10,"yuushya:horizontal_utility_pole":40,"minecraft:salmon_bucket":12,"yuushya:white_windows_door":5,"yuushya:tree_base":6,"school:fitnesstreadmill":21,"refurbished_furniture:television":4,"minecraft:pink_terracotta":7,"minecraft:acacia_sapling":1,"yuushya:bicycle":1,"school:toiletdoors_mi":2,"school:pushandpullchalkboard_1":1,"school:pushandpullchalkboard_3":3,"school:outdoorspeakers":11,"netmusic:music_player":15,"yuushya:classical_white_door_top":4,"minecraft:dark_oak_planks":2,"minecraft:glass":2,"minecraft:packed_ice":4,"yuushya:road_marking_3":5,"minecraft:sea_lantern":2,"minecraft:lava_bucket":24,"school:greytallwall":35,"minecraft:bookshelf":12,"school:spacewalker":6,"yuushya:road_marking_2":2,"minecraft:quartz_slab":39,"minecraft:iron_block":34,"minecraft:grass_block":879,"yuushya:bicycle_cyan_wool":45,"minecraft:quartz_block":5935,"school:seewo_bsod":149,"minecraft:chicken_spawn_egg":613,"yuushya:car_blue_part_b":3,"minecraft:smooth_quartz":217,"yuushya:traffic_sign_3":1,"minecraft:tropical_fish_spawn_egg":10,"school:deskwithdesktopcomputer":59,"yuushya:utility_pole_cross":3,"school:laboratory_light":102,"yuushya:truck_head_white":2,"minecraft:stone_bricks":1430,"minecraft:item_frame":6,"minecraft:iron_trapdoor":7,"yuushya:vinyl_record_player":1,"minecraft:repeater":4,"minecraft:red_carpet":173,"minecraft:redstone_lamp":14,"school:tall_wall_corner":2,"school:strip_chandelier":84,"minecraft:written_book":3,"yuushya:road_marking_7":225,"minecraft:salmon_spawn_egg":11,"yuushya:form_trans_item":1994,"minecraft:stone_pressure_plate":2,"minecraft:cherry_log":1,"minecraft:observer":12,"theatrical:basic_lighting_desk":10,"refurbished_furniture:oak_table":13,"school:top_lamp":1,"minecraft:quartz_bricks":1,"minecraft:water_bucket":89,"xercapaint:item_canvas":4,"yuushya:black_windows_door_slide":7,"yuushya:normal_truck":3,"yuushya:electric_motorcycle":26,"minecraft:ender_pearl":42,"yuushya:traffic_sign_16":7,"yuushya:pigment_bucket":62,"brewery:beer_wheat":9,"school:blacktallwallcorner":5,"yuushya:car_white_part_a":20,"yuushya:octagon_pavilion":1,"school:classroomdoors":12,"minecraft:sand":2,"yuushya:road_marking_0":539,"yuushya:dining_truck":2,"yuushya:chair_yellow_concrete":18,"minecraft:tnt":1,"minecraft:oak_slab":9,"minecraft:birch_sign":13,"minecraft:blue_ice":4,"school:squattingurinal":3,"school:broadcastcrew":5,"minecraft:lingering_potion":909,"school:largeslidingwindow":6,"minecraft:painting":2,"yuushya:toilet":63,"school:glass_door":18,"school:smallwindows_1":14,"minecraft:firework_rocket":1485,"yuushya:public_toilet_sign_woman":21,"minecraft:piston":1,"school:seewo":38,"school:slantaircondition":5,"yuushya:sakura_tree":2,"school:tall_wall":100,"school:restaurantexhausthood":6,"minecraft:sticky_piston":19,"minecraft:netherite_block":231,"yuushya:white_windows_0":2,"minecraft:green_concrete":126,"minecraft:lever":31,"minecraft:black_concrete":391,"minecraft:light":32,"school:rockerboardforchildren":16,"minecraft:daylight_detector":1,"yuushya:cctv_camera":1,"minecraft:command_block":3,"yuushya:road_marking_5":15,"yuushya:power_distributor":2,"minecraft:oak_button":5,"minecraft:barrier":55,"yuushya:road_marking_1":156,"yuushya:traffic_lights_0":2,"yuushya:park_stool_light_gray_concrete":4,"school:black_board":2,"yuushya:monobloc":1,"minecraft:oak_pressure_plate":2,"yuushya:car_white_part_b":11,"school:highspeedrailrailings":273,"yuushya:air_conditioner_sym":2,"school:tandempedaltrainer":10,"yuushya:hanzi_banner_1":26,"theatrical:redstone_interface":4,"yuushya:basketball_hoop_head":7,"school:classroom_light":6,"minecraft:repeating_command_block":37,"minecraft:ice":4,"minecraft:glass_pane":19,"yuushya:sakura_tree_small":2,"minecraft:oak_boat":1,"brewery:whiskey_highland_hearth":6,"minecraft:splash_potion":441,"yuushya:public_toilet_sign_man":16,"minecraft:white_concrete":250,"school:fluorescentlamps":26,"webdisplays:screen":29,"minecraft:oak_hanging_sign":2,"minecraft:jukebox":1,"minecraft:bone_meal":710,"yuushya:utility_pole":103},"minecraft:crafted":{"yuushya:bicycle_cyan_wool":1,"yuushya:black_tall_iron_fence_stairs_sym":4,"yuushya:park_stool_light_gray_concrete":1}},"DataVersion":3465}