{"stats":{"minecraft:custom":{"minecraft:time_since_rest":459652,"minecraft:sprint_one_cm":227947,"minecraft:walk_one_cm":639901,"minecraft:drop":11,"minecraft:fly_one_cm":1387558,"minecraft:crouch_one_cm":108,"minecraft:play_time":459652,"minecraft:sneak_time":1199,"minecraft:jump":3101,"minecraft:leave_game":4,"minecraft:time_since_death":459652,"minecraft:total_world_time":459652},"minecraft:picked_up":{"minecraft:splash_potion":1,"xercapaint:item_canvas_large":3,"minecraft:redstone":133,"webdisplays:server":1,"netmusic:music_cd":1,"xercapaint:item_palette":1,"xercapaint:item_canvas_long":1,"minecraft:spruce_planks":1,"theatrical:truss":64,"minecraft:oak_button":1},"minecraft:used":{"webdisplays:linker":3,"minecraft:black_terracotta":5,"minecraft:black_wool":7,"minecraft:black_concrete":560,"supplementaries:relayer":9,"minecraft:lever":17,"webdisplays:rctrl":1,"theatricalextralights:followspot":37,"theatrical:tank_trap":5,"supplementaries:bellows":6,"theatricalextralights:sharplus":20,"theatricalextralights:moving_vl2c":3,"theatrical:led_panel":4,"theatrical:truss":522,"webdisplays:keyboard":3,"refurbished_furniture:light_electricity_generator":15,"theatricalextralights:par1000_white":1,"xercapaint:item_canvas_large":4,"theatricalextralights:x8par_purple":1,"minecraft:grass_block":18,"minecraft:oak_stairs":11,"minecraft:redstone":62,"minecraft:oak_button":2,"webdisplays:server":30,"minecraft:oak_planks":294,"net_music_list:ender_music_player":3,"supplementaries:crystal_display":3,"minecraft:tinted_glass":136,"theatricalextralights:atomictilt":32,"minecraft:spruce_planks":660,"webdisplays:redctrl":72,"theatrical:moving_wash":10,"supplementaries:cannon":1,"theatricalextralights:blinder_warm":1,"supplementaries:sconce_lever":1,"minecraft:redstone_block":59,"refurbished_furniture:orange_sofa":3,"refurbished_furniture:spruce_table":11,"supplementaries:speaker_block":12,"theatrical:led_fresnel":6,"minecraft:light_gray_wool":39,"theatricalextralights:moving500":3,"minecraft:repeater":12,"minecraft:dirt":3,"theatricalextralights:beam_7r":5,"theatrical:pipe":16,"refurbished_furniture:workbench":2,"theatricalextralights:moving_scan":50,"supplementaries:faucet":5,"xercapaint:item_canvas_long":2,"theatrical:redstone_interface":6,"refurbished_furniture:oak_light_ceiling_fan":1,"refurbished_furniture:pink_lamp":1,"theatrical:moving_light":52,"theatricalextralights:strobe":33,"minecraft:black_concrete_powder":20,"minecraft:birch_stairs":1,"minecraft:splash_potion":188,"netmusic:computer":2,"theatrical:basic_lighting_desk":20,"webdisplays:screen":26,"minecraft:stripped_spruce_log":6,"netmusic:cd_burner":1},"minecraft:dropped":{"theatrical:truss":65,"netmusic:music_cd":1,"refurbished_furniture:meatlovers_pizza_slice":1,"minecraft:spruce_planks":1,"refurbished_furniture:knife":1,"xercapaint:item_canvas_long":1,"minecraft:splash_potion":1,"net_music_list:manual":1,"webdisplays:server":1,"minecraft:redstone":64}},"DataVersion":3465}