{"stats":{"minecraft:dropped":{"webdisplays:laserpointer":1,"theatrical:moving_light":2,"netmusic:music_cd":2,"minecraft:ender_pearl":1,"minecraft:quartz_block":5,"minecraft:smooth_quartz":1,"yuushya:beef":1},"minecraft:picked_up":{"school:alcohol_lamp":1,"netmusic:music_cd":2,"theatrical:moving_light":1,"minecraft:dirt":6,"yuushya:sleeping_orange_cat":1,"minecraft:quartz_block":16,"minecraft:stone_bricks":2,"webdisplays:laserpointer":2,"yuushya:beef":1,"school:classroomdoors":2},"minecraft:custom":{"minecraft:time_since_rest":50770,"minecraft:walk_one_cm":212257,"minecraft:sprint_one_cm":3209,"minecraft:damage_taken":40,"minecraft:drop":13,"minecraft:fly_one_cm":489322,"minecraft:open_chest":6,"minecraft:crouch_one_cm":1187,"minecraft:play_time":130201,"minecraft:deaths":2,"minecraft:sneak_time":633,"minecraft:walk_under_water_one_cm":5928,"minecraft:jump":668,"minecraft:eat_cake_slice":6,"minecraft:leave_game":2,"minecraft:walk_on_water_one_cm":2134,"minecraft:time_since_death":50669,"minecraft:total_world_time":130201},"minecraft:used":{"minecraft:oak_trapdoor":3,"minecraft:water_bucket":27,"minecraft:ender_eye":2,"yuushya:beef":50,"brewery:mashed_potatoes":7,"minecraft:grass_block":19,"minecraft:quartz_block":48,"minecraft:ender_pearl":54,"minecraft:spruce_planks":30,"minecraft:smooth_quartz":1,"minecraft:stone_bricks":20,"school:classroomdoors":2,"minecraft:soul_sand":4,"minecraft:goat_horn":1,"minecraft:crossbow":4,"theatrical:moving_light":4,"webdisplays:screen":6,"school:alcohol_lamp":2}},"DataVersion":3465}