{"stats":{"minecraft:custom":{"minecraft:time_since_rest":97925,"minecraft:crouch_one_cm":82,"minecraft:sprint_one_cm":38029,"minecraft:play_time":97925,"minecraft:walk_one_cm":89754,"minecraft:sneak_time":98,"minecraft:drop":2,"minecraft:jump":766,"minecraft:leave_game":1,"minecraft:time_since_death":97925,"minecraft:total_world_time":97925,"minecraft:fly_one_cm":168597},"minecraft:picked_up":{"minecraft:splash_potion":1,"netmusic:music_cd":1},"minecraft:used":{"theatrical:led_fresnel":1,"webdisplays:linker":3,"theatrical:tank_trap":4,"minecraft:dirt":3,"theatrical:led_panel":3,"theatrical:pipe":11,"theatrical:truss":20,"webdisplays:keyboard":2,"minecraft:grass_block":7,"theatrical:redstone_interface":6,"minecraft:oak_planks":20,"theatrical:moving_light":44,"theatrical:moving_wash":3,"theatrical:basic_lighting_desk":3,"minecraft:splash_potion":78,"minecraft:birch_stairs":1},"minecraft:dropped":{"netmusic:music_cd":1,"minecraft:splash_potion":1}},"DataVersion":3465}