{"stats":{"minecraft:custom":{"minecraft:jump":246,"minecraft:time_since_rest":112468,"minecraft:crouch_one_cm":601,"minecraft:leave_game":6,"minecraft:play_time":112468,"minecraft:sprint_one_cm":27153,"minecraft:time_since_death":112468,"minecraft:walk_one_cm":148090,"minecraft:sneak_time":1792,"minecraft:total_world_time":112468,"minecraft:fly_one_cm":694320,"minecraft:open_chest":1,"minecraft:aviate_one_cm":744209},"minecraft:picked_up":{"minecraft:ender_eye":257,"netmusic:music_cd":5},"minecraft:used":{"minecraft:birch_door":1,"minecraft:item_frame":1,"minecraft:elytra":1,"minecraft:ender_eye":331,"minecraft:firework_rocket":609,"minecraft:experience_bottle":305}},"DataVersion":3465}