{"stats":{"minecraft:picked_up":{"netmusic:music_cd":5,"xercapaint:item_canvas":1},"minecraft:custom":{"minecraft:open_chest":2,"minecraft:time_since_rest":10714,"minecraft:deaths":1,"minecraft:sprint_one_cm":74016,"minecraft:crouch_one_cm":8734,"minecraft:play_time":111179,"minecraft:open_shulker_box":3,"minecraft:damage_taken":280,"minecraft:walk_one_cm":70567,"minecraft:sneak_time":5145,"minecraft:jump":343,"minecraft:leave_game":1,"minecraft:time_since_death":10669,"minecraft:sleep_in_bed":1,"minecraft:total_world_time":111179,"minecraft:climb_one_cm":5090,"minecraft:fly_one_cm":486915},"minecraft:used":{"brewery:whiskey_lilitusinglemalt":1,"webdisplays:linker":6,"minecraft:dark_oak_planks":2,"minecraft:glow_item_frame":1,"webdisplays:rctrl":2,"minecraft:sand":69,"xercapaint:item_canvas":1,"webdisplays:keyboard":2,"minecraft:barrier":1,"supplementaries:statue":1,"webdisplays:screen":4,"netmusic:music_player":1}},"DataVersion":3465}