{"stats":{"minecraft:dropped":{"minecraft:gray_stained_glass_pane":1,"theatricalextralights:moving_vl6":1,"net_music_list:music_list":1,"minecraft:stick":1},"minecraft:picked_up":{"minecraft:stick":1,"net_music_list:music_list":3,"theatrical:configuration_card":1,"netmusic:music_cd":1,"xercapaint:item_canvas":2,"minecraft:gray_stained_glass_pane":1,"xercapaint:item_canvas_long":1,"minecraft:polished_diorite":1,"minecraft:coal_block":62},"minecraft:custom":{"minecraft:time_since_rest":1497294,"minecraft:sprint_one_cm":24129,"minecraft:walk_one_cm":958123,"minecraft:drop":4,"minecraft:fly_one_cm":5972732,"minecraft:open_chest":18,"minecraft:crouch_one_cm":408,"minecraft:open_shulker_box":6,"minecraft:play_time":1497294,"minecraft:walk_under_water_one_cm":1345,"minecraft:sneak_time":10780,"minecraft:jump":1070,"minecraft:leave_game":9,"minecraft:walk_on_water_one_cm":399,"minecraft:time_since_death":1497294,"minecraft:total_world_time":1497294,"minecraft:inspect_dispenser":46},"minecraft:used":{"webdisplays:linker":4,"minecraft:sticky_piston":1,"minecraft:dark_oak_planks":103,"theatricalextralights:x8par_warm":1,"theatricalextralights:a2x2par64_blue":2,"minecraft:lever":10,"minecraft:end_rod":33,"minecraft:sea_lantern":54,"minecraft:iron_bars":38,"minecraft:daylight_detector":5,"theatrical:truss":1058,"minecraft:command_block":4,"minecraft:gray_stained_glass_pane":455,"theatricalextralights:par1000_white":1,"minecraft:lantern":7,"minecraft:grass_block":15,"minecraft:oak_planks":12,"minecraft:oak_sign":4,"minecraft:polished_andesite":655,"minecraft:stone_button":4,"minecraft:polished_andesite_stairs":7,"theatricalextralights:washlight":64,"minecraft:polished_diorite_slab":2,"minecraft:chest":7,"minecraft:spruce_planks":159,"theatrical:moving_wash":1,"minecraft:tinted_glass":16,"minecraft:stone":82,"minecraft:smooth_quartz":232,"refurbished_furniture:orange_sofa":6,"refurbished_furniture:spruce_table":3,"minecraft:iron_door":3,"minecraft:diorite_wall":12,"theatricalextralights:laser":8,"minecraft:polished_andesite_slab":287,"theatricalextralights:moving_vl6":15,"minecraft:smooth_quartz_stairs":218,"theatricalextralights:a2x2par64_white":3,"minecraft:brown_stained_glass_pane":25,"net_music_list:music_list":3,"minecraft:rail":16,"theatricalextralights:beam_7r":17,"theatrical:pipe":17,"theatricalextralights:truss_3lights":4,"minecraft:iron_trapdoor":4,"theatricalextralights:mac_vip":4,"theatrical:redstone_interface":16,"minecraft:chain":3,"minecraft:glass_pane":30,"minecraft:smooth_stone_slab":142,"school:outdoorspeakers":1,"minecraft:gray_concrete":588,"minecraft:white_concrete":896,"theatricalextralights:rgb_bar":2,"webdisplays:screencfg":3,"minecraft:gray_wool":359,"theatricalextralights:strobe":1,"minecraft:smooth_stone":143,"webdisplays:screen":291,"theatrical:basic_lighting_desk":13,"minecraft:stripped_spruce_log":59,"minecraft:polished_diorite":198}},"DataVersion":3465}