{"stats":{"minecraft:dropped":{"yuushya:traffic_sign_16":1,"school:tabletennistable":2,"minecraft:stone_bricks":1},"minecraft:mined":{"school:tabletennistable":1},"minecraft:picked_up":{"xercapaint:item_palette":1,"xercapaint:item_canvas":5,"minecraft:stone_bricks":1,"school:tabletennistable":2,"xercapaint:item_easel":1},"minecraft:custom":{"minecraft:time_since_rest":14226,"minecraft:sprint_one_cm":137263,"minecraft:damage_taken":810,"minecraft:walk_one_cm":302246,"minecraft:drop":4,"minecraft:fly_one_cm":694382,"minecraft:crouch_one_cm":1655,"minecraft:play_time":106296,"minecraft:deaths":18,"minecraft:sneak_time":1338,"minecraft:jump":405,"minecraft:interact_with_stonecutter":1,"minecraft:leave_game":2,"minecraft:time_since_death":14165,"minecraft:total_world_time":106296,"minecraft:inspect_dispenser":3,"minecraft:fall_one_cm":3212},"minecraft:used":{"school:tall_wall":100,"minecraft:sticky_piston":19,"minecraft:glass":2,"yuushya:white_windows_0":2,"minecraft:netherite_block":153,"yuushya:classical_white_door_top":4,"minecraft:iron_bars":47,"minecraft:lava_bucket":2,"xercapaint:item_canvas":4,"school:greytallwall":35,"yuushya:power_distributor":2,"minecraft:grass_block":2,"minecraft:redstone":82,"school:seewo_bsod":2,"xercapaint:item_easel":1,"yuushya:traffic_sign_16":7,"school:black_board":2,"yuushya:park_stool_light_gray_concrete":4,"school:deskwithdesktopcomputer":14,"yuushya:blackboard":3,"yuushya:fire_extinguisher":4,"school:tabletennistable":6,"minecraft:stone_bricks":769,"school:blacktallwallcorner":5,"minecraft:item_frame":6,"minecraft:redstone_lamp":14,"minecraft:anvil":25,"yuushya:park_stool":1,"yuushya:dining_truck":1,"minecraft:oak_slab":9,"school:tall_wall_corner":2,"yuushya:white_windows_door":5,"minecraft:glass_pane":19,"minecraft:repeating_command_block":1,"yuushya:public_toilet_sign_woman":15,"minecraft:splash_potion":250,"refurbished_furniture:oak_table":1},"minecraft:crafted":{"yuushya:park_stool_light_gray_concrete":1}},"DataVersion":3465}