{"stats":{"minecraft:dropped":{"minecraft:water_bucket":1,"minecraft:piston":1,"school:ac_large_out":1,"school:largeslidingwindow":1,"minecraft:salmon_bucket":2,"school:desk":1,"school:spacewalker":2,"school:fitnesstreadmill":2,"minecraft:grass_block":1,"school:rockerboardforchildren":1,"yuushya:chair_yellow_concrete":1,"school:strip_chandelier":2,"refurbished_furniture:wrench":2,"yuushya:road_light":1,"minecraft:salmon_spawn_egg":1,"yuushya:air_conditioner_sym":1,"school:laboratory_light":1,"school:tabletennistable":3,"school:classroomdoors":1,"yuushya:hanzi_banner_1":2,"school:broadcastcrew":1,"minecraft:tropical_fish_spawn_egg":1,"school:seewo":1,"school:codeforstudents":1,"school:black_board_light":1,"school:highspeedrailrailings":1,"school:chair":2,"minecraft:diamond_block":769,"school:restaurantexhausthood":1,"refurbished_furniture:television":1,"minecraft:white_carpet":64,"yuushya:recycle_bin_1":1,"school:pcw_10":1,"school:podium":2,"school:pushandpullchalkboard_1":1,"school:chalk_smg":1,"yuushya:traffic_sign_16":1,"minecraft:quartz_stairs":1,"minecraft:cod_bucket":1,"minecraft:quartz_block":3,"minecraft:birch_sign":1,"minecraft:stone_bricks":2,"minecraft:iron_bars":2,"minecraft:splash_potion":1,"school:tandempedaltrainer":1},"minecraft:mined":{"school:tabletennistable":1},"minecraft:killed":{"minecraft:wandering_trader":1},"minecraft:picked_up":{"yuushya:road_light":1,"refurbished_furniture:wrench":2,"yuushya:jungle_tall_door":6,"school:chalk_smg":1,"minecraft:white_carpet":275,"minecraft:oak_sign":2,"school:tabletennistable":2,"xercapaint:item_easel":1,"minecraft:stick":2,"yuushya:head_bucket":1,"yuushya:toilet":1,"minecraft:quartz_block":3,"minecraft:salmon_bucket":1,"school:podium":1,"minecraft:white_shulker_box":1,"minecraft:iron_bars":2,"school:chair":1,"school:strip_chandelier":2,"school:desk":1,"xercapaint:item_canvas":5,"minecraft:red_carpet":5,"school:fluorescentlamps":1,"minecraft:stone_bricks":1,"brewery:whiskey_highland_hearth":1,"school:restaurantexhausthood":1,"yuushya:oak_tall_door":2,"yuushya:villa_0":1,"yuushya:butterfly":1,"school:fitnesstreadmill":1,"yuushya:office_chair_decorative_orange_wool":1,"school:tandempedaltrainer":1,"netmusic:music_cd":19,"minecraft:diamond_block":129,"xercapaint:item_palette":1,"school:top_lamp":1,"school:rockerboardforchildren":1,"yuushya:hanzi_banner_1":1,"minecraft:lever":1,"school:spacewalker":1,"school:highspeedrailrailings":1,"school:pcw_10":1},"minecraft:custom":{"minecraft:interact_with_anvil":1,"minecraft:mob_kills":1,"minecraft:open_shulker_box":2,"minecraft:leave_game":13,"minecraft:time_since_death":386021,"minecraft:climb_one_cm":180,"minecraft:sprint_one_cm":672052,"minecraft:walk_one_cm":2002172,"minecraft:drop":71,"minecraft:talked_to_villager":4,"minecraft:play_time":782685,"minecraft:deaths":26,"minecraft:sneak_time":8899,"minecraft:walk_under_water_one_cm":21044,"minecraft:jump":3036,"minecraft:walk_on_water_one_cm":16724,"minecraft:total_world_time":782685,"minecraft:interact_with_stonecutter":2,"minecraft:time_since_rest":386052,"minecraft:damage_taken":11400,"minecraft:swim_one_cm":3200,"minecraft:fly_one_cm":3721104,"minecraft:crouch_one_cm":4457,"minecraft:fall_one_cm":109466,"minecraft:inspect_dispenser":3},"minecraft:used":{"school:pcw_10":11,"school:ac_out":4,"minecraft:cherry_sapling":9,"school:podium":14,"minecraft:iron_bars":211,"minecraft:flint_and_steel":2,"minecraft:red_concrete":534,"minecraft:redstone":91,"minecraft:ladder":24,"yuushya:car_yellow_part_b":1,"minecraft:oak_sign":8,"yuushya:ceiling_cctv_camera":10,"xercapaint:item_easel":33,"yuushya:recycle_bin_1":4,"yuushya:car_yellow_part_a":2,"minecraft:white_shulker_box":2,"yuushya:blackboard":3,"yuushya:fire_extinguisher":4,"yuushya:ceiling_fan":96,"minecraft:quartz_stairs":61,"school:tabletennistable":49,"school:desk":79,"school:acina":15,"yuushya:car_blue_part_a":3,"school:ac_large_out":2,"refurbished_furniture:doorbell":1,"school:black_board_light":5,"minecraft:anvil":26,"yuushya:park_stool":1,"minecraft:white_carpet":455,"school:chair":128,"yuushya:road_light":6,"yuushya:white_windows_door":5,"school:fitnesstreadmill":21,"refurbished_furniture:television":4,"minecraft:pink_terracotta":7,"minecraft:acacia_sapling":1,"minecraft:salmon_bucket":12,"school:pushandpullchalkboard_1":1,"school:pushandpullchalkboard_3":3,"yuushya:bicycle":1,"school:toiletdoors_mi":2,"yuushya:tree_base":6,"netmusic:music_player":13,"minecraft:glass":2,"yuushya:classical_white_door_top":4,"minecraft:packed_ice":4,"minecraft:lava_bucket":4,"school:greytallwall":35,"minecraft:bookshelf":12,"school:spacewalker":6,"minecraft:quartz_slab":39,"minecraft:grass_block":798,"yuushya:bicycle_cyan_wool":45,"school:seewo_bsod":4,"minecraft:quartz_block":5363,"minecraft:chicken_spawn_egg":613,"yuushya:car_blue_part_b":3,"school:deskwithdesktopcomputer":59,"minecraft:tropical_fish_spawn_egg":10,"minecraft:smooth_quartz":217,"school:laboratory_light":34,"yuushya:truck_head_white":2,"minecraft:stone_bricks":1182,"minecraft:item_frame":6,"yuushya:vinyl_record_player":1,"minecraft:red_carpet":173,"minecraft:repeater":1,"minecraft:redstone_lamp":14,"school:strip_chandelier":83,"school:tall_wall_corner":2,"minecraft:salmon_spawn_egg":11,"minecraft:observer":5,"minecraft:cherry_log":1,"refurbished_furniture:oak_table":13,"minecraft:quartz_bricks":1,"minecraft:water_bucket":89,"xercapaint:item_canvas":4,"yuushya:electric_motorcycle":26,"yuushya:traffic_sign_16":7,"yuushya:pigment_bucket":62,"school:blacktallwallcorner":5,"yuushya:car_white_part_a":20,"yuushya:octagon_pavilion":1,"school:classroomdoors":12,"yuushya:road_marking_0":50,"yuushya:dining_truck":2,"yuushya:chair_yellow_concrete":18,"minecraft:oak_slab":9,"minecraft:birch_sign":13,"minecraft:blue_ice":4,"school:squattingurinal":3,"school:largeslidingwindow":6,"school:broadcastcrew":4,"yuushya:toilet":63,"school:glass_door":18,"yuushya:public_toilet_sign_woman":21,"school:seewo":38,"school:tall_wall":100,"school:restaurantexhausthood":6,"school:slantaircondition":5,"minecraft:sticky_piston":19,"school:smallwindows_1":14,"yuushya:white_windows_0":2,"minecraft:piston":1,"minecraft:netherite_block":231,"minecraft:lever":4,"minecraft:light":27,"minecraft:black_concrete":390,"yuushya:sakura_tree":2,"school:rockerboardforchildren":16,"minecraft:command_block":2,"yuushya:power_distributor":2,"yuushya:road_marking_1":129,"school:black_board":2,"yuushya:monobloc":1,"yuushya:park_stool_light_gray_concrete":4,"minecraft:oak_pressure_plate":2,"yuushya:car_white_part_b":11,"school:highspeedrailrailings":76,"yuushya:air_conditioner_sym":2,"school:tandempedaltrainer":10,"yuushya:hanzi_banner_1":26,"minecraft:repeating_command_block":1,"minecraft:glass_pane":19,"minecraft:ice":4,"yuushya:sakura_tree_small":2,"brewery:whiskey_highland_hearth":6,"minecraft:white_concrete":250,"school:fluorescentlamps":26,"yuushya:public_toilet_sign_man":16,"minecraft:oak_hanging_sign":2,"minecraft:splash_potion":292,"minecraft:bone_meal":113,"minecraft:jukebox":1},"minecraft:crafted":{"yuushya:bicycle_cyan_wool":1,"yuushya:park_stool_light_gray_concrete":1}},"DataVersion":3465}