{"stats":{"minecraft:picked_up":{"netmusic:music_cd":79,"xercapaint:item_canvas":1},"minecraft:custom":{"minecraft:open_chest":2,"minecraft:time_since_rest":82714,"minecraft:deaths":1,"minecraft:sprint_one_cm":77819,"minecraft:crouch_one_cm":10238,"minecraft:play_time":183179,"minecraft:open_shulker_box":19,"minecraft:damage_taken":280,"minecraft:walk_one_cm":86362,"minecraft:sneak_time":5699,"minecraft:drop":2,"minecraft:jump":382,"minecraft:leave_game":1,"minecraft:time_since_death":82669,"minecraft:sleep_in_bed":1,"minecraft:total_world_time":183179,"minecraft:climb_one_cm":5090,"minecraft:fly_one_cm":528022},"minecraft:used":{"brewery:whiskey_lilitusinglemalt":1,"webdisplays:linker":6,"minecraft:dark_oak_planks":2,"minecraft:glow_item_frame":1,"webdisplays:rctrl":2,"minecraft:sand":69,"xercapaint:item_canvas":9,"webdisplays:keyboard":2,"minecraft:barrier":1,"supplementaries:statue":1,"minecraft:gray_wool":2,"webdisplays:screen":4,"theatrical:basic_lighting_desk":2,"netmusic:music_player":1},"minecraft:dropped":{"netmusic:music_cd":64}},"DataVersion":3465}