{"stats":{"minecraft:used":{"minecraft:sticky_piston":1,"supplementaries:cog_block":1,"theatricalextralights:x8par_warm":1,"theatricalextralights:a2x2par64_blue":2,"minecraft:dark_oak_planks":92,"minecraft:lever":8,"theatrical:truss":990,"minecraft:daylight_detector":5,"minecraft:command_block":2,"minecraft:grass_block":1,"minecraft:oak_planks":12,"theatricalextralights:washlight":61,"minecraft:spruce_planks":157,"theatrical:moving_wash":1,"minecraft:chest":5,"refurbished_furniture:orange_sofa":6,"refurbished_furniture:spruce_table":3,"supplementaries:speaker_block":256,"theatricalextralights:laser":8,"theatricalextralights:moving_vl6":15,"net_music_list:music_list":3,"theatricalextralights:beam_7r":17,"theatrical:pipe":17,"theatricalextralights:mac_vip":4,"theatrical:redstone_interface":16,"minecraft:chain":3,"minecraft:white_concrete":4,"theatricalextralights:rgb_bar":2,"minecraft:gray_wool":359,"webdisplays:screencfg":3,"theatricalextralights:strobe":1,"webdisplays:screen":281,"theatrical:basic_lighting_desk":8,"minecraft:stripped_spruce_log":59},"minecraft:custom":{"minecraft:time_since_rest":590266,"minecraft:sprint_one_cm":9848,"minecraft:walk_one_cm":435145,"minecraft:drop":2,"minecraft:fly_one_cm":3998882,"minecraft:open_chest":16,"minecraft:crouch_one_cm":266,"minecraft:play_time":590266,"minecraft:sneak_time":7342,"minecraft:jump":709,"minecraft:leave_game":5,"minecraft:time_since_death":590266,"minecraft:total_world_time":590266,"minecraft:inspect_dispenser":46},"minecraft:picked_up":{"net_music_list:music_list":3,"theatrical:configuration_card":1,"xercapaint:item_canvas":2,"xercapaint:item_canvas_long":1,"minecraft:coal_block":62},"minecraft:dropped":{"theatricalextralights:moving_vl6":1,"net_music_list:music_list":1}},"DataVersion":3465}