{"stats":{"minecraft:used":{"theatricalextralights:moving_vl6":1,"minecraft:oak_fence":71,"webdisplays:linker":5,"minecraft:dark_oak_planks":22,"minecraft:brown_terracotta":94,"webdisplays:rctrl":4,"theatricalextralights:moving_vl2c":2,"theatrical:truss":1822,"minecraft:chain":88,"theatrical:moving_light":25,"minecraft:spruce_planks":205,"minecraft:white_concrete":34,"minecraft:gray_wool":655,"webdisplays:screencfg":3,"supplementaries:speaker_block":172,"theatricalextralights:strobe":79,"webdisplays:screen":297,"theatrical:basic_lighting_desk":1,"minecraft:stripped_spruce_log":106},"minecraft:custom":{"minecraft:open_chest":1,"minecraft:time_since_rest":163729,"minecraft:sprint_one_cm":1954,"minecraft:crouch_one_cm":670,"minecraft:play_time":163729,"minecraft:walk_one_cm":61703,"minecraft:sneak_time":9105,"minecraft:drop":2,"minecraft:jump":94,"minecraft:time_since_death":163729,"minecraft:total_world_time":163729,"minecraft:fly_one_cm":1542085,"minecraft:inspect_dispenser":1},"minecraft:picked_up":{"supplementaries:speaker_block":1,"minecraft:firework_rocket":150,"theatricalextralights:moving_vl6":1,"minecraft:stripped_spruce_log":1,"netmusic:music_cd":1},"minecraft:dropped":{"minecraft:stripped_spruce_log":1,"supplementaries:speaker_block":1}},"DataVersion":3465}