{"stats":{"minecraft:custom":{"minecraft:time_since_rest":219610,"minecraft:sprint_one_cm":126402,"minecraft:walk_one_cm":316578,"minecraft:drop":7,"minecraft:fly_one_cm":583179,"minecraft:crouch_one_cm":82,"minecraft:play_time":219610,"minecraft:sneak_time":944,"minecraft:jump":1885,"minecraft:leave_game":1,"minecraft:time_since_death":219610,"minecraft:total_world_time":219610},"minecraft:picked_up":{"minecraft:splash_potion":1,"minecraft:redstone":128,"webdisplays:server":1,"netmusic:music_cd":1,"theatrical:truss":64},"minecraft:used":{"webdisplays:linker":3,"minecraft:black_terracotta":5,"supplementaries:relayer":9,"minecraft:lever":17,"webdisplays:rctrl":1,"minecraft:black_wool":7,"minecraft:black_concrete":461,"supplementaries:bellows":6,"theatrical:tank_trap":5,"theatrical:led_panel":3,"theatrical:truss":245,"webdisplays:keyboard":3,"minecraft:grass_block":17,"minecraft:oak_stairs":11,"minecraft:redstone":52,"minecraft:oak_planks":281,"webdisplays:server":30,"supplementaries:crystal_display":3,"webdisplays:redctrl":72,"theatrical:moving_wash":6,"minecraft:tinted_glass":136,"supplementaries:cannon":1,"supplementaries:sconce_lever":1,"net_music_list:ender_music_player":3,"refurbished_furniture:orange_sofa":3,"refurbished_furniture:spruce_table":11,"supplementaries:speaker_block":9,"theatrical:led_fresnel":2,"minecraft:dirt":3,"theatrical:pipe":12,"supplementaries:faucet":5,"theatrical:redstone_interface":6,"theatrical:moving_light":44,"minecraft:black_concrete_powder":20,"netmusic:computer":2,"minecraft:splash_potion":188,"webdisplays:screen":23,"theatrical:basic_lighting_desk":16,"minecraft:birch_stairs":1,"netmusic:cd_burner":1},"minecraft:dropped":{"theatrical:truss":65,"netmusic:music_cd":1,"minecraft:splash_potion":1,"minecraft:redstone":64,"net_music_list:manual":1,"webdisplays:server":1}},"DataVersion":3465}