{"stats":{"minecraft:dropped":{"school:chair":1,"minecraft:diamond_block":769,"school:podium":1,"school:strip_chandelier":2,"refurbished_furniture:wrench":1,"yuushya:road_light":1,"yuushya:traffic_sign_16":1,"minecraft:quartz_block":3,"school:tabletennistable":2,"minecraft:stone_bricks":2,"minecraft:iron_bars":1},"minecraft:mined":{"school:tabletennistable":1},"minecraft:picked_up":{"yuushya:road_light":1,"school:chair":1,"refurbished_furniture:wrench":2,"school:strip_chandelier":2,"school:desk":1,"yuushya:jungle_tall_door":6,"xercapaint:item_canvas":5,"school:fluorescentlamps":1,"minecraft:oak_sign":2,"minecraft:stone_bricks":1,"brewery:whiskey_highland_hearth":1,"school:tabletennistable":2,"xercapaint:item_easel":1,"yuushya:oak_tall_door":2,"yuushya:villa_0":1,"yuushya:butterfly":1,"yuushya:head_bucket":1,"yuushya:office_chair_decorative_orange_wool":1,"minecraft:diamond_block":129,"xercapaint:item_palette":1,"school:top_lamp":1,"yuushya:toilet":1,"minecraft:quartz_block":3,"minecraft:lever":1,"school:podium":1,"minecraft:white_shulker_box":1,"school:pcw_10":1,"minecraft:iron_bars":1},"minecraft:custom":{"minecraft:interact_with_anvil":1,"minecraft:open_shulker_box":1,"minecraft:interact_with_stonecutter":2,"minecraft:leave_game":6,"minecraft:time_since_death":33314,"minecraft:time_since_rest":33345,"minecraft:sprint_one_cm":467792,"minecraft:damage_taken":11400,"minecraft:walk_one_cm":1390284,"minecraft:drop":28,"minecraft:talked_to_villager":2,"minecraft:fly_one_cm":1903979,"minecraft:crouch_one_cm":2450,"minecraft:play_time":429978,"minecraft:deaths":26,"minecraft:sneak_time":5049,"minecraft:walk_under_water_one_cm":549,"minecraft:jump":2043,"minecraft:walk_on_water_one_cm":1250,"minecraft:total_world_time":429978,"minecraft:fall_one_cm":109466,"minecraft:inspect_dispenser":3},"minecraft:used":{"school:pcw_10":11,"school:ac_out":4,"minecraft:quartz_bricks":1,"minecraft:cherry_sapling":1,"minecraft:water_bucket":8,"minecraft:iron_bars":175,"school:podium":14,"xercapaint:item_canvas":4,"yuushya:electric_motorcycle":26,"minecraft:redstone":82,"yuushya:car_yellow_part_b":1,"minecraft:ladder":24,"minecraft:oak_sign":8,"xercapaint:item_easel":33,"yuushya:ceiling_cctv_camera":10,"yuushya:traffic_sign_16":7,"yuushya:pigment_bucket":62,"yuushya:recycle_bin_1":4,"yuushya:fire_extinguisher":4,"minecraft:white_shulker_box":1,"yuushya:blackboard":3,"yuushya:car_yellow_part_a":2,"minecraft:quartz_stairs":61,"yuushya:ceiling_fan":96,"school:tabletennistable":9,"school:desk":79,"school:acina":15,"school:blacktallwallcorner":5,"school:classroomdoors":12,"refurbished_furniture:doorbell":1,"yuushya:car_white_part_a":20,"yuushya:octagon_pavilion":1,"school:ac_large_out":2,"yuushya:car_blue_part_a":3,"school:black_board_light":5,"minecraft:anvil":26,"yuushya:park_stool":1,"yuushya:dining_truck":2,"yuushya:chair_yellow_concrete":18,"minecraft:oak_slab":9,"yuushya:road_light":6,"school:chair":128,"yuushya:white_windows_door":5,"minecraft:blue_ice":4,"refurbished_furniture:television":4,"school:squattingurinal":3,"school:broadcastcrew":4,"yuushya:bicycle":1,"school:largeslidingwindow":6,"school:pushandpullchalkboard_1":1,"yuushya:toilet":63,"school:glass_door":15,"school:pushandpullchalkboard_3":3,"school:toiletdoors_mi":2,"yuushya:public_toilet_sign_woman":21,"minecraft:piston":1,"school:smallwindows_1":14,"yuushya:classical_white_door_top":4,"school:seewo":38,"minecraft:glass":2,"minecraft:packed_ice":4,"school:tall_wall":100,"school:slantaircondition":5,"minecraft:netherite_block":231,"minecraft:sticky_piston":19,"minecraft:lever":4,"yuushya:white_windows_0":2,"yuushya:sakura_tree":2,"minecraft:lava_bucket":2,"school:greytallwall":35,"minecraft:bookshelf":12,"yuushya:power_distributor":2,"minecraft:grass_block":482,"yuushya:bicycle_cyan_wool":45,"minecraft:quartz_block":4952,"school:seewo_bsod":2,"school:black_board":2,"yuushya:car_blue_part_b":3,"yuushya:park_stool_light_gray_concrete":4,"minecraft:smooth_quartz":217,"school:deskwithdesktopcomputer":59,"yuushya:car_white_part_b":11,"school:laboratory_light":13,"yuushya:truck_head_white":2,"minecraft:stone_bricks":858,"minecraft:item_frame":6,"school:highspeedrailrailings":48,"minecraft:redstone_lamp":14,"yuushya:air_conditioner_sym":2,"school:strip_chandelier":83,"school:tall_wall_corner":2,"minecraft:glass_pane":19,"minecraft:repeating_command_block":1,"minecraft:ice":4,"yuushya:sakura_tree_small":2,"brewery:whiskey_highland_hearth":6,"yuushya:public_toilet_sign_man":16,"school:fluorescentlamps":26,"minecraft:oak_hanging_sign":2,"minecraft:splash_potion":264,"minecraft:bone_meal":78,"refurbished_furniture:oak_table":13},"minecraft:crafted":{"yuushya:bicycle_cyan_wool":1,"yuushya:park_stool_light_gray_concrete":1}},"DataVersion":3465}