{"stats":{"minecraft:crafted":{"minecraft:firework_star":1088,"minecraft:firework_rocket":3072},"minecraft:picked_up":{"minecraft:redstone_block":2,"minecraft:ladder":9,"brewery:whiskey_ak":1,"netmusic:music_player":2,"brewery:whiskey_cristelwalker":1,"minecraft:coal_block":188,"webdisplays:screen":2,"supplementaries:music_disc_heave_ho":1,"minecraft:stick":2,"minecraft:orange_shulker_box":7,"supplementaries:speaker_block":2,"net_music_list:music_list":1,"minecraft:trident":1,"minecraft:stone_pressure_plate":1,"minecraft:tnt":65,"minecraft:command_block":2,"refurbished_furniture:meatlovers_pizza_slice":1,"minecraft:end_rod":2,"brewery:beer_nettle":3,"minecraft:barrier":1,"minecraft:gunpowder":256,"net_music_list:manual":1,"brewery:beer_wheat":1,"xercapaint:item_canvas":10,"brewery:beer_hops":1,"webdisplays:craftcomp_batpack":1,"webdisplays:screencfg":2,"xercapaint:item_canvas_large":16,"refurbished_furniture:knife":1,"webdisplays:upgrade_lasermouse":1,"netmusic:music_cd":191,"minecraft:sea_lantern":2,"minecraft:firework_rocket":2002,"xercapaint:item_canvas_long":4,"minecraft:slime_block":1,"webdisplays:linker":2,"webdisplays:laserpointer":3,"minecraft:lever":2,"theatrical:truss":1,"webdisplays:rctrl":2,"webdisplays:ownerthief":1},"minecraft:dropped":{"minecraft:orange_shulker_box":1,"webdisplays:ownerthief":1,"netmusic:music_cd":17,"xercapaint:item_canvas":3,"net_music_list:music_list":1,"minecraft:lime_shulker_box":1,"theatrical:configuration_card":1,"minecraft:command_block":2,"minecraft:bedrock":1,"minecraft:coal_block":126,"minecraft:dirt":2,"minecraft:red_shulker_box":1,"minecraft:stone_button":1,"minecraft:yellow_shulker_box":1,"xercapaint:item_palette":2,"minecraft:redstone_block":1,"webdisplays:upgrade_lasermouse":1,"webdisplays:craftcomp_batpack":1,"xercapaint:item_easel":1,"minecraft:netherite_sword":1,"minecraft:slime_block":1,"xercapaint:item_canvas_large":4,"minecraft:stone":1,"minecraft:trident":1,"minecraft:ladder":9,"minecraft:stone_pressure_plate":1,"minecraft:firework_rocket":1066},"minecraft:custom":{"minecraft:mob_kills":6,"minecraft:inspect_hopper":24,"minecraft:interact_with_crafting_table":24,"minecraft:open_shulker_box":93,"minecraft:leave_game":24,"minecraft:time_since_death":345010,"minecraft:climb_one_cm":10580,"minecraft:sprint_one_cm":1775680,"minecraft:walk_one_cm":1713577,"minecraft:drop":76,"minecraft:play_time":1868581,"minecraft:deaths":2,"minecraft:sneak_time":33380,"minecraft:jump":13889,"minecraft:total_world_time":1868581,"minecraft:play_record":1,"minecraft:time_since_rest":345059,"minecraft:damage_taken":940,"minecraft:damage_dealt":1200,"minecraft:fly_one_cm":11895772,"minecraft:open_chest":43,"minecraft:crouch_one_cm":62862,"minecraft:fall_one_cm":31236,"minecraft:inspect_dispenser":75},"minecraft:used":{"minecraft:oak_fence":14,"supplementaries:cog_block":124,"minecraft:netherite_sword":14,"minecraft:iron_bars":3,"theatricalextralights:moving_vl2c":1,"minecraft:flint_and_steel":34,"minecraft:dispenser":83,"minecraft:redstone":10,"minecraft:ladder":25,"supplementaries:crystal_display":1,"xercapaint:item_easel":6,"minecraft:chest":2,"minecraft:spruce_planks":52,"minecraft:tinted_glass":9,"minecraft:stone":3,"refurbished_furniture:orange_sofa":14,"theatricalextralights:laser":3,"supplementaries:sconce":1,"supplementaries:redstone_illuminator":2,"minecraft:dirt":208,"minecraft:hopper":8,"supplementaries:music_disc_heave_ho":1,"minecraft:spruce_stairs":24,"minecraft:cobblestone_wall":3,"refurbished_furniture:television":12,"minecraft:stripped_spruce_log":40,"netmusic:music_player":15,"minecraft:glass":2,"supplementaries:pedestal":2,"minecraft:red_shulker_box":2,"minecraft:dark_oak_planks":281,"minecraft:sea_lantern":439,"webdisplays:rctrl":23,"theatricalextralights:followspot":1,"minecraft:grass_block":651,"minecraft:oak_stairs":1,"minecraft:slime_block":1,"minecraft:orange_shulker_box":7,"webdisplays:server":2,"supplementaries:speaker_block":74,"minecraft:bedrock":11,"minecraft:repeater":8,"theatrical:pipe":3,"minecraft:black_stained_glass":28,"minecraft:iron_trapdoor":7,"minecraft:stone_pressure_plate":2,"farm_and_charm:chicken_coop":1,"webdisplays:screencfg":163,"minecraft:observer":9,"theatrical:basic_lighting_desk":4,"theatricalextralights:x8par_red":8,"webdisplays:linker":73,"webdisplays:ownerthief":4,"minecraft:end_rod":16,"theatrical:led_panel":3,"xercapaint:item_canvas":20,"theatrical:truss":773,"webdisplays:keyboard":5,"theatricalextralights:moving_beam":1,"minecraft:yellow_shulker_box":2,"minecraft:oak_planks":81,"supplementaries:sconce_lever":1,"minecraft:redstone_block":69,"theatrical:led_fresnel":3,"supplementaries:timber_frame":2,"minecraft:white_wool":5,"minecraft:sand":372,"minecraft:crafting_table":1,"theatrical:moving_light":4,"minecraft:lime_shulker_box":2,"brewery:beer_nettle":4,"refurbished_furniture:computer":8,"netmusic:cd_burner":4,"minecraft:redstone_torch":4,"refurbished_furniture:dark_electricity_generator":2,"minecraft:lever":46,"theatricalextralights:a2x2par64_red":5,"minecraft:light":32,"minecraft:black_concrete":4,"minecraft:black_wool":256,"supplementaries:cage":2,"theatrical:tank_trap":4,"minecraft:firework_rocket":672,"minecraft:command_block":18,"minecraft:barrier":241,"farm_and_charm:beetroot_bag":1,"minecraft:stone_button":12,"webdisplays:redctrl":5,"xercapaint:item_canvas_large":101,"net_music_list:ender_music_player":5,"refurbished_furniture:spruce_table":2,"brewery:whiskey_ak":1,"supplementaries:lock_block":1,"minecraft:stripped_oak_wood":1,"supplementaries:timber_cross_brace":4,"theatrical:redstone_interface":5,"minecraft:chain":5,"minecraft:glass_pane":5,"minecraft:gray_wool":38,"minecraft:jukebox":1,"webdisplays:screen":4000},"minecraft:killed":{"minecraft:wandering_trader":6}},"DataVersion":3465}