{"stats":{"minecraft:custom":{"minecraft:time_since_rest":445498,"minecraft:sprint_one_cm":107640,"minecraft:walk_one_cm":255574,"minecraft:mob_kills":1,"minecraft:drop":1,"minecraft:damage_dealt":200,"minecraft:play_record":1,"minecraft:fly_one_cm":1440989,"minecraft:crouch_one_cm":6172,"minecraft:play_time":445498,"minecraft:sneak_time":4774,"minecraft:jump":1258,"minecraft:leave_game":11,"minecraft:time_since_death":445498,"minecraft:total_world_time":445498},"minecraft:killed":{"minecraft:wandering_trader":1},"minecraft:picked_up":{"brewery:beer_nettle":1,"supplementaries:music_disc_heave_ho":1,"webdisplays:craftcomp_batpack":1,"xercapaint:item_canvas_large":1,"net_music_list:manual":1,"netmusic:music_cd":14,"theatrical:truss":1},"minecraft:used":{"theatricalextralights:x8par_red":8,"minecraft:redstone_torch":1,"webdisplays:linker":42,"minecraft:netherite_sword":2,"minecraft:lever":6,"supplementaries:cog_block":7,"theatricalextralights:a2x2par64_red":5,"webdisplays:rctrl":14,"theatricalextralights:followspot":1,"minecraft:black_wool":50,"theatricalextralights:moving_vl2c":1,"theatrical:tank_trap":1,"theatrical:led_panel":3,"theatrical:truss":3,"webdisplays:keyboard":5,"theatricalextralights:moving_beam":1,"minecraft:grass_block":41,"minecraft:oak_stairs":1,"minecraft:oak_planks":13,"webdisplays:server":2,"xercapaint:item_easel":1,"webdisplays:redctrl":2,"net_music_list:ender_music_player":2,"minecraft:redstone_block":2,"refurbished_furniture:orange_sofa":12,"theatrical:led_fresnel":3,"minecraft:dirt":1,"theatrical:pipe":3,"supplementaries:music_disc_heave_ho":1,"theatrical:redstone_interface":2,"theatrical:moving_light":4,"webdisplays:screencfg":72,"brewery:beer_nettle":1,"webdisplays:screen":1858,"minecraft:jukebox":1,"theatrical:basic_lighting_desk":3,"netmusic:music_player":1,"netmusic:cd_burner":3},"minecraft:dropped":{"webdisplays:craftcomp_batpack":1}},"DataVersion":3465}