{"stats":{"minecraft:custom":{"minecraft:time_since_rest":374545,"minecraft:open_chest":3,"minecraft:sprint_one_cm":319,"minecraft:crouch_one_cm":142,"minecraft:play_time":374545,"minecraft:walk_one_cm":230973,"minecraft:sneak_time":4498,"minecraft:jump":379,"minecraft:leave_game":4,"minecraft:time_since_death":374545,"minecraft:total_world_time":374545,"minecraft:fly_one_cm":2226473,"minecraft:inspect_dispenser":41},"minecraft:used":{"theatricalextralights:laser":3,"theatricalextralights:a2x2par64_blue":2,"theatricalextralights:x8par_warm":1,"net_music_list:music_list":2,"theatricalextralights:beam_7r":17,"theatrical:pipe":17,"theatrical:truss":820,"theatricalextralights:mac_vip":4,"theatrical:redstone_interface":16,"minecraft:oak_planks":12,"theatricalextralights:washlight":60,"theatrical:moving_wash":1,"minecraft:spruce_planks":1,"theatricalextralights:rgb_bar":2,"theatricalextralights:strobe":1,"supplementaries:speaker_block":194,"theatrical:basic_lighting_desk":8,"theatricalextralights:moving_vl6":15},"minecraft:picked_up":{"net_music_list:music_list":1,"theatrical:configuration_card":1}},"DataVersion":3465}