{"stats":{"minecraft:used":{"supplementaries:slingshot":5,"minecraft:dark_oak_planks":87,"minecraft:trident":5,"xercapaint:item_canvas":6,"supplementaries:slidy_block":2,"webdisplays:keyboard":1,"minecraft:crafting_table":2,"minecraft:oak_button":2,"minecraft:ladder":5,"minecraft:stone_button":1,"xercapaint:item_easel":9,"supplementaries:cannon":10,"xercapaint:item_canvas_large":13,"minecraft:snowball":135,"supplementaries:soap":1,"webdisplays:screen":134,"supplementaries:speaker_block":2},"minecraft:custom":{"minecraft:time_since_rest":141036,"minecraft:open_chest":1,"minecraft:crouch_one_cm":2771,"minecraft:play_time":141036,"minecraft:sprint_one_cm":59748,"minecraft:walk_one_cm":150754,"minecraft:sneak_time":1712,"minecraft:drop":3,"minecraft:jump":478,"minecraft:leave_game":7,"minecraft:time_since_death":141036,"minecraft:climb_one_cm":388,"minecraft:total_world_time":141036,"minecraft:interact_with_crafting_table":3,"minecraft:fly_one_cm":498562,"minecraft:inspect_dispenser":6},"minecraft:picked_up":{"minecraft:dolphin_spawn_egg":1,"xercapaint:item_canvas_long":1,"minecraft:ladder":4,"xercapaint:item_canvas_tall":1,"xercapaint:item_canvas_large":7,"minecraft:stone_button":1,"minecraft:gunpowder":192,"minecraft:trident":2,"netmusic:music_cd":3,"xercapaint:item_canvas":6},"minecraft:dropped":{"supplementaries:soap":1,"netmusic:music_cd":1,"supplementaries:slidy_block":1}},"DataVersion":3465}