{"stats":{"minecraft:custom":{"minecraft:time_since_rest":55751,"minecraft:crouch_one_cm":82,"minecraft:play_time":55751,"minecraft:sprint_one_cm":29677,"minecraft:walk_one_cm":66564,"minecraft:sneak_time":98,"minecraft:drop":1,"minecraft:jump":538,"minecraft:time_since_death":55751,"minecraft:total_world_time":55751,"minecraft:fly_one_cm":88632},"minecraft:picked_up":{"netmusic:music_cd":1},"minecraft:used":{"theatrical:led_fresnel":1,"theatrical:pipe":11,"minecraft:dirt":3,"theatrical:tank_trap":4,"theatrical:led_panel":3,"theatrical:truss":20,"minecraft:grass_block":6,"theatrical:redstone_interface":3,"minecraft:oak_planks":1,"theatrical:moving_light":44,"theatrical:moving_wash":3,"theatrical:basic_lighting_desk":3,"minecraft:birch_stairs":1},"minecraft:dropped":{"netmusic:music_cd":1}},"DataVersion":3465}