{"stats":{"minecraft:custom":{"minecraft:time_since_rest":301497,"minecraft:sprint_one_cm":50919,"minecraft:walk_one_cm":175832,"minecraft:drop":1,"minecraft:play_record":1,"minecraft:fly_one_cm":911835,"minecraft:crouch_one_cm":1386,"minecraft:play_time":301497,"minecraft:sneak_time":3344,"minecraft:jump":525,"minecraft:leave_game":11,"minecraft:time_since_death":301497,"minecraft:total_world_time":301497},"minecraft:picked_up":{"brewery:beer_nettle":1,"supplementaries:music_disc_heave_ho":1,"webdisplays:craftcomp_batpack":1,"xercapaint:item_canvas_large":1,"netmusic:music_cd":10},"minecraft:used":{"theatricalextralights:x8par_red":8,"minecraft:redstone_torch":1,"webdisplays:linker":30,"minecraft:lever":6,"supplementaries:cog_block":7,"theatricalextralights:a2x2par64_red":5,"webdisplays:rctrl":11,"theatricalextralights:followspot":1,"minecraft:black_wool":50,"theatricalextralights:moving_vl2c":1,"theatrical:tank_trap":1,"theatrical:led_panel":3,"theatrical:truss":3,"webdisplays:keyboard":2,"theatricalextralights:moving_beam":1,"minecraft:grass_block":6,"minecraft:oak_planks":12,"webdisplays:server":1,"xercapaint:item_easel":1,"webdisplays:redctrl":2,"net_music_list:ender_music_player":1,"minecraft:redstone_block":2,"theatrical:led_fresnel":3,"minecraft:dirt":1,"theatrical:pipe":3,"supplementaries:music_disc_heave_ho":1,"theatrical:redstone_interface":2,"theatrical:moving_light":4,"webdisplays:screencfg":51,"brewery:beer_nettle":1,"webdisplays:screen":1777,"minecraft:jukebox":1,"theatrical:basic_lighting_desk":3,"netmusic:music_player":1,"netmusic:cd_burner":1},"minecraft:dropped":{"webdisplays:craftcomp_batpack":1}},"DataVersion":3465}