{"stats":{"minecraft:dropped":{"webdisplays:minepad":2,"minecraft:orange_shulker_box":1,"webdisplays:ownerthief":1,"netmusic:music_cd":20,"xercapaint:item_canvas":3,"yuushya:audio_large_a_black_blindwall":1,"net_music_list:music_list":1,"minecraft:lime_shulker_box":1,"theatrical:configuration_card":1,"minecraft:command_block":2,"minecraft:bedrock":1,"yuushya:voltage_transformer":1,"school:chalk_rf":2,"minecraft:coal_block":126,"minecraft:dirt":2,"minecraft:red_shulker_box":1,"yuushya:basketball_hoop_head":1,"minecraft:stone_button":1,"minecraft:yellow_shulker_box":1,"school:tabletennistable":1,"xercapaint:item_palette":2,"minecraft:redstone_block":1,"webdisplays:upgrade_lasermouse":1,"minecraft:lever":1,"webdisplays:craftcomp_batpack":1,"school:ferule":1,"xercapaint:item_easel":1,"school:glass_door":1,"minecraft:netherite_sword":1,"webdisplays:craftcomp_extcard":1,"school:itmusthavebeen_optifinetodoit":2,"minecraft:slime_block":1,"xercapaint:item_canvas_large":4,"minecraft:stone":1,"minecraft:trident":1,"candlelight:cooking_pan":11,"minecraft:ladder":9,"yuushya:power_distributor":1,"minecraft:stone_pressure_plate":1,"school:blackconcretestair":2,"minecraft:scaffolding":128,"minecraft:firework_rocket":1066},"minecraft:killed":{"minecraft:wandering_trader":6},"minecraft:picked_up":{"minecraft:redstone_block":2,"minecraft:ladder":10,"yuushya:basketball_hoop_head":1,"brewery:whiskey_ak":1,"chinacraft:stone_lantern":1,"chinacraft:high_mountains_and_running_water":1,"school:blackconcretestair":1,"netmusic:music_player":2,"webdisplays:craftcomp_extcard":2,"school:tabletennistable":2,"brewery:whiskey_cristelwalker":1,"minecraft:coal_block":188,"webdisplays:screen":2,"minecraft:stick":2,"minecraft:orange_shulker_box":7,"net_music_list:music_list":1,"minecraft:trident":1,"chinacraft:ambush_on_all_sides":1,"minecraft:stone_pressure_plate":1,"minecraft:tnt":65,"minecraft:command_block":2,"refurbished_furniture:meatlovers_pizza_slice":1,"minecraft:end_rod":2,"yuushya:voltage_transformer":1,"brewery:beer_nettle":3,"minecraft:barrier":1,"minecraft:yellow_shulker_box":9,"candlelight:cooking_pan":6,"minecraft:gunpowder":256,"net_music_list:manual":1,"brewery:beer_wheat":1,"school:chalk_rf":1,"xercapaint:item_canvas":14,"minecraft:paper":2,"minecraft:scaffolding":1718,"brewery:beer_hops":1,"webdisplays:craftcomp_batpack":1,"webdisplays:screencfg":2,"xercapaint:item_canvas_large":16,"refurbished_furniture:knife":1,"webdisplays:upgrade_lasermouse":1,"netmusic:music_cd":226,"minecraft:sea_lantern":2,"minecraft:firework_rocket":2002,"yuushya:power_distributor":1,"xercapaint:item_canvas_long":4,"minecraft:slime_block":1,"webdisplays:laserpointer":3,"webdisplays:linker":2,"webdisplays:minepad":1,"minecraft:lever":3,"theatrical:truss":1,"webdisplays:rctrl":2,"webdisplays:ownerthief":1},"minecraft:custom":{"minecraft:mob_kills":6,"minecraft:inspect_hopper":24,"minecraft:interact_with_crafting_table":24,"minecraft:open_shulker_box":193,"minecraft:leave_game":27,"minecraft:time_since_death":248094,"minecraft:climb_one_cm":20247,"minecraft:sprint_one_cm":2290342,"minecraft:walk_one_cm":2304011,"minecraft:drop":109,"minecraft:play_time":2422168,"minecraft:deaths":3,"minecraft:sneak_time":39617,"minecraft:jump":18639,"minecraft:total_world_time":2422168,"minecraft:play_record":3,"minecraft:interact_with_stonecutter":3,"minecraft:time_since_rest":248162,"minecraft:damage_taken":940,"minecraft:damage_dealt":1200,"minecraft:fly_one_cm":14898154,"minecraft:open_chest":51,"minecraft:crouch_one_cm":79887,"minecraft:fall_one_cm":31236,"minecraft:inspect_dispenser":75},"minecraft:used":{"minecraft:oak_fence":14,"school:ac_out":2,"school:pcw_10":1,"minecraft:netherite_sword":14,"school:podium":2,"minecraft:iron_bars":3,"school:windowairconditionergreenwindow":1,"theatricalextralights:moving_vl2c":1,"yuushya:button_sign_like":1,"minecraft:flint_and_steel":34,"yuushya:scroll_door_0":2,"yuushya:a_light_gray_blindwall":3,"minecraft:armor_stand":2,"minecraft:dispenser":83,"minecraft:redstone":10,"minecraft:ladder":27,"yuushya:iron_tall_door":1,"school:outdoorslidingdoors_1":32,"yuushya:switch_":1,"xercapaint:item_easel":7,"minecraft:spruce_planks":52,"minecraft:chest":2,"minecraft:tinted_glass":9,"yuushya:basketball_net":1,"minecraft:stone":3,"refurbished_furniture:orange_sofa":14,"chinacraft:marble_wall":2,"school:acina":2,"school:desk":2,"school:printer":1,"school:tabletennistable":97,"yuushya:ceiling_fan":1,"school:outdoorslidingdoors":3,"yuushya:work_light":2,"theatricalextralights:laser":3,"school:ubuntu_seewo":1,"school:loudspeaker":3,"yuushya:high_poster":1,"school:ac_large_out":1,"minecraft:dirt":226,"yuushya:mounted_tv":1,"school:canteeninsulatedtable":1,"minecraft:hopper":8,"school:chair":2,"yuushya:sign_24":1,"minecraft:spruce_stairs":24,"minecraft:cobblestone_wall":5,"refurbished_furniture:television":12,"school:activeopticalaccessdevices":1,"school:outdoorspeakers":2,"school:pushandpullchalkboard_3":1,"school:classcard":1,"minecraft:stripped_spruce_log":44,"netmusic:music_player":19,"chinacraft:wood_window7":5,"minecraft:dark_oak_planks":322,"minecraft:red_shulker_box":2,"school:billboards":2,"minecraft:glass":2,"minecraft:sea_lantern":446,"school:white_board":1,"webdisplays:rctrl":23,"theatricalextralights:followspot":1,"school:orangemusicchair":1,"school:mobileblack":2,"yuushya:tall_safe":1,"school:spacewalker":1,"yuushya:sea_salt_tea":1,"minecraft:grass_block":726,"yuushya:truck_chassis_wheel":4,"minecraft:oak_stairs":1,"minecraft:slime_block":1,"webdisplays:server":2,"minecraft:orange_shulker_box":7,"school:seewo_bsod":5,"school:nocrttv":1,"yuushya:piano_orange_concrete":1,"school:studyhard":1,"yuushya:sign_2":1,"school:deskwithdesktopcomputer":1,"school:pcdelk":1,"minecraft:stone_bricks":438,"minecraft:bedrock":14,"school:itmusthavebeen_optifinetodoit":31,"minecraft:repeater":8,"theatrical:pipe":3,"minecraft:black_stained_glass":28,"chinacraft:ambush_on_all_sides":1,"minecraft:iron_trapdoor":7,"school:school_bell_controller":3,"school:laboratory_sugar":6,"yuushya:truck_chassis_outer":14,"school:pushandpullchalkboard_2":1,"yuushya:mounted_tv_online":1,"school:dtmbdvbt":1,"yuushya:form_trans_item":10,"school:student_milk":1,"yuushya:call_bell":2,"minecraft:stone_pressure_plate":2,"webdisplays:screencfg":165,"yuushya:sign_25":1,"farm_and_charm:chicken_coop":1,"yuushya:black_windows_door":2,"minecraft:observer":9,"yuushya:vending_machine_blue_v":2,"school:visualacuitychart":1,"school:mobile_red_flags":2,"theatrical:basic_lighting_desk":4,"theatricalextralights:x8par_red":8,"webdisplays:linker":75,"webdisplays:ownerthief":4,"yuushya:tall_work_light":1,"yuushya:power_house":2,"minecraft:end_rod":16,"xercapaint:item_canvas":45,"theatrical:truss":773,"theatrical:led_panel":3,"yuushya:normal_truck":1,"webdisplays:keyboard":5,"yuushya:black_windows_door_slide":3,"school:old_pc":1,"theatricalextralights:moving_beam":1,"yuushya:electric_motorcycle":3,"minecraft:yellow_shulker_box":11,"school:schooltables":2,"school:blacktallwall":10,"school:notv":4,"minecraft:oak_planks":81,"yuushya:button_sign_coin":1,"minecraft:redstone_block":69,"yuushya:voltage_transformer":6,"school:blacktallwallcorner":2,"brewery:beer_wheat":40,"theatrical:led_fresnel":3,"yuushya:hanzi_banner_11":2,"minecraft:white_wool":5,"school:pcmc":4,"school:old_pc_gslc":2,"yuushya:unlocked_safe":1,"minecraft:sand":415,"minecraft:oak_slab":19,"minecraft:crafting_table":1,"school:canteenkitchencountertop":1,"chinacraft:lantern_festival_lanterns":6,"school:fu":3,"yuushya:frying_pan":1,"school:satellitetelevision":2,"chinacraft:high_mountains_and_running_water":1,"yuushya:truck_chassis_end":2,"school:squattingurinal":17,"yuushya:button_sign_dislike":1,"theatrical:moving_light":4,"minecraft:lime_shulker_box":2,"school:laptop":3,"school:broadcastcrew":10,"brewery:beer_nettle":4,"school:spring_festival_couplets":2,"refurbished_furniture:computer":8,"yuushya:piano":1,"yuushya:sign_20":1,"netmusic:cd_burner":4,"school:seewo":2,"yuushya:big_poster":2,"minecraft:redstone_torch":4,"school:slantaircondition":1,"minecraft:sticky_piston":2,"school:pcw_7":1,"minecraft:netherite_block":4,"refurbished_furniture:dark_electricity_generator":2,"yuushya:truck_head_red":7,"minecraft:lever":48,"theatricalextralights:a2x2par64_red":5,"minecraft:light":32,"minecraft:black_wool":298,"minecraft:black_concrete":24,"minecraft:firework_rocket":672,"theatrical:tank_trap":4,"yuushya:cctv_camera":1,"yuushya:safe":1,"yuushya:rusty_power_house":1,"minecraft:command_block":19,"yuushya:power_distributor":1,"farm_and_charm:beetroot_bag":1,"school:smart_brand":1,"minecraft:barrier":244,"minecraft:stone_button":12,"school:pc":1,"webdisplays:redctrl":5,"school:black_board":1,"school:radiator":1,"net_music_list:ender_music_player":7,"school:canteenkitchenstove":1,"xercapaint:item_canvas_large":106,"refurbished_furniture:spruce_table":2,"school:offs_network":1,"yuushya:traffic_lights_0":1,"chinacraft:stone_lantern":3,"brewery:whiskey_ak":1,"school:screen":1,"minecraft:fishing_rod":1,"school:highspeedrailrailings":7,"yuushya:basketball_hoop_head":3,"school:student_meal":1,"school:fm_radio":4,"minecraft:stripped_oak_wood":1,"school:acin_b":1,"yuushya:button_sign_star":1,"minecraft:glass_pane":5,"theatrical:redstone_interface":5,"minecraft:chain":5,"school:projector":1,"yuushya:beverage_drawer":1,"yuushya:truck_chassis_basic":12,"minecraft:white_concrete":2,"refurbished_furniture:oak_chair":2,"minecraft:gray_wool":38,"school:codeforstudents":2,"school:blackconcretestair":357,"webdisplays:screen":4014,"minecraft:jukebox":2,"yuushya:sign_23":1},"minecraft:crafted":{"yuushya:piano_orange_concrete":1,"minecraft:firework_star":1088,"yuushya:audio_large_a_black_blindwall":1,"minecraft:firework_rocket":3072}},"DataVersion":3465}