{"stats":{"minecraft:dropped":{"minecraft:stone_bricks":1,"school:tabletennistable":2},"minecraft:mined":{"school:tabletennistable":1},"minecraft:picked_up":{"minecraft:stone_bricks":1,"school:tabletennistable":2},"minecraft:custom":{"minecraft:time_since_rest":36414,"minecraft:crouch_one_cm":1655,"minecraft:sprint_one_cm":122611,"minecraft:play_time":70626,"minecraft:walk_one_cm":213286,"minecraft:damage_taken":810,"minecraft:deaths":17,"minecraft:sneak_time":1205,"minecraft:drop":3,"minecraft:jump":337,"minecraft:leave_game":1,"minecraft:time_since_death":36393,"minecraft:total_world_time":70626,"minecraft:fly_one_cm":629971,"minecraft:fall_one_cm":3212,"minecraft:inspect_dispenser":3},"minecraft:used":{"school:blacktallwallcorner":5,"minecraft:stone_bricks":674,"minecraft:sticky_piston":19,"minecraft:iron_bars":16,"minecraft:redstone_lamp":14,"minecraft:anvil":25,"school:greytallwall":35,"school:tall_wall_corner":2,"minecraft:grass_block":1,"minecraft:redstone":82,"minecraft:repeating_command_block":1,"minecraft:splash_potion":248,"school:tabletennistable":6,"school:tall_wall":100}},"DataVersion":3465}