{"stats":{"minecraft:used":{"webdisplays:linker":4,"minecraft:sticky_piston":1,"minecraft:dark_oak_planks":103,"theatricalextralights:x8par_warm":1,"supplementaries:cog_block":1,"theatricalextralights:a2x2par64_blue":2,"minecraft:lever":10,"minecraft:sea_lantern":54,"minecraft:end_rod":33,"supplementaries:relayer":25,"minecraft:iron_bars":37,"theatrical:truss":1058,"minecraft:daylight_detector":5,"minecraft:gray_stained_glass_pane":455,"minecraft:command_block":4,"theatricalextralights:par1000_white":1,"minecraft:lantern":7,"minecraft:grass_block":2,"minecraft:polished_andesite":655,"minecraft:oak_planks":12,"minecraft:oak_sign":4,"minecraft:stone_button":4,"minecraft:polished_andesite_stairs":7,"theatricalextralights:washlight":64,"minecraft:polished_diorite_slab":2,"minecraft:chest":7,"minecraft:spruce_planks":159,"theatrical:moving_wash":1,"minecraft:tinted_glass":16,"minecraft:stone":82,"minecraft:smooth_quartz":183,"refurbished_furniture:orange_sofa":6,"refurbished_furniture:spruce_table":3,"minecraft:iron_door":3,"supplementaries:speaker_block":256,"minecraft:diorite_wall":12,"theatricalextralights:moving_vl6":15,"theatricalextralights:laser":8,"minecraft:polished_andesite_slab":287,"minecraft:smooth_quartz_stairs":218,"theatricalextralights:a2x2par64_white":3,"net_music_list:music_list":3,"minecraft:rail":16,"theatricalextralights:beam_7r":17,"theatrical:pipe":17,"theatricalextralights:truss_3lights":4,"minecraft:iron_trapdoor":4,"theatricalextralights:mac_vip":4,"theatrical:redstone_interface":16,"minecraft:chain":3,"minecraft:smooth_stone_slab":142,"minecraft:gray_concrete":588,"minecraft:white_concrete":896,"theatricalextralights:rgb_bar":2,"webdisplays:screencfg":3,"minecraft:gray_wool":359,"theatricalextralights:strobe":1,"minecraft:smooth_stone":143,"webdisplays:screen":291,"theatrical:basic_lighting_desk":13,"minecraft:stripped_spruce_log":59,"minecraft:polished_diorite":198},"minecraft:custom":{"minecraft:time_since_rest":1453935,"minecraft:sprint_one_cm":16240,"minecraft:walk_one_cm":840485,"minecraft:drop":3,"minecraft:fly_one_cm":5362831,"minecraft:open_chest":18,"minecraft:crouch_one_cm":408,"minecraft:play_time":1453935,"minecraft:sneak_time":10238,"minecraft:jump":998,"minecraft:leave_game":9,"minecraft:time_since_death":1453935,"minecraft:total_world_time":1453935,"minecraft:inspect_dispenser":46},"minecraft:picked_up":{"net_music_list:music_list":3,"theatrical:configuration_card":1,"netmusic:music_cd":1,"minecraft:gray_stained_glass_pane":1,"xercapaint:item_canvas":2,"xercapaint:item_canvas_long":1,"minecraft:polished_diorite":1,"minecraft:coal_block":62},"minecraft:dropped":{"minecraft:gray_stained_glass_pane":1,"theatricalextralights:moving_vl6":1,"net_music_list:music_list":1}},"DataVersion":3465}