{"stats":{"minecraft:used":{"supplementaries:slingshot":5,"minecraft:dark_oak_planks":87,"minecraft:trident":1,"xercapaint:item_canvas":6,"webdisplays:keyboard":1,"supplementaries:slidy_block":2,"minecraft:oak_button":2,"minecraft:stone_button":1,"xercapaint:item_easel":9,"supplementaries:cannon":4,"xercapaint:item_canvas_large":12,"supplementaries:soap":1,"supplementaries:speaker_block":2},"minecraft:custom":{"minecraft:time_since_rest":87172,"minecraft:open_chest":1,"minecraft:crouch_one_cm":2104,"minecraft:sprint_one_cm":27158,"minecraft:play_time":87172,"minecraft:walk_one_cm":105237,"minecraft:sneak_time":1146,"minecraft:drop":2,"minecraft:jump":254,"minecraft:leave_game":1,"minecraft:time_since_death":87172,"minecraft:total_world_time":87172,"minecraft:fly_one_cm":276958,"minecraft:inspect_dispenser":4},"minecraft:picked_up":{"minecraft:dolphin_spawn_egg":1,"xercapaint:item_canvas_long":1,"xercapaint:item_canvas_tall":1,"xercapaint:item_canvas_large":7,"minecraft:stone_button":1,"minecraft:gunpowder":192,"minecraft:trident":2,"netmusic:music_cd":3,"xercapaint:item_canvas":6},"minecraft:dropped":{"netmusic:music_cd":1,"supplementaries:slidy_block":1}},"DataVersion":3465}