{"stats":{"minecraft:custom":{"minecraft:mob_kills":9,"minecraft:leave_game":4,"minecraft:time_since_death":13181,"minecraft:time_since_rest":13230,"minecraft:damage_taken":330,"minecraft:sprint_one_cm":329902,"minecraft:walk_one_cm":984940,"minecraft:drop":300,"minecraft:fly_one_cm":2618115,"minecraft:open_chest":11,"minecraft:crouch_one_cm":539,"minecraft:play_time":717036,"minecraft:deaths":1,"minecraft:sneak_time":2843,"minecraft:jump":4512,"minecraft:total_world_time":717036,"minecraft:fall_one_cm":2930,"minecraft:inspect_dispenser":14},"minecraft:used":{"webdisplays:linker":3,"minecraft:trident":42,"supplementaries:cog_block":14,"minecraft:dirt_path":45,"theatricalextralights:sharplus":47,"theatricalextralights:moving_vl2c":3,"theatrical:led_panel":4,"theatrical:truss":526,"webdisplays:keyboard":3,"theatricalextralights:x8par_purple":1,"minecraft:redstone":68,"minecraft:oak_planks":306,"supplementaries:crystal_display":3,"minecraft:chest":2,"theatrical:moving_wash":13,"minecraft:spruce_planks":661,"minecraft:tinted_glass":136,"supplementaries:sconce_lever":1,"minecraft:redstone_block":142,"refurbished_furniture:orange_sofa":4,"theatrical:led_fresnel":6,"supplementaries:slingshot":14,"theatricalextralights:moving500":3,"minecraft:dirt":3,"theatricalextralights:beam_7r":5,"theatricalextralights:moving_scan":50,"minecraft:tnt":20,"supplementaries:faucet":5,"supplementaries:bomb":42,"xercapaint:item_canvas_long":2,"refurbished_furniture:oak_light_ceiling_fan":1,"refurbished_furniture:pink_lamp":1,"theatrical:moving_light":52,"minecraft:black_concrete_powder":20,"theatricalextralights:strobe":35,"refurbished_furniture:computer":1,"minecraft:stripped_spruce_log":7,"netmusic:music_player":3,"netmusic:cd_burner":1,"refurbished_furniture:dark_oak_light_ceiling_fan":3,"minecraft:black_terracotta":5,"minecraft:black_wool":7,"refurbished_furniture:dark_electricity_generator":1,"supplementaries:relayer":9,"minecraft:lever":17,"webdisplays:rctrl":1,"refurbished_furniture:black_lamp":1,"theatricalextralights:followspot":37,"minecraft:black_concrete":560,"supplementaries:bellows":6,"theatrical:tank_trap":5,"minecraft:command_block":5,"theatricalextralights:par1000_white":1,"minecraft:grass_block":204,"minecraft:oak_stairs":23,"minecraft:oak_button":2,"webdisplays:server":30,"theatricalextralights:atomictilt":32,"webdisplays:redctrl":72,"net_music_list:ender_music_player":3,"refurbished_furniture:spruce_table":11,"theatricalextralights:blinder_warm":1,"supplementaries:cannon":1,"xercapaint:item_canvas_large":32,"refurbished_furniture:light_electricity_generator":15,"supplementaries:speaker_block":30,"supplementaries:bomb_blue":85,"minecraft:light_gray_wool":39,"minecraft:repeater":12,"net_music_list:music_list":8,"theatrical:pipe":16,"refurbished_furniture:workbench":3,"theatrical:redstone_interface":13,"refurbished_furniture:black_bath":8,"supplementaries:soap":2,"netmusic:computer":2,"webdisplays:screen":26,"theatrical:basic_lighting_desk":26,"minecraft:splash_potion":188,"minecraft:birch_stairs":1},"minecraft:picked_up":{"theatrical:basic_lighting_desk":1,"minecraft:redstone_block":1,"minecraft:splash_potion":1,"supplementaries:bomb_blue":128,"minecraft:oak_stairs":1,"supplementaries:soap":65,"webdisplays:craftcomp_peripheral":1,"webdisplays:server":1,"net_music_list:manual":1,"netmusic:music_player":1,"webdisplays:upgrade_gps":1,"supplementaries:cog_block":1,"minecraft:spruce_planks":2,"minecraft:coal_block":64,"minecraft:chest":2,"minecraft:oak_planks":2,"theatricalextralights:strobe":1,"net_music_list:music_list":15,"webdisplays:craftcomp_batpack":1,"xercapaint:item_canvas_large":7,"supplementaries:confetti_popper":1,"minecraft:trident":1,"minecraft:stripped_spruce_log":1,"minecraft:grass_block":1,"xercapaint:item_palette":1,"netmusic:music_cd":100,"minecraft:redstone":135,"theatricalextralights:followspot":1,"xercapaint:item_canvas_long":1,"minecraft:command_block":6,"webdisplays:laserpointer":1,"theatrical:redstone_interface":1,"supplementaries:bubble_blower":3,"theatrical:truss":69,"minecraft:oak_button":1,"theatricalextralights:sharplus":1},"minecraft:crafted":{"supplementaries:bubble_blower":1},"minecraft:dropped":{"webdisplays:laserpointer":2,"netmusic:music_cd":1,"webdisplays:craftcomp_batpack":2,"net_music_list:music_list":12,"webdisplays:upgrade_gps":2,"xercapaint:item_canvas_large":7,"xercapaint:item_canvas_long":1,"webdisplays:server":1,"supplementaries:soap":1,"theatrical:truss":65,"minecraft:spruce_planks":1,"refurbished_furniture:meatlovers_pizza_slice":1,"refurbished_furniture:white_sofa":1,"supplementaries:bomb_blue":256,"refurbished_furniture:knife":1,"supplementaries:bubble_blower":2,"webdisplays:craftcomp_peripheral":2,"supplementaries:altimeter":1,"minecraft:splash_potion":1,"refurbished_furniture:orange_sofa":1,"net_music_list:manual":1,"minecraft:redstone":64},"minecraft:killed":{"minecraft:iron_golem":1,"minecraft:villager":8}},"DataVersion":3465}