{"stats":{"minecraft:custom":{"minecraft:interact_with_crafting_table":3,"minecraft:leave_game":7,"minecraft:time_since_death":216392,"minecraft:climb_one_cm":388,"minecraft:time_since_rest":216392,"minecraft:sprint_one_cm":112441,"minecraft:walk_one_cm":379331,"minecraft:drop":23,"minecraft:fly_one_cm":910031,"minecraft:open_chest":1,"minecraft:crouch_one_cm":4267,"minecraft:play_time":216392,"minecraft:sneak_time":2743,"minecraft:jump":896,"minecraft:total_world_time":216392,"minecraft:inspect_dispenser":6},"minecraft:used":{"brewery:pork_knuckle":1,"supplementaries:blackboard":6,"webdisplays:linker":13,"minecraft:oak_fence":12,"minecraft:trident":5,"brewery:half_chicken":2,"brewery:potato_salad":1,"xercapaint:item_canvas":6,"webdisplays:keyboard":3,"supplementaries:slidy_block":2,"brewery:mashed_potatoes":3,"minecraft:ladder":5,"xercapaint:item_easel":9,"brewery:whiskey_cristelwalker":4,"minecraft:spruce_planks":335,"brewery:netherite_brewingstation":6,"brewery:breathalyzer":7,"supplementaries:slingshot":5,"minecraft:glow_item_frame":1,"brewery:barrel_main":6,"brewery:beer_hops":2,"brewery:whiskey_maggoallan":3,"minecraft:oak_slab":40,"minecraft:crafting_table":2,"refurbished_furniture:white_sofa":4,"supplementaries:fine_wood":9,"refurbished_furniture:oak_light_ceiling_fan":1,"refurbished_furniture:television":8,"minecraft:ochre_froglight":57,"brewery:beer_nettle":1,"minecraft:snowball":135,"brewery:whiskey_carrasconlabel":5,"supplementaries:item_shelf":21,"minecraft:stripped_spruce_log":616,"minecraft:oak_log":1,"refurbished_furniture:recycle_bin":4,"minecraft:dark_oak_planks":87,"brewery:table":26,"brewery:brewery_banner":1,"brewery:patterned_carpet":35,"brewery:bar_counter":18,"minecraft:light_gray_concrete":231,"minecraft:gray_stained_glass_pane":30,"minecraft:grass_block":6,"minecraft:oak_button":2,"brewery:beer_barley":3,"minecraft:stone_button":1,"supplementaries:clock_block":1,"refurbished_furniture:light_microwave":1,"supplementaries:cannon":13,"xercapaint:item_canvas_large":24,"refurbished_furniture:light_electricity_generator":1,"supplementaries:speaker_block":2,"brewery:whiskey_ak":4,"refurbished_furniture:spruce_chair":36,"brewery:bench":4,"minecraft:item_frame":3,"brewery:beer_haley":16,"brewery:beer_mug":4,"brewery:whiskey_jojannik":3,"brewery:wall_cabinet":10,"minecraft:stripped_oak_wood":587,"brewery:pretzel":1,"brewery:whiskey_jamesons_malt":4,"brewery:gingerbread":3,"brewery:drawer":5,"supplementaries:soap":1,"webdisplays:screen":214},"minecraft:picked_up":{"brewery:beer_haley":1,"minecraft:dolphin_spawn_egg":1,"minecraft:ladder":4,"minecraft:gunpowder":192,"brewery:beer_wheat":1,"xercapaint:item_canvas":7,"xercapaint:item_canvas_tall":1,"brewery:whiskey_cristelwalker":1,"xercapaint:item_canvas_large":7,"minecraft:stone_button":1,"minecraft:trident":2,"netmusic:music_cd":3,"minecraft:gray_stained_glass_pane":1,"xercapaint:item_canvas_long":1},"minecraft:dropped":{"netmusic:music_cd":1,"minecraft:gray_stained_glass_pane":1,"brewery:whiskey_cristelwalker":5,"minecraft:oak_fence":1,"brewery:beer_nettle":3,"minecraft:grass_block":2,"supplementaries:soap":1,"brewery:beer_wheat":1,"brewery:whiskey_jojannik":3,"supplementaries:cannon":1,"brewery:beer_hops":3,"supplementaries:slidy_block":1}},"DataVersion":3465}