{"stats":{"minecraft:used":{"minecraft:spruce_planks":595,"minecraft:dirt":28,"minecraft:black_concrete":62,"minecraft:white_concrete":146,"theatrical:truss":1074,"brewery:whiskey_carrasconlabel":1,"webdisplays:screen":732,"minecraft:stripped_spruce_log":387,"minecraft:grass_block":2,"refurbished_furniture:cheese_toastie":1},"minecraft:custom":{"minecraft:jump":210,"minecraft:time_since_rest":207299,"minecraft:crouch_one_cm":155,"minecraft:leave_game":1,"minecraft:play_time":207299,"minecraft:sprint_one_cm":32117,"minecraft:time_since_death":207299,"minecraft:walk_one_cm":274718,"minecraft:sneak_time":648,"minecraft:total_world_time":207299,"minecraft:fly_one_cm":1075294}},"DataVersion":3465}