{"stats":{"minecraft:picked_up":{"minecraft:stick":1,"refurbished_furniture:wrench":1,"minecraft:quartz_pillar":1},"minecraft:dropped":{"minecraft:quartz_pillar":1,"minecraft:stick":1},"minecraft:used":{"school:itmusthavebeen_optifinetodoit":2,"minecraft:black_concrete":66,"minecraft:dirt":28,"minecraft:terracotta":1,"theatrical:truss":1079,"minecraft:quartz_pillar":458,"refurbished_furniture:cheese_toastie":1,"minecraft:grass_block":2,"minecraft:spruce_planks":595,"minecraft:white_concrete":156,"brewery:whiskey_carrasconlabel":1,"webdisplays:screen":732,"minecraft:stripped_spruce_log":387},"minecraft:custom":{"minecraft:time_since_rest":395185,"minecraft:crouch_one_cm":155,"minecraft:sprint_one_cm":92014,"minecraft:play_time":395185,"minecraft:walk_one_cm":499672,"minecraft:sneak_time":716,"minecraft:drop":2,"minecraft:jump":529,"minecraft:leave_game":5,"minecraft:time_since_death":395185,"minecraft:total_world_time":395185,"minecraft:fly_one_cm":2515045}},"DataVersion":3465}