{"stats":{"minecraft:custom":{"minecraft:time_since_rest":259864,"minecraft:open_chest":1,"minecraft:crouch_one_cm":861,"minecraft:sprint_one_cm":30149,"minecraft:play_time":259864,"minecraft:walk_one_cm":161905,"minecraft:sneak_time":3595,"minecraft:drop":5,"minecraft:aviate_one_cm":744209,"minecraft:jump":357,"minecraft:leave_game":8,"minecraft:time_since_death":259864,"minecraft:total_world_time":259864,"minecraft:fly_one_cm":1043193},"minecraft:used":{"minecraft:birch_door":1,"minecraft:oak_fence":6,"minecraft:item_frame":1,"minecraft:glass":153,"minecraft:white_wool":38,"minecraft:ender_eye":331,"minecraft:diorite":6,"minecraft:end_rod":19,"minecraft:firework_rocket":609,"minecraft:flint_and_steel":4,"minecraft:smooth_quartz_slab":168,"minecraft:elytra":1,"minecraft:smooth_quartz":174,"minecraft:diorite_wall":20,"minecraft:diorite_slab":50,"minecraft:polished_diorite":75,"minecraft:experience_bottle":305,"minecraft:white_candle":4},"minecraft:picked_up":{"minecraft:ender_eye":257,"minecraft:smooth_quartz":3,"netmusic:music_cd":5,"minecraft:smooth_quartz_slab":1,"minecraft:white_candle":1},"minecraft:dropped":{"minecraft:smooth_quartz_slab":1,"minecraft:white_candle":1,"minecraft:smooth_quartz":3}},"DataVersion":3465}