{"stats":{"minecraft:killed":{"minecraft:wandering_trader":6},"minecraft:custom":{"minecraft:mob_kills":6,"minecraft:inspect_hopper":24,"minecraft:interact_with_crafting_table":24,"minecraft:open_shulker_box":178,"minecraft:leave_game":26,"minecraft:time_since_death":547832,"minecraft:climb_one_cm":20187,"minecraft:sprint_one_cm":1971852,"minecraft:walk_one_cm":1900505,"minecraft:drop":78,"minecraft:play_time":2071403,"minecraft:deaths":2,"minecraft:sneak_time":37831,"minecraft:jump":16137,"minecraft:total_world_time":2071403,"minecraft:play_record":1,"minecraft:time_since_rest":547881,"minecraft:damage_taken":940,"minecraft:damage_dealt":1200,"minecraft:fly_one_cm":13113386,"minecraft:open_chest":45,"minecraft:crouch_one_cm":74502,"minecraft:fall_one_cm":31236,"minecraft:inspect_dispenser":75},"minecraft:used":{"minecraft:oak_fence":14,"minecraft:netherite_sword":14,"minecraft:iron_bars":3,"theatricalextralights:moving_vl2c":1,"minecraft:flint_and_steel":34,"minecraft:dispenser":83,"minecraft:redstone":10,"minecraft:ladder":27,"xercapaint:item_easel":7,"minecraft:chest":2,"minecraft:spruce_planks":52,"minecraft:tinted_glass":9,"minecraft:stone":3,"refurbished_furniture:orange_sofa":14,"theatricalextralights:laser":3,"school:ubuntu_seewo":1,"school:loudspeaker":1,"minecraft:dirt":208,"minecraft:hopper":8,"minecraft:spruce_stairs":24,"minecraft:cobblestone_wall":3,"refurbished_furniture:television":12,"school:outdoorspeakers":2,"minecraft:stripped_spruce_log":40,"netmusic:music_player":19,"minecraft:glass":2,"minecraft:red_shulker_box":2,"minecraft:dark_oak_planks":282,"minecraft:sea_lantern":446,"webdisplays:rctrl":23,"school:white_board":1,"theatricalextralights:followspot":1,"minecraft:grass_block":655,"minecraft:oak_stairs":1,"minecraft:slime_block":1,"minecraft:orange_shulker_box":7,"webdisplays:server":2,"minecraft:bedrock":11,"school:itmusthavebeen_optifinetodoit":1,"minecraft:repeater":8,"theatrical:pipe":3,"minecraft:black_stained_glass":28,"minecraft:iron_trapdoor":7,"school:school_bell_controller":1,"minecraft:stone_pressure_plate":2,"farm_and_charm:chicken_coop":1,"webdisplays:screencfg":164,"minecraft:observer":9,"theatrical:basic_lighting_desk":4,"theatricalextralights:x8par_red":8,"webdisplays:linker":75,"webdisplays:ownerthief":4,"minecraft:end_rod":16,"theatrical:led_panel":3,"xercapaint:item_canvas":45,"theatrical:truss":773,"webdisplays:keyboard":5,"theatricalextralights:moving_beam":1,"minecraft:yellow_shulker_box":4,"minecraft:oak_planks":81,"minecraft:redstone_block":69,"theatrical:led_fresnel":3,"minecraft:white_wool":5,"school:pcmc":1,"minecraft:sand":415,"minecraft:crafting_table":1,"theatrical:moving_light":4,"minecraft:lime_shulker_box":2,"brewery:beer_nettle":4,"refurbished_furniture:computer":8,"netmusic:cd_burner":4,"school:seewo":1,"minecraft:redstone_torch":4,"refurbished_furniture:dark_electricity_generator":2,"school:pcw_7":1,"minecraft:lever":46,"theatricalextralights:a2x2par64_red":5,"minecraft:light":32,"minecraft:black_concrete":4,"minecraft:black_wool":256,"theatrical:tank_trap":4,"minecraft:firework_rocket":672,"minecraft:command_block":18,"school:smart_brand":1,"minecraft:barrier":244,"farm_and_charm:beetroot_bag":1,"minecraft:stone_button":12,"webdisplays:redctrl":5,"xercapaint:item_canvas_large":106,"net_music_list:ender_music_player":6,"refurbished_furniture:spruce_table":2,"brewery:whiskey_ak":1,"minecraft:stripped_oak_wood":1,"theatrical:redstone_interface":5,"minecraft:chain":5,"minecraft:glass_pane":5,"minecraft:gray_wool":38,"minecraft:jukebox":1,"webdisplays:screen":4005},"minecraft:crafted":{"minecraft:firework_star":1088,"minecraft:firework_rocket":3072},"minecraft:dropped":{"minecraft:orange_shulker_box":1,"webdisplays:ownerthief":1,"netmusic:music_cd":19,"xercapaint:item_canvas":3,"net_music_list:music_list":1,"minecraft:lime_shulker_box":1,"theatrical:configuration_card":1,"minecraft:command_block":2,"minecraft:bedrock":1,"minecraft:coal_block":126,"minecraft:red_shulker_box":1,"minecraft:dirt":2,"minecraft:stone_button":1,"minecraft:yellow_shulker_box":1,"xercapaint:item_palette":2,"minecraft:redstone_block":1,"webdisplays:upgrade_lasermouse":1,"webdisplays:craftcomp_batpack":1,"xercapaint:item_easel":1,"minecraft:netherite_sword":1,"minecraft:slime_block":1,"xercapaint:item_canvas_large":4,"minecraft:stone":1,"minecraft:trident":1,"minecraft:ladder":9,"minecraft:stone_pressure_plate":1,"minecraft:firework_rocket":1066},"minecraft:picked_up":{"minecraft:redstone_block":2,"minecraft:ladder":10,"brewery:whiskey_ak":1,"netmusic:music_player":2,"brewery:whiskey_cristelwalker":1,"minecraft:coal_block":188,"webdisplays:screen":2,"minecraft:stick":2,"minecraft:orange_shulker_box":7,"net_music_list:music_list":1,"minecraft:trident":1,"minecraft:stone_pressure_plate":1,"minecraft:tnt":65,"minecraft:command_block":2,"refurbished_furniture:meatlovers_pizza_slice":1,"minecraft:end_rod":2,"brewery:beer_nettle":3,"minecraft:barrier":1,"minecraft:yellow_shulker_box":1,"minecraft:gunpowder":256,"net_music_list:manual":1,"brewery:beer_wheat":1,"xercapaint:item_canvas":14,"brewery:beer_hops":1,"webdisplays:craftcomp_batpack":1,"webdisplays:screencfg":2,"xercapaint:item_canvas_large":16,"refurbished_furniture:knife":1,"webdisplays:upgrade_lasermouse":1,"netmusic:music_cd":212,"minecraft:sea_lantern":2,"minecraft:firework_rocket":2002,"xercapaint:item_canvas_long":4,"minecraft:slime_block":1,"webdisplays:linker":2,"webdisplays:laserpointer":3,"minecraft:lever":2,"theatrical:truss":1,"webdisplays:rctrl":2,"webdisplays:ownerthief":1}},"DataVersion":3465}