{"stats":{"minecraft:dropped":{"refurbished_furniture:light_toaster":3,"yuushya:different_soda":1,"minecraft:repeating_command_block":3,"webdisplays:laserpointer":6,"minecraft:orange_dye":1,"xercapaint:item_canvas":2,"yuushya:sleeping_orange_cat":1,"school:spring_festival_couplets":1,"webdisplays:linker":1,"minecraft:bedrock":3,"yuushya:ceiling_cctv_camera":4,"yuushya:car_white_part_b":1,"farm_and_charm:bacon_with_eggs":64,"webdisplays:server":1,"minecraft:cobblestone_stairs":2,"minecraft:dirt":8,"refurbished_furniture:wrench":1,"farm_and_charm:farmers_bread":384,"minecraft:stone_button":1,"minecraft:yellow_dye":1,"minecraft:snowball":1,"minecraft:cherry_leaves":1,"minecraft:writable_book":1,"brewery:whiskey_lilitusinglemalt":1,"minecraft:sand":64,"candlelight:typewriter_iron":1,"minecraft:stripped_oak_wood":1,"minecraft:black_concrete":3,"school:outdoorslidingdoors":1,"minecraft:dark_oak_planks":21,"minecraft:white_wool":1,"minecraft:gray_dye":1,"net_music_list:manual":1,"theatricalextralights:strobe":1,"minecraft:lever":23,"webdisplays:screen":5,"brewery:half_chicken":1201,"xercapaint:item_easel":2,"yuushya:call_bell":1,"minecraft:pink_dye":1,"school:seewo_bsod":1,"minecraft:oak_planks":1,"school:itmusthavebeen_optifinetodoit":2,"brewery:whiskey_carrasconlabel":2,"minecraft:lime_dye":1,"xercapaint:item_canvas_large":9,"brewery:brewery_banner":1,"theatrical:truss":65,"brewery:beer_wheat":11,"minecraft:gunpowder":1,"yuushya:half_side_slab_smooth_marble":1,"minecraft:quartz_block":145,"minecraft:hopper":1,"minecraft:lingering_potion":1,"minecraft:chest":11,"refurbished_furniture:knife":1,"minecraft:spruce_slab":1,"minecraft:white_dye":1,"yuushya:beef":3,"refurbished_furniture:television_remote":4,"minecraft:written_book":7,"minecraft:polished_granite":1,"minecraft:splash_potion":6,"refurbished_furniture:orange_sofa":1,"minecraft:egg":1,"minecraft:firework_rocket":265,"refurbished_furniture:oak_table":1,"webdisplays:minepad":1,"webdisplays:ownerthief":1,"minecraft:stripped_spruce_log":1,"minecraft:oak_slab":3,"yuushya:beef_plate":2,"minecraft:black_dye":1,"netmusic:music_cd":30,"brewery:breathalyzer":2,"net_music_list:music_list":18,"minecraft:smooth_quartz_stairs":1,"minecraft:bookshelf":2,"webdisplays:upgrade_gps":2,"minecraft:cyan_dye":1,"brewery:pork_knuckle":893,"minecraft:netherite_axe":1,"yuushya:white_windows_0":2,"yuushya:seasoning_box":1,"minecraft:barrier":4,"minecraft:spectral_arrow":1,"xercapaint:item_canvas_long":5,"yuushya:peking_roast_duck":32,"minecraft:chiseled_bookshelf":1,"minecraft:purple_dye":1,"minecraft:grass_block":16,"minecraft:coal_block":320,"minecraft:stick":1,"minecraft:polished_andesite":2,"brewery:beer_haley":1,"yuushya:soda":1,"yuushya:traffic_lights_0":3,"minecraft:gray_wool":3,"minecraft:blue_dye":2,"minecraft:green_dye":1,"netmusic:cd_burner":3,"minecraft:white_concrete":6,"minecraft:smooth_quartz":2,"minecraft:fire_charge":1,"minecraft:brown_terracotta":1,"minecraft:oak_stairs":4,"webdisplays:craftcomp_peripheral":2,"yuushya:large_water_bottle":2,"minecraft:red_dye":1,"minecraft:paper":65,"xercapaint:item_palette":2,"yuushya:villa_0":1,"yuushya:modern_lamp_1":1,"school:alcohol_lamp":1,"minecraft:redstone":67,"minecraft:polished_diorite":1,"minecraft:moss_carpet":1,"minecraft:brown_dye":1,"webdisplays:craftcomp_batpack":2,"netmusic:music_player":2,"brewery:potato_salad":1,"minecraft:smooth_stone_slab":1,"farm_and_charm:dog_food":192,"minecraft:stripped_oak_log":3,"brewery:fried_chicken":961,"yuushya:cctv_camera":5,"minecraft:damaged_anvil":1,"yuushya:soda_":1,"candlelight:table_sign":1,"minecraft:dirt_path":1,"brewery:sausage":2,"minecraft:flint_and_steel":2,"school:outdoorspeakers":5,"refurbished_furniture:light_electricity_generator":1,"minecraft:light":64,"minecraft:light_blue_dye":2,"candlelight:cooking_pan":2,"yuushya:potato_chips":1,"minecraft:spruce_planks":2,"minecraft:netherite_block":64,"minecraft:cake":1,"minecraft:pink_shulker_box":9,"refurbished_furniture:meatlovers_pizza_slice":1,"yuushya:frying_pan":1,"refurbished_furniture:white_sofa":1,"brewery:dumplings":1,"refurbished_furniture:spatula":1,"farm_and_charm:pasta_with_onion_sauce":64,"candlelight:candlelight_standard":1,"minecraft:stone_bricks":16,"yuushya:vinyl_record_player":1,"minecraft:light_gray_dye":1,"minecraft:spruce_log":1,"minecraft:bow":1,"brewery:mashed_potatoes":64,"minecraft:magenta_dye":1,"school:outdoorslidingdoors_1":1,"candlelight:chocolate_box":1,"xercapaint:item_canvas_tall":1,"brewery:whiskey_maggoallan":2,"theatrical:basic_lighting_desk":2},"minecraft:mined":{"minecraft:stripped_spruce_log":1,"farm_and_charm:tool_rack":1},"minecraft:killed":{"minecraft:iron_golem":1,"minecraft:wandering_trader":7,"minecraft:villager":8},"minecraft:picked_up":{"yuushya:potato_chips":1,"yuushya:cctv_camera":3,"minecraft:redstone_block":1,"minecraft:oak_stairs":5,"minecraft:light":128,"webdisplays:server":1,"yuushya:sleeping_ragdoll":1,"minecraft:pink_shulker_box":20,"netmusic:music_player":1,"webdisplays:upgrade_gps":1,"candlelight:candlelight_standard":1,"minecraft:tnt_minecart":1,"minecraft:smooth_stone":8,"minecraft:spruce_planks":2,"minecraft:red_dye":2,"minecraft:written_book":1,"minecraft:smooth_quartz":1,"minecraft:enchanted_golden_apple":37,"minecraft:coal_block":686,"webdisplays:screen":3,"farm_and_charm:pitchfork":1,"minecraft:torch":4,"net_music_list:music_list":23,"brewery:half_chicken":945,"minecraft:black_dye":1,"minecraft:quartz_block":80,"refurbished_furniture:light_toaster":1,"minecraft:command_block":6,"school:itmusthavebeen_optifinetodoit":4,"minecraft:blue_dye":2,"theatrical:basic_lighting_desk":3,"minecraft:barrier":1,"farm_and_charm:farmers_bread":447,"minecraft:magenta_dye":1,"refurbished_furniture:spatula":2,"minecraft:light_gray_dye":1,"net_music_list:manual":1,"minecraft:dirt":93,"farm_and_charm:tool_rack":1,"minecraft:light_blue_dye":2,"minecraft:oak_planks":2,"school:alcohol_lamp":19,"farm_and_charm:pasta_with_onion_sauce":64,"brewery:beer_hops":3,"brewery:pork_knuckle":696,"webdisplays:craftcomp_batpack":1,"refurbished_furniture:recycle_bin":175,"minecraft:sand":109,"refurbished_furniture:knife":1,"minecraft:stripped_spruce_log":2,"minecraft:grass_block":7,"minecraft:diamond_block":17,"minecraft:mossy_cobblestone":4,"minecraft:netherite_block":64,"minecraft:polished_andesite":1,"xercapaint:item_canvas_long":3,"yuushya:soda_":1,"minecraft:black_concrete":20,"theatrical:redstone_interface":1,"minecraft:lever":24,"minecraft:writable_book":2,"candlelight:chocolate_box":1,"minecraft:white_concrete":2,"webdisplays:ownerthief":1,"minecraft:cyan_dye":1,"minecraft:charcoal":358,"minecraft:firework_star":1,"brewery:sausage":1,"minecraft:splash_potion":1,"minecraft:ladder":1,"brewery:fried_chicken":513,"yuushya:call_bell":1,"minecraft:elytra":1,"farm_and_charm:dog_food":320,"minecraft:moss_carpet":1,"brewery:whiskey_cristelwalker":4,"minecraft:chest":25,"xercapaint:item_easel":1,"yuushya:beef_plate":1,"minecraft:orange_dye":1,"theatricalextralights:strobe":1,"brewery:whiskey_jojannik":5,"minecraft:gray_dye":1,"minecraft:fire_charge":26,"minecraft:white_dye":1,"minecraft:stone_button":1,"minecraft:trident":1,"minecraft:redstone":140,"minecraft:brown_dye":1,"minecraft:stone_pressure_plate":1,"minecraft:dark_oak_planks":51,"theatricalextralights:followspot":1,"minecraft:repeating_command_block":2,"brewery:whiskey_lilitusinglemalt":4,"yuushya:beef":1,"minecraft:white_shulker_box":1,"theatricalextralights:sharplus":1,"netmusic:cd_burner":1,"minecraft:white_wool":1,"minecraft:stripped_oak_log":3,"brewery:beer_nettle":5,"brewery:beer_haley":4,"minecraft:purple_dye":1,"minecraft:chiseled_bookshelf":1,"minecraft:yellow_dye":1,"yuushya:ceiling_cctv_camera":3,"minecraft:bedrock":1,"candlelight:cooking_pan":4,"webdisplays:craftcomp_peripheral":1,"minecraft:gunpowder":1,"minecraft:cobblestone_stairs":2,"brewery:beer_wheat":46,"minecraft:paper":65,"xercapaint:item_canvas":1,"brewery:breathalyzer":1,"minecraft:stone_bricks":19,"yuushya:seasoning_box":1,"minecraft:green_dye":1,"yuushya:peking_roast_duck":1,"minecraft:scaffolding":15,"minecraft:oak_slab":1,"yuushya:traffic_lights_0":2,"xercapaint:item_canvas_large":12,"farm_and_charm:bacon_with_eggs":64,"netmusic:music_cd":523,"xercapaint:item_palette":1,"minecraft:firework_rocket":10,"minecraft:lime_dye":1,"webdisplays:linker":1,"webdisplays:laserpointer":4,"school:outdoorspeakers":2,"theatrical:truss":69,"minecraft:birch_sign":1,"minecraft:oak_button":1,"refurbished_furniture:bread_slice":12,"minecraft:damaged_anvil":1,"minecraft:black_wool":1,"minecraft:hopper":2,"minecraft:coal":515,"refurbished_furniture:television_remote":4,"minecraft:pink_dye":1},"minecraft:custom":{"minecraft:interact_with_crafting_table":8,"minecraft:open_shulker_box":38,"minecraft:eat_cake_slice":26,"minecraft:leave_game":75,"minecraft:time_since_death":154374,"minecraft:sprint_one_cm":2093230,"minecraft:drop":1932,"minecraft:talked_to_villager":14,"minecraft:play_time":9300888,"minecraft:deaths":64,"minecraft:jump":21654,"minecraft:walk_on_water_one_cm":7080,"minecraft:sleep_in_bed":2,"minecraft:damage_dealt":450,"minecraft:crouch_one_cm":26932,"minecraft:inspect_dispenser":36,"minecraft:mob_kills":17,"minecraft:interact_with_anvil":4,"minecraft:inspect_hopper":22,"minecraft:damage_dealt_resisted":252,"minecraft:climb_one_cm":12316,"minecraft:walk_one_cm":5123358,"minecraft:sneak_time":25265,"minecraft:walk_under_water_one_cm":579,"minecraft:boat_one_cm":4725,"minecraft:total_world_time":9300888,"minecraft:time_since_rest":154654,"minecraft:damage_taken":5645,"minecraft:fly_one_cm":13014416,"minecraft:open_chest":183,"minecraft:aviate_one_cm":120150,"minecraft:fall_one_cm":43923},"minecraft:used":{"refurbished_furniture:jungle_chair":7,"minecraft:writable_book":25,"theatricalextralights:moving_vl2c":3,"minecraft:ladder":3,"minecraft:elytra":1,"minecraft:black_carpet":8,"yuushya:ceiling_cctv_camera":38,"xercapaint:item_easel":6,"minecraft:chest":52,"school:tabletennistable":10,"school:outdoorslidingdoors":1,"school:ubuntu_seewo":6,"yuushya:paste":1,"brewery:fried_chicken":142,"yuushya:soda_":1,"farm_and_charm:sausage_with_oat_patty":8,"minecraft:soul_sand":4,"brewery:sausage":50,"candlelight:typewriter_iron":1,"school:fitnesstreadmill":1,"refurbished_furniture:pink_lamp":2,"minecraft:snowball":287,"minecraft:stripped_spruce_log":9,"refurbished_furniture:dark_oak_light_ceiling_fan":3,"minecraft:glass":1,"yuushya:coconut":1,"theatricalextralights:followspot":37,"minecraft:grass_block":1167,"minecraft:quartz_block":558,"webdisplays:server":30,"theatricalextralights:atomictilt":32,"minecraft:cherry_leaves":33,"yuushya:generator":2,"yuushya:tissue":2,"minecraft:stone_bricks":167,"minecraft:repeater":35,"minecraft:bedrock":14,"brewery:beer_haley":10,"net_music_list:music_list":17,"yuushya:monitor_with_tablet":3,"minecraft:redstone_lamp":6,"minecraft:bow":5,"theatrical:pipe":16,"minecraft:written_book":51,"yuushya:mounted_tv_online":8,"yuushya:tanghulu":1,"minecraft:egg":25,"netmusic:computer":2,"school:mobile_red_flags":29,"theatrical:basic_lighting_desk":42,"refurbished_furniture:oak_table":1,"brewery:beer_elemental_spawn_egg":23,"webdisplays:ownerthief":1,"minecraft:damaged_anvil":22,"yuushya:melon":1,"theatrical:truss":837,"yuushya:old_tv":3,"refurbished_furniture:jungle_desk":11,"minecraft:oak_planks":307,"brewery:whiskey_cristelwalker":21,"minecraft:ender_pearl":9,"refurbished_furniture:light_stove":3,"minecraft:redstone_block":142,"yuushya:peking_roast_duck":1,"yuushya:traffic_lights_2":2,"farm_and_charm:bacon_with_eggs":6,"yuushya:octagon_pavilion":1,"minecraft:white_wool":10,"brewery:barrel_main":1,"theatricalextralights:moving500":3,"minecraft:sand":88,"yuushya:satellite_dish":2,"yuushya:dining_truck":1,"yuushya:frying_pan":2,"farm_and_charm:pasta_with_onion_sauce":1,"school:classroom_iron_door":1,"yuushya:centre_speaker":2,"school:squattingurinal":4,"theatrical:moving_light":54,"yuushya:chalk_box":2,"minecraft:gray_concrete":2,"minecraft:lingering_potion":34,"school:broadcastcrew":21,"minecraft:black_concrete_powder":20,"refurbished_furniture:computer":1,"school:seewo":3,"minecraft:black_terracotta":5,"yuushya:white_windows_0":8,"minecraft:lever":170,"refurbished_furniture:black_lamp":1,"minecraft:black_concrete":1046,"minecraft:firework_rocket":536,"theatrical:tank_trap":5,"refurbished_furniture:light_range_hood":1,"yuushya:sakura_tree_lush":4,"yuushya:cctv_camera":12,"minecraft:light_gray_concrete":2,"minecraft:barrier":1,"minecraft:stone_button":1,"refurbished_furniture:birch_table":2,"minecraft:polished_granite":1,"net_music_list:ender_music_player":7,"school:canteenkitchenstove":1,"theatricalextralights:blinder_warm":1,"yuushya:pizza":1,"refurbished_furniture:spruce_table":12,"minecraft:iron_door":4,"farm_and_charm:simple_tomato_soup":18,"minecraft:coal_block":1,"minecraft:fire_charge":827,"school:highspeedrailrailings":11,"yuushya:villa_0":3,"yuushya:hanzi_banner_1":3,"minecraft:stripped_oak_wood":2,"yuushya:modern_lamp_1":1,"theatrical:redstone_interface":13,"minecraft:white_concrete":10,"yuushya:sushi_set":1,"school:alcohol_lamp":576,"brewery:pork_knuckle":282,"yuushya:milk_tea":1,"minecraft:trident":47,"theatricalextralights:sharplus":47,"minecraft:flint_and_steel":35,"brewery:mashed_potatoes":100,"minecraft:redstone":237,"minecraft:spruce_planks":681,"minecraft:tinted_glass":136,"refurbished_furniture:light_fridge":1,"refurbished_furniture:orange_sofa":5,"brewery:breathalyzer":3,"yuushya:car_yellow_part_a":4,"school:acina":2,"yuushya:ceiling_fan":1,"brewery:beer_hops":19,"minecraft:dirt":149,"theatricalextralights:beam_7r":5,"minecraft:anvil":2,"theatricalextralights:truss_3lights":1,"yuushya:ventilator":1,"minecraft:hopper":13,"farm_and_charm:tool_rack":1,"xercapaint:item_canvas_long":8,"yuushya:horizontal_utility_pole":3,"brewery:dumplings":146,"refurbished_furniture:television":183,"candlelight:table_sign":2,"yuushya:chocolate_cake":1,"brewery:whiskey_carrasconlabel":21,"school:outdoorspeakers":22,"theatricalextralights:strobe":102,"netmusic:music_player":154,"minecraft:dark_oak_planks":434,"farm_and_charm:strawberry_tea":5,"refurbished_furniture:recycle_bin":1,"webdisplays:rctrl":3,"minecraft:sea_lantern":1,"brewery:brewery_banner":1,"minecraft:bookshelf":3,"candlelight:candlelight_standard":1,"brewery:bar_counter":4,"yuushya:beef":41,"minecraft:oak_stairs":23,"minecraft:slime_block":40,"school:seewo_bsod":1,"yuushya:half_side_slab_smooth_marble":4,"refurbished_furniture:light_toaster":1,"yuushya:car_blue_part_b":1,"minecraft:smooth_quartz":10,"yuushya:jam":1,"minecraft:light_gray_wool":39,"refurbished_furniture:bread_slice":1,"school:itmusthavebeen_optifinetodoit":1,"brewery:whiskey_jojannik":9,"yuushya:bread_with_egg":1,"yuushya:beef_plate":1,"minecraft:stone_pressure_plate":6,"yuushya:call_bell":2,"webdisplays:screencfg":34,"minecraft:enchanted_golden_apple":5,"webdisplays:linker":35,"minecraft:water_bucket":10,"minecraft:chiseled_bookshelf":3,"brewery:half_chicken":34,"xercapaint:item_canvas":6,"brewery:potato_salad":81,"theatrical:led_panel":4,"minecraft:dirt_path":127,"webdisplays:keyboard":5,"yuushya:green_apple":2,"theatricalextralights:x8par_purple":1,"yuushya:large_water_bottle":7,"minecraft:polished_andesite":8,"school:schooltables":3,"theatrical:moving_wash":50,"minecraft:birch_boat":1,"yuushya:different_soda":2,"yuushya:voltage_transformer":16,"theatrical:led_fresnel":6,"brewery:beer_wheat":270,"minecraft:diamond_block":69,"brewery:whiskey_maggoallan":2,"theatricalextralights:moving_scan":50,"minecraft:tnt":20,"minecraft:oak_slab":24,"minecraft:crafting_table":1,"school:fu":16,"minecraft:birch_sign":1,"refurbished_furniture:oak_light_ceiling_fan":1,"yuushya:apple":1,"yuushya:seasoning_box":3,"brewery:beer_nettle":10,"school:spring_festival_couplets":6,"minecraft:spruce_log":22,"minecraft:cake":2,"yuushya:composite_building":1,"netmusic:cd_burner":4,"brewery:whiskey_lilitusinglemalt":68,"refurbished_furniture:dark_electricity_generator":13,"minecraft:light":36,"minecraft:black_wool":57,"minecraft:command_block":5,"yuushya:potato_chips":1,"theatricalextralights:par1000_white":2,"yuushya:kettle":1,"yuushya:wire":16,"minecraft:oak_button":11,"minecraft:netherite_axe":4,"yuushya:drain":1,"webdisplays:redctrl":73,"yuushya:traffic_lights_0":3,"xercapaint:item_canvas_large":104,"refurbished_furniture:light_electricity_generator":16,"candlelight:chocolate_box":29,"yuushya:car_white_part_b":2,"brewery:whiskey_ak":25,"yuushya:mounted_utility_service_drop":5,"brewery:beer_mug":1,"yuushya:soda":3,"refurbished_furniture:workbench":3,"minecraft:splash_potion":913,"yuushya:fancy_sakura_3":1,"webdisplays:screen":506,"minecraft:birch_stairs":1,"yuushya:full_oden_cooker":1,"minecraft:pink_shulker_box":30,"minecraft:glass_pane":12,"minecraft:repeating_command_block":66,"refurbished_furniture:black_bath":8,"yuushya:pudding":5,"school:fluorescentlamps":1,"school:laboratory_cabinet":4,"minecraft:gray_wool":65,"minecraft:smooth_stone":5},"minecraft:crafted":{"minecraft:firework_star":3,"minecraft:firework_rocket":12}},"DataVersion":3465}