{"stats":{"minecraft:used":{"supplementaries:slingshot":5,"xercapaint:item_easel":1,"minecraft:dark_oak_planks":87,"supplementaries:cannon":2,"supplementaries:soap":1},"minecraft:custom":{"minecraft:jump":166,"minecraft:open_chest":1,"minecraft:time_since_rest":17891,"minecraft:crouch_one_cm":57,"minecraft:sprint_one_cm":15984,"minecraft:play_time":17891,"minecraft:time_since_death":17891,"minecraft:walk_one_cm":33623,"minecraft:sneak_time":83,"minecraft:total_world_time":17891,"minecraft:drop":1,"minecraft:fly_one_cm":145299,"minecraft:inspect_dispenser":4},"minecraft:picked_up":{"minecraft:gunpowder":64,"netmusic:music_cd":1,"xercapaint:item_canvas":1},"minecraft:dropped":{"netmusic:music_cd":1}},"DataVersion":3465}