{"stats":{"minecraft:custom":{"minecraft:mob_kills":9,"minecraft:leave_game":4,"minecraft:time_since_death":645036,"minecraft:time_since_rest":645036,"minecraft:sprint_one_cm":299554,"minecraft:walk_one_cm":883706,"minecraft:drop":275,"minecraft:fly_one_cm":2460798,"minecraft:open_chest":9,"minecraft:crouch_one_cm":516,"minecraft:play_time":645036,"minecraft:sneak_time":2668,"minecraft:jump":4248,"minecraft:total_world_time":645036,"minecraft:fall_one_cm":422,"minecraft:inspect_dispenser":14},"minecraft:used":{"webdisplays:linker":3,"supplementaries:cog_block":14,"minecraft:dirt_path":45,"theatricalextralights:sharplus":47,"theatricalextralights:moving_vl2c":3,"theatrical:led_panel":4,"theatrical:truss":526,"webdisplays:keyboard":3,"theatricalextralights:x8par_purple":1,"minecraft:redstone":68,"minecraft:oak_planks":306,"supplementaries:crystal_display":3,"minecraft:chest":2,"theatrical:moving_wash":13,"minecraft:spruce_planks":661,"minecraft:tinted_glass":136,"supplementaries:sconce_lever":1,"minecraft:redstone_block":142,"refurbished_furniture:orange_sofa":3,"theatrical:led_fresnel":6,"supplementaries:slingshot":14,"theatricalextralights:moving500":3,"minecraft:dirt":3,"theatricalextralights:beam_7r":5,"theatricalextralights:moving_scan":50,"minecraft:tnt":20,"supplementaries:faucet":5,"supplementaries:bomb":42,"xercapaint:item_canvas_long":2,"refurbished_furniture:oak_light_ceiling_fan":1,"refurbished_furniture:pink_lamp":1,"theatrical:moving_light":52,"minecraft:black_concrete_powder":20,"theatricalextralights:strobe":35,"refurbished_furniture:computer":1,"minecraft:stripped_spruce_log":7,"netmusic:music_player":1,"netmusic:cd_burner":1,"refurbished_furniture:dark_oak_light_ceiling_fan":3,"minecraft:black_terracotta":5,"minecraft:black_wool":7,"refurbished_furniture:dark_electricity_generator":1,"supplementaries:relayer":9,"minecraft:lever":17,"webdisplays:rctrl":1,"refurbished_furniture:black_lamp":1,"theatricalextralights:followspot":37,"minecraft:black_concrete":560,"supplementaries:bellows":6,"theatrical:tank_trap":5,"minecraft:command_block":5,"theatricalextralights:par1000_white":1,"minecraft:grass_block":203,"minecraft:oak_stairs":23,"minecraft:oak_button":2,"webdisplays:server":30,"theatricalextralights:atomictilt":32,"webdisplays:redctrl":72,"net_music_list:ender_music_player":3,"refurbished_furniture:spruce_table":11,"theatricalextralights:blinder_warm":1,"supplementaries:cannon":1,"xercapaint:item_canvas_large":4,"refurbished_furniture:light_electricity_generator":15,"supplementaries:speaker_block":30,"supplementaries:bomb_blue":85,"minecraft:light_gray_wool":39,"minecraft:repeater":12,"net_music_list:music_list":1,"theatrical:pipe":16,"refurbished_furniture:workbench":3,"theatrical:redstone_interface":13,"refurbished_furniture:black_bath":8,"netmusic:computer":2,"webdisplays:screen":26,"theatrical:basic_lighting_desk":26,"minecraft:splash_potion":188,"minecraft:birch_stairs":1},"minecraft:picked_up":{"minecraft:splash_potion":1,"supplementaries:bomb_blue":128,"webdisplays:craftcomp_peripheral":1,"webdisplays:server":1,"webdisplays:upgrade_gps":1,"minecraft:spruce_planks":1,"minecraft:coal_block":64,"minecraft:chest":1,"minecraft:oak_planks":1,"webdisplays:craftcomp_batpack":1,"xercapaint:item_canvas_large":3,"xercapaint:item_palette":1,"netmusic:music_cd":19,"minecraft:redstone":134,"xercapaint:item_canvas_long":1,"minecraft:command_block":5,"webdisplays:laserpointer":1,"theatrical:truss":65,"minecraft:oak_button":1},"minecraft:dropped":{"webdisplays:laserpointer":2,"netmusic:music_cd":1,"webdisplays:craftcomp_batpack":2,"webdisplays:upgrade_gps":2,"xercapaint:item_canvas_long":1,"webdisplays:server":1,"theatrical:truss":65,"minecraft:spruce_planks":1,"refurbished_furniture:meatlovers_pizza_slice":1,"supplementaries:bomb_blue":256,"refurbished_furniture:knife":1,"webdisplays:craftcomp_peripheral":2,"minecraft:splash_potion":1,"net_music_list:manual":1,"minecraft:redstone":64},"minecraft:killed":{"minecraft:iron_golem":1,"minecraft:villager":8}},"DataVersion":3465}