{"stats":{"minecraft:dropped":{"theatricalextralights:moving_vl6":1,"minecraft:gray_stained_glass_pane":1,"net_music_list:music_list":1,"minecraft:stick":1},"minecraft:picked_up":{"theatrical:configuration_card":1,"xercapaint:item_canvas":2,"yuushya:white_windows_0":1,"yuushya:oak_windows_0":1,"minecraft:coal_block":62,"minecraft:stick":1,"net_music_list:music_list":3,"netmusic:music_cd":1,"minecraft:gray_stained_glass_pane":1,"xercapaint:item_canvas_long":1,"minecraft:polished_diorite":1},"minecraft:custom":{"minecraft:open_shulker_box":6,"minecraft:leave_game":9,"minecraft:time_since_death":1533294,"minecraft:time_since_rest":1533294,"minecraft:sprint_one_cm":24129,"minecraft:walk_one_cm":988396,"minecraft:drop":4,"minecraft:fly_one_cm":6271928,"minecraft:open_chest":18,"minecraft:crouch_one_cm":408,"minecraft:play_time":1533294,"minecraft:sneak_time":10992,"minecraft:walk_under_water_one_cm":1345,"minecraft:jump":1132,"minecraft:walk_on_water_one_cm":399,"minecraft:total_world_time":1533294,"minecraft:inspect_dispenser":46},"minecraft:used":{"webdisplays:linker":4,"theatricalextralights:x8par_warm":1,"yuushya:tall_work_light":1,"minecraft:end_rod":33,"minecraft:iron_bars":38,"theatrical:truss":1058,"minecraft:smooth_quartz_slab":119,"minecraft:polished_andesite":655,"minecraft:oak_planks":12,"theatricalextralights:washlight":64,"minecraft:oak_sign":4,"minecraft:polished_diorite_slab":2,"theatrical:moving_wash":1,"minecraft:spruce_planks":159,"minecraft:chest":7,"minecraft:tinted_glass":16,"minecraft:stone":82,"refurbished_furniture:orange_sofa":6,"theatricalextralights:laser":8,"theatricalextralights:moving_vl6":15,"minecraft:smooth_quartz_stairs":218,"theatricalextralights:a2x2par64_white":3,"theatricalextralights:beam_7r":17,"minecraft:rail":16,"theatricalextralights:truss_3lights":4,"theatricalextralights:mac_vip":4,"minecraft:gray_concrete":588,"theatricalextralights:rgb_bar":2,"school:outdoorspeakers":1,"theatricalextralights:strobe":1,"minecraft:stripped_spruce_log":59,"minecraft:polished_diorite":198,"minecraft:sticky_piston":1,"minecraft:glass":168,"yuushya:oak_windows_0":2,"theatricalextralights:a2x2par64_blue":2,"minecraft:dark_oak_planks":103,"minecraft:lever":10,"minecraft:sea_lantern":215,"minecraft:daylight_detector":5,"theatricalextralights:par1000_white":1,"minecraft:gray_stained_glass_pane":455,"minecraft:command_block":4,"minecraft:lantern":7,"minecraft:grass_block":15,"minecraft:brown_stained_glass":118,"minecraft:polished_andesite_stairs":7,"minecraft:stone_button":4,"minecraft:smooth_quartz":366,"refurbished_furniture:spruce_table":3,"minecraft:iron_door":3,"minecraft:diorite_wall":12,"minecraft:polished_andesite_slab":287,"minecraft:brown_stained_glass_pane":25,"net_music_list:music_list":3,"theatrical:pipe":17,"minecraft:iron_trapdoor":4,"theatrical:redstone_interface":16,"minecraft:chain":3,"minecraft:glass_pane":115,"minecraft:smooth_stone_slab":145,"minecraft:white_concrete":896,"minecraft:gray_wool":359,"webdisplays:screencfg":3,"webdisplays:screen":291,"minecraft:smooth_stone":143,"theatrical:basic_lighting_desk":13}},"DataVersion":3465}