{"stats":{"minecraft:dropped":{"xercapaint:item_canvas":4,"minecraft:lime_shulker_box":1,"school:desk":1,"minecraft:bedrock":1,"school:chalk_rf":2,"yuushya:voltage_transformer":1,"minecraft:red_shulker_box":1,"minecraft:dirt":2,"refurbished_furniture:wrench":1,"minecraft:stone_button":1,"school:tabletennistable":1,"yuushya:office_chair_decorative_orange_wool":1,"minecraft:writable_book":2,"webdisplays:upgrade_lasermouse":1,"minecraft:lever":1,"xercapaint:item_easel":3,"minecraft:netherite_sword":1,"webdisplays:craftcomp_extcard":1,"school:itmusthavebeen_optifinetodoit":2,"xercapaint:item_canvas_large":4,"minecraft:trident":1,"minecraft:ladder":9,"yuushya:power_distributor":1,"yuushya:oak_windows_0":1,"brewery:whiskey_highland_hearth":1,"school:blackconcretestair":2,"minecraft:scaffolding":128,"school:fluorescentlamps":2,"minecraft:firework_rocket":1066,"webdisplays:minepad":2,"minecraft:orange_shulker_box":1,"webdisplays:ownerthief":1,"yuushya:head_bucket":1,"netmusic:music_cd":20,"yuushya:audio_large_a_black_blindwall":1,"net_music_list:music_list":1,"yuushya:sleeping_ragdoll":1,"yuushya:toilet":1,"yuushya:white_windows_0":1,"theatrical:configuration_card":1,"minecraft:command_block":2,"minecraft:chiseled_bookshelf":1,"minecraft:coal_block":126,"minecraft:stick":2,"school:strip_chandelier":1,"yuushya:basketball_hoop_head":1,"school:recalsoom":1,"school:top_lamp":1,"minecraft:yellow_shulker_box":1,"xercapaint:item_palette":3,"minecraft:redstone_block":1,"school:black_board_light":1,"webdisplays:craftcomp_batpack":1,"school:ferule":1,"school:glass_door":1,"yuushya:butterfly":3,"minecraft:slime_block":1,"school:pcw_10":3,"minecraft:stone":1,"candlelight:cooking_pan":11,"minecraft:stone_pressure_plate":1,"minecraft:stone_bricks":1},"minecraft:killed":{"minecraft:wandering_trader":6},"minecraft:picked_up":{"yuushya:cctv_camera":1,"minecraft:redstone_block":2,"yuushya:basketball_hoop_head":1,"brewery:whiskey_ak":1,"chinacraft:high_mountains_and_running_water":1,"minecraft:oak_sign":2,"webdisplays:craftcomp_extcard":2,"netmusic:music_player":2,"minecraft:written_book":9,"minecraft:coal_block":503,"webdisplays:screen":2,"minecraft:stick":4,"minecraft:orange_shulker_box":7,"net_music_list:music_list":1,"chinacraft:ambush_on_all_sides":1,"refurbished_furniture:doorbell":1,"minecraft:quartz_block":23,"minecraft:command_block":2,"minecraft:end_rod":2,"yuushya:voltage_transformer":1,"minecraft:blaze_powder":576,"minecraft:barrier":1,"school:strip_chandelier":1,"school:black_board_light":1,"net_music_list:manual":1,"yuushya:acacia_tall_door":1,"school:fluorescentlamps":1,"brewery:beer_hops":1,"webdisplays:craftcomp_batpack":1,"refurbished_furniture:knife":1,"minecraft:diamond_block":640,"xercapaint:item_canvas_long":4,"minecraft:sugar":576,"minecraft:slime_block":1,"minecraft:writable_book":1,"minecraft:lever":4,"webdisplays:minepad":1,"webdisplays:rctrl":2,"webdisplays:ownerthief":1,"school:pcw_10":2,"minecraft:ladder":10,"chinacraft:stone_lantern":1,"school:blackconcretestair":1,"minecraft:salmon_spawn_egg":1,"school:tabletennistable":2,"brewery:whiskey_cristelwalker":1,"xercapaint:item_easel":1,"minecraft:trident":1,"minecraft:stone_pressure_plate":1,"minecraft:tnt":65,"refurbished_furniture:meatlovers_pizza_slice":1,"yuushya:traffic_sign_16":1,"school:recalsoom":1,"brewery:beer_nettle":3,"minecraft:yellow_shulker_box":9,"candlelight:cooking_pan":6,"minecraft:gunpowder":256,"brewery:beer_wheat":1,"school:chalk_rf":1,"minecraft:paper":2,"xercapaint:item_canvas":18,"minecraft:stone_bricks":2,"minecraft:scaffolding":1718,"yuushya:butterfly":2,"webdisplays:screencfg":2,"xercapaint:item_canvas_large":18,"webdisplays:upgrade_lasermouse":1,"netmusic:music_cd":226,"minecraft:sea_lantern":2,"minecraft:firework_rocket":2002,"yuushya:power_distributor":1,"webdisplays:linker":2,"webdisplays:laserpointer":3,"theatrical:truss":1,"minecraft:cherry_sapling":2},"minecraft:custom":{"minecraft:interact_with_crafting_table":24,"minecraft:open_shulker_box":193,"minecraft:leave_game":28,"minecraft:time_since_death":1236232,"minecraft:sprint_one_cm":3890565,"minecraft:drop":140,"minecraft:play_time":3410306,"minecraft:deaths":3,"minecraft:jump":25724,"minecraft:walk_on_water_one_cm":10453,"minecraft:play_record":3,"minecraft:damage_dealt":1200,"minecraft:crouch_one_cm":109454,"minecraft:use_cauldron":15,"minecraft:inspect_dispenser":75,"minecraft:mob_kills":6,"minecraft:inspect_hopper":24,"minecraft:climb_one_cm":20664,"minecraft:walk_one_cm":4098894,"minecraft:sneak_time":82981,"minecraft:walk_under_water_one_cm":2764,"minecraft:total_world_time":3410306,"minecraft:interact_with_stonecutter":13,"minecraft:time_since_rest":1236300,"minecraft:damage_taken":940,"minecraft:swim_one_cm":2412,"minecraft:fly_one_cm":21136890,"minecraft:open_chest":51,"minecraft:fall_one_cm":31236},"minecraft:used":{"school:ac_out":2,"school:pcw_10":31,"minecraft:writable_book":2,"school:windowairconditionergreenwindow":1,"theatricalextralights:moving_vl2c":1,"refurbished_furniture:light_gray_sofa":2,"yuushya:a_light_gray_blindwall":3,"minecraft:dispenser":83,"minecraft:oak_sign":3,"minecraft:ladder":27,"yuushya:ceiling_cctv_camera":144,"school:outdoorslidingdoors_1":35,"xercapaint:item_easel":36,"yuushya:switch_":1,"minecraft:chest":2,"yuushya:basketball_net":1,"minecraft:stone":3,"chinacraft:marble_wall":2,"yuushya:fire_extinguisher":3,"minecraft:quartz_stairs":390,"school:tabletennistable":113,"school:outdoorslidingdoors":3,"school:desk":36,"yuushya:work_light":2,"theatricalextralights:laser":3,"school:ubuntu_seewo":3,"yuushya:electric_piano":3,"yuushya:high_poster":1,"refurbished_furniture:doorbell":32,"minecraft:debug_stick":46,"school:ac_large_out":1,"yuushya:plain_gift_box":3,"yuushya:wheel":2,"yuushya:road_marking_arrow_forward":3,"yuushya:mounted_tv":1,"school:canteeninsulatedtable":1,"school:toiletdoors":9,"refurbished_furniture:white_sofa":1,"school:slidingwindows_blue":1,"yuushya:road_light":1,"yuushya:sign_24":1,"yuushya:piled_magazine":2,"school:main_unit":4,"yuushya:office_chair":1,"school:toiletdoors_mi":12,"school:pushandpullchalkboard_1":6,"school:pushandpullchalkboard_3":6,"yuushya:tree_base":4,"minecraft:stripped_spruce_log":44,"chinacraft:wood_window7":5,"yuushya:oak_windows_0":140,"yuushya:road_marking_3":3,"minecraft:glass":2,"theatricalextralights:followspot":1,"minecraft:honeycomb":99,"school:mobileblack":2,"school:spacewalker":1,"refurbished_furniture:oak_basin":6,"minecraft:quartz_slab":105,"minecraft:grass_block":1766,"yuushya:truck_chassis_wheel":4,"yuushya:bicycle_cyan_wool":24,"minecraft:birch_sapling":1,"refurbished_furniture:brown_sofa":1,"minecraft:quartz_block":9846,"yuushya:coffee_machine":2,"minecraft:orange_shulker_box":7,"yuushya:telephone_0":1,"webdisplays:server":2,"yuushya:piano_orange_concrete":1,"yuushya:sign_2":1,"minecraft:stone_brick_stairs":13,"yuushya:vinyl_record_player":1,"minecraft:stone_bricks":524,"minecraft:item_frame":4,"yuushya:white_windows_corner_1":14,"minecraft:bedrock":20,"yuushya:ramp_marking_yellow_3":2,"school:dvbcable":2,"minecraft:repeater":8,"theatrical:pipe":3,"minecraft:written_book":29,"yuushya:air_conditioner":2,"school:school_bell_controller":3,"minecraft:oak_sapling":1,"yuushya:road_marking_7":2,"yuushya:truck_wheels":1,"school:pushandpullchalkboard_2":2,"yuushya:mounted_tv_online":6,"yuushya:form_trans_item":28,"school:student_milk":1,"refurbished_furniture:yellow_sofa":1,"yuushya:oak_windows_door_slide":14,"yuushya:sign_25":1,"yuushya:vending_machine_blue_v":2,"school:pcwxp":2,"school:mobile_red_flags":2,"theatrical:basic_lighting_desk":4,"refurbished_furniture:oak_table":19,"minecraft:dark_oak_sapling":1,"theatricalextralights:x8par_red":8,"yuushya:office_chair_decorative_orange_wool":8,"school:classcard_2":1,"webdisplays:ownerthief":4,"minecraft:end_rod":16,"yuushya:power_house":4,"yuushya:public_toilet_sign":13,"theatrical:truss":773,"yuushya:normal_truck":1,"theatricalextralights:moving_beam":1,"yuushya:menu":2,"yuushya:electric_motorcycle":5,"school:blacktallwall":10,"minecraft:oak_planks":81,"yuushya:button_sign_coin":1,"yuushya:piano_white_concrete":2,"yuushya:pigment_bucket":26,"minecraft:redstone_block":69,"yuushya:hanzi_banner_11":2,"yuushya:piano_light_gray_concrete":3,"minecraft:white_wool":112,"school:classroomdoors":6,"school:pcmc":10,"yuushya:unlocked_safe":1,"school:waterdispenser":23,"minecraft:sand":415,"yuushya:chair_yellow_concrete":25,"yuushya:side_slab":1,"yuushya:frying_pan":1,"school:classroom_iron_door":75,"yuushya:crash_barrel":2,"yuushya:truck_chassis_end":2,"school:squattingurinal":23,"yuushya:audio_large_birch_planks":16,"theatrical:moving_light":4,"yuushya:chalk_box":2,"school:laptop":8,"school:broadcastcrew":11,"yuushya:toilet":3,"school:windowairconditionerbluewindow":3,"yuushya:public_toilet_sign_woman":2,"refurbished_furniture:computer":8,"school:circularairconditioning":4,"school:seewo":2,"school:tall_wall":5,"minecraft:redstone_torch":4,"minecraft:sticky_piston":2,"school:pcw_7":1,"yuushya:white_windows_0":199,"yuushya:truck_head_red":7,"minecraft:lever":59,"minecraft:black_concrete":24,"theatrical:tank_trap":4,"minecraft:firework_rocket":672,"yuushya:rusty_power_house":1,"yuushya:cctv_camera":10,"yuushya:safe":1,"yuushya:power_distributor":10,"school:smart_brand":2,"minecraft:barrier":244,"minecraft:stone_button":15,"yuushya:park_stool_light_gray_concrete":2,"yuushya:strip_light":5,"school:canteenkitchenstove":1,"net_music_list:ender_music_player":7,"refurbished_furniture:spruce_table":10,"minecraft:iron_door":10,"chinacraft:stone_lantern":3,"yuushya:half_side_slab_birch_planks":4,"school:screen":6,"school:pushandpullchalkboard_4":1,"yuushya:phone_a_gray_blindwall":2,"school:smallslidingwindow_blue":3,"school:highspeedrailrailings":320,"minecraft:birch_log":1,"minecraft:stripped_oak_wood":1,"yuushya:glass_showcase":2,"yuushya:basketball_hoop_head":3,"yuushya:modern_lamp_1":61,"theatrical:redstone_interface":5,"yuushya:ramp_marking_yellow_1":1,"minecraft:chain":5,"school:recalsoom":3,"yuushya:beverage_drawer":1,"yuushya:sorted_magazine":1,"minecraft:white_concrete":2,"minecraft:bone_meal":15,"minecraft:oak_hanging_sign":65,"school:alcohol_lamp":1,"school:blackconcretestair":357,"yuushya:sign_23":1,"minecraft:azalea":1,"minecraft:oak_fence":14,"refurbished_furniture:oak_bath":2,"minecraft:netherite_sword":14,"school:podium":14,"minecraft:iron_bars":489,"yuushya:button_sign_like":1,"minecraft:flint_and_steel":34,"minecraft:armor_stand":2,"minecraft:redstone":10,"yuushya:scroll_door_0":2,"yuushya:iron_tall_door":1,"minecraft:spruce_planks":52,"minecraft:tinted_glass":9,"yuushya:recycle_bin_1":9,"refurbished_furniture:orange_sofa":15,"school:printer":13,"yuushya:big_sakura":1,"yuushya:chair_light_blue_concrete":3,"yuushya:ceiling_fan":72,"yuushya:oak_windows_door":3,"school:acina":30,"school:loudspeaker":12,"yuushya:recycle_bin_0":2,"school:black_board_light":11,"minecraft:dirt":253,"school:laboratoryexhausthood_2_x_2":1,"yuushya:embbed_dark_bricks":4,"minecraft:hopper":8,"school:chair":14,"minecraft:spruce_stairs":24,"minecraft:cobblestone_wall":5,"refurbished_furniture:television":12,"school:activeopticalaccessdevices":2,"school:outdoorspeakers":17,"yuushya:meshed_air_conditioning_condenser":65,"netmusic:music_player":19,"school:classcard":4,"minecraft:stone_brick_slab":12,"school:certificate_of_merit":4,"minecraft:dark_oak_planks":322,"minecraft:red_shulker_box":2,"refurbished_furniture:dark_oak_desk":2,"school:billboards":6,"school:white_board":2,"webdisplays:rctrl":23,"minecraft:sea_lantern":446,"school:orangemusicchair":1,"yuushya:phone":1,"yuushya:tall_safe":1,"minecraft:bookshelf":362,"school:easicamera":1,"yuushya:sea_salt_tea":1,"minecraft:oak_stairs":1,"minecraft:slime_block":1,"yuushya:half_side_slab_smooth_marble":34,"school:seewo_bsod":15,"minecraft:birch_hanging_sign":2,"school:nocrttv":3,"school:studyhard":1,"yuushya:exit_sign_sym":3,"yuushya:bicycle_stop":1,"school:deskwithdesktopcomputer":12,"refurbished_furniture:light_blue_sofa":1,"refurbished_furniture:oak_desk":25,"school:pcdelk":34,"school:extralargeslidingwindows_blue":54,"school:itmusthavebeen_optifinetodoit":35,"yuushya:air_conditioner_floor":1,"minecraft:black_stained_glass":28,"school:strip_chandelier":34,"chinacraft:ambush_on_all_sides":1,"minecraft:iron_trapdoor":7,"school:laboratory_sugar":10,"minecraft:salmon_spawn_egg":2,"yuushya:truck_chassis_outer":14,"school:dtmbdvbt":1,"minecraft:stone_pressure_plate":2,"yuushya:call_bell":2,"farm_and_charm:chicken_coop":1,"yuushya:black_windows_door":2,"webdisplays:screencfg":165,"minecraft:observer":9,"school:visualacuitychart":3,"school:laboratory_chair":39,"webdisplays:linker":75,"minecraft:chiseled_bookshelf":6,"yuushya:tall_work_light":1,"yuushya:chair":2,"yuushya:exit_sign":2,"xercapaint:item_canvas":52,"theatrical:led_panel":3,"school:classcard_3":2,"webdisplays:keyboard":5,"yuushya:black_windows_door_slide":3,"school:seewo_on":3,"school:old_pc":1,"minecraft:glass_bottle":2,"yuushya:large_water_bottle":2,"minecraft:yellow_shulker_box":11,"school:schooltables":11,"school:laboratory_pool":13,"school:notv":12,"yuushya:traffic_sign_16":7,"school:books":4,"minecraft:cauldron":7,"yuushya:side_slab_birch_planks":3,"yuushya:voltage_transformer":6,"school:balance":2,"brewery:beer_wheat":40,"theatrical:led_fresnel":3,"school:blacktallwallcorner":2,"yuushya:car_white_part_a":8,"yuushya:white_windows_corner_0":3,"refurbished_furniture:lime_sofa":2,"school:old_pc_gslc":4,"yuushya:road_marking_0":4,"yuushya:air_conditioning_condenser":30,"minecraft:oak_slab":19,"school:smallslidingwindow_green":19,"minecraft:crafting_table":1,"school:canteenkitchencountertop":1,"chinacraft:lantern_festival_lanterns":6,"school:fu":3,"minecraft:birch_sign":40,"school:satellitetelevision":2,"chinacraft:high_mountains_and_running_water":1,"yuushya:button_sign_dislike":1,"yuushya:ramp_marking_yellow_4":3,"minecraft:lime_shulker_box":2,"school:largeslidingwindow":14,"brewery:beer_nettle":4,"school:spring_festival_couplets":2,"minecraft:book":1,"yuushya:piano":3,"yuushya:sign_20":1,"netmusic:cd_burner":4,"yuushya:ramp_1":1,"yuushya:big_poster":2,"minecraft:oak_log":3,"school:slantaircondition":18,"refurbished_furniture:dark_electricity_generator":14,"minecraft:piston":1,"minecraft:netherite_block":48,"theatricalextralights:a2x2par64_red":5,"minecraft:light":32,"minecraft:black_wool":298,"minecraft:command_block":32,"yuushya:wire":5,"farm_and_charm:beetroot_bag":1,"yuushya:water_dispenser":2,"minecraft:map":5,"school:pc":4,"webdisplays:redctrl":5,"school:black_board":4,"yuushya:monobloc":70,"school:radiator":1,"school:extralargeslidingwindows_green":2,"xercapaint:item_canvas_large":108,"school:offs_network":1,"yuushya:car_white_part_b":11,"minecraft:spruce_sapling":4,"yuushya:traffic_lights_0":1,"brewery:whiskey_ak":1,"school:laboratoryexhausthood":10,"yuushya:books":2,"minecraft:enchanted_book":7,"minecraft:fishing_rod":1,"school:laboratory_desk":26,"yuushya:wore_lime_wall":2,"minecraft:potion":13,"yuushya:laptop":2,"refurbished_furniture:dark_oak_drawer":1,"yuushya:jack":23,"yuushya:half_side_slab":1,"school:student_meal":1,"school:fm_radio":5,"school:acin_b":4,"yuushya:button_sign_star":1,"yuushya:truck_chassis_basic":14,"refurbished_furniture:oak_drawer":14,"school:projector":1,"minecraft:glass_pane":5,"minecraft:stripped_oak_log":2,"yuushya:desk_lamp_0":2,"refurbished_furniture:jungle_crate":1,"school:laboratory_cabinet":26,"school:fluorescentlamps":129,"school:largeglassslidingwindowsblack":1,"minecraft:gray_wool":38,"school:codeforstudents":7,"refurbished_furniture:oak_chair":3,"webdisplays:screen":4014,"minecraft:jukebox":2,"minecraft:splash_potion":1,"yuushya:framed_bricks":4},"minecraft:crafted":{"yuushya:side_slab_birch_planks":1,"yuushya:chair_light_blue_concrete":1,"yuushya:piano_orange_concrete":1,"yuushya:phone_a_gray_blindwall":1,"yuushya:half_side_slab_birch_planks":1,"yuushya:piano_white_concrete":1,"yuushya:half_side_slab_smooth_marble":1,"yuushya:audio_large_birch_planks":1,"minecraft:firework_star":1088,"yuushya:chair_yellow_concrete":1,"yuushya:audio_large_a_black_blindwall":1,"yuushya:office_chair_decorative_orange_wool":1,"yuushya:piano_light_gray_concrete":1,"minecraft:firework_rocket":3072}},"DataVersion":3465}