{"stats":{"minecraft:used":{"theatricalextralights:mac_vip":4,"minecraft:oak_planks":4,"theatricalextralights:a2x2par64_blue":2,"theatricalextralights:x8par_warm":1,"theatricalextralights:rgb_bar":2,"theatrical:pipe":4,"theatrical:truss":228,"theatricalextralights:strobe":1,"supplementaries:speaker_block":57,"theatrical:basic_lighting_desk":8,"theatricalextralights:washlight":4,"theatricalextralights:laser":3},"minecraft:custom":{"minecraft:jump":61,"minecraft:time_since_rest":84108,"minecraft:crouch_one_cm":4,"minecraft:leave_game":1,"minecraft:play_time":84108,"minecraft:sprint_one_cm":160,"minecraft:time_since_death":84108,"minecraft:walk_one_cm":42068,"minecraft:sneak_time":993,"minecraft:total_world_time":84108,"minecraft:fly_one_cm":317594},"minecraft:picked_up":{"theatrical:configuration_card":1}},"DataVersion":3465}